id_original,nombre,categoria,categoria_subid,precio_base,precio_oferta,moneda,retailer_item_id,item_group_id,marca,origen,descripcion,stock,agotado,colores,tallas,imagenes,url_original,scraped_at
9,Flare Pants Chompero,Pantalones,6,50.0,,PEN,9PAN46810-MEDIUM,9,Basic 21 Perú,barrido,"Comodidad + estilo en uno solo. Con un fit que estiliza y una tela súper suave, estos flare son perfectos para tu día a día. Lúcelos con zapatillas o botines, ¡van con todo!",,,Verde Pistacho (119) | Marrón (120) | Azul (271) | Negro (272) | Blanco (273),32 | 34,https://euchelperu.com/images/productos/175693478151148691237238.jpg,https://euchelperu.com/producto.php?id=9,2026-09-17T21:41:58Z
16,Top Karol,Tops,3,35.0,,PEN,16TOP534933,16,Basic 21 Perú,barrido,Top con escote pronunciado que deja el pecho sexy y a la vista: diseño sensual y atrevido para lucir con actitud.,,,Rojo (31),Standard,https://euchelperu.com/images/productos/175997671979939134147281.jpg,https://euchelperu.com/producto.php?id=16,2026-09-17T21:42:02Z
22,Chompa Qata manga larga,Tops,3,29.0,,PEN,22CHO25167,22,Basic 21 Perú,barrido,"Este top combina la ligereza del tejido con un diseño clásico y elegante. Cuenta con botones frontales que añaden un toque de distinción. Ideal para ocasiones casuales, salidas diarias o eventos donde desees lucir un estilo relajado pero cuidado.",,,Celeste (53),Standard,https://euchelperu.com/images/productos/175997691126879349171172.jpg,https://euchelperu.com/producto.php?id=22,2026-09-17T21:42:05Z
24,Pantalón Jean Baggy,Pantalones,6,95.0,,PEN,24PAN70963-26,24,Basic 21 Perú,barrido,Relájate sin perder estilo con este jean baggy que ofrece libertad de movimiento y comodidad todo el día.,,,tono 1 (62) | tono 2 (63) | tono 3 (64) | tono 4 (65) | tono 5 (66),26 | 28 | 30 | 32 | 34,https://euchelperu.com/images/productos/175693555853876890651383.jpg | https://euchelperu.com/images/productos/175857058432062661746006.jpg | https://euchelperu.com/images/productos/17585706055267836793195.jpg,https://euchelperu.com/producto.php?id=24,2026-09-17T21:42:22Z
25,Pantalón Jean Wide Leg,Pantalones,6,95.0,,PEN,25PAN87577-26,25,Basic 21 Perú,categoria,"Un estilo fluido y sofisticado que combina elegancia y comodidad, ofrece movilidad sin restricciones y es ideal para cualquier ocasión, desde ocasiones formales hasta looks casuales.",,,tono 1 (67) | tono 2 (68) | tono 3 (69) | tono 4 (70) | tono 5 (1016),26 | 28 | 30 | 32 | 34,https://euchelperu.com/images/productos/17570951578701706379324.jpg | https://euchelperu.com/images/productos/175857042038314969160685.jpg | https://euchelperu.com/images/productos/17585704728878685344188.jpg | https://euchelperu.com/images/productos/17585862265985654392372.jpg | https://euchelperu.com/images/productos/17585862428100395698434.jpg,https://euchelperu.com/producto.php?id=25,2026-09-17T20:19:22Z
26,Pantalón Jean Flare,Pantalones,6,95.0,,PEN,26FLA83993-28,26,Basic 21 Perú,categoria,"El jean flare crea una silueta que alarga visualmente las piernas, combina estilo retro con un look refinado y contemporáneo.",,,tono 1 (71) | tono 2 (72),28 | 30 | 32 | 34,https://euchelperu.com/images/productos/175709732879665243188938.jpg | https://euchelperu.com/images/productos/175858673373738400749393.jpg | https://euchelperu.com/images/productos/175858670516744232052852.jpg,https://euchelperu.com/producto.php?id=26,2026-09-17T20:26:41Z
28,Pantalón Jean Wide Leg Vintage,Pantalones,6,95.0,,PEN,28PAN68871-24,28,Basic 21 Perú,categoria,"Este pantalón jean ofrece comodidad, libertad de movimiento y un estilo retro moderno que estiliza y alarga visualmente la figura.",,,Único (76),24 | 26 | 28 | 30 | 32 | 34,https://euchelperu.com/images/productos/175709222113467341082752.jpg,https://euchelperu.com/producto.php?id=28,2026-09-17T20:19:40Z
29,Pantalón Wide Reverse Nebula,Pantalones,6,95.0,,PEN,29REV26,29,Basic 21 Perú,categoria,"Este pantalón jean crea una figura alargada y relajada, también ofrece libertad de movimiento y comodidad. Perfecto para crear un estilo casual chic y actual.",,,Único (77),26 | 28 | 30 | 32 | 34,https://euchelperu.com/images/productos/175709183167430740737481.jpg,https://euchelperu.com/producto.php?id=29,2026-09-17T20:26:45Z
30,Pantalón Star Nebula,Pantalones,6,95.0,,PEN,30PAN93894,30,Basic 21 Perú,ambos,"Este pantalón jean c ombina comodidad y tendencia urbana con versatilidad, ideal tanto para looks chic y para outfits relajados. \n \n \n \n \n \n \n \n \n \n \n \n \n \n \n \n \n \n \n \n \n \n \n",,,Único (78),26 | 28 | 30 | 32 | 34,https://euchelperu.com/images/productos/175709217149237368457171.jpg,https://euchelperu.com/producto.php?id=30,2026-09-17T21:42:25Z
32,Pantalón Jean Wide Leg Cadera,Pantalones,6,95.0,,PEN,32PAN48235-26,32,Basic 21 Perú,ambos,"Este jean de tiro bajo y pierna ancha combina comodidad y estilo en una silueta moderna y relajada, perfecto para crear outfits con actitud, sin sacrificar libertad de movimiento ni personalidad.",,,tono 1 (81) | tono 2 (82) | tono 3 (83),26 | 28 | 30 | 32 | 34,https://euchelperu.com/images/productos/17569358036643519880675.jpg | https://euchelperu.com/images/productos/175857160051120162592182.jpg | https://euchelperu.com/images/productos/175858644723297838148653.jpg,https://euchelperu.com/producto.php?id=32,2026-09-17T21:42:35Z
33,Pantalón cadera Ivanna,Pantalones,6,95.0,,PEN,33PAN99135-26,33,Basic 21 Perú,ambos,"Destaca tu estilo con este jean, un color terroso y moderno que aporta personalidad y calidez al look.",,,1 (84) | 2 (85),26 | 28 | 30 | 32 | 34,https://euchelperu.com/images/productos/175709202608687840388511.jpg,https://euchelperu.com/producto.php?id=33,2026-09-17T21:42:42Z
35,Pantalon Jean Cadera Culotte,Pantalones,6,95.0,,PEN,35PAN57398-24,35,Basic 21 Perú,ambos,"‍Destaca tu look con este jean perfecto para quienes buscan impactar con una pieza llena de personalidad, aporta ese híbrido perfecto entre comodidad y presencia visual.",,,tono 1 (89) | tono 2 (90),24 | 26 | 28 | 30 | 32 | 34,https://euchelperu.com/images/productos/175693561964049418742118.jpg | https://euchelperu.com/images/productos/17585706423129011242831.jpg,https://euchelperu.com/producto.php?id=35,2026-09-17T21:42:49Z
36,Pantalón Jean Skater,Pantalones,6,95.0,,PEN,36PAN75638,36,Basic 21 Perú,ambos,"Hechos para moverse con estilo y comodidad, estos jeans skater combinan silueta amplia con una estética urbana sin esfuerzo.",,,tono 1 (91) | tono 2 (92) | tono 3 (93),26 | 28 | 30 | 32 | 34,https://euchelperu.com/images/productos/17570954578316332384279.jpg,https://euchelperu.com/producto.php?id=36,2026-09-17T21:42:59Z
37,Wide Leg Jean Verdoso,Pantalones,6,79.0,,PEN,37PWLV78,37,Basic 21 Perú,ambos,"Este pantalón jean permite una silueta fluida y relajada, perfecta para quienes buscan comodidad con carácter.",,,Único (94),26 | 28 | 30 | 32 | 34,https://euchelperu.com/images/productos/175709114494293316721051.jpg,https://euchelperu.com/producto.php?id=37,2026-09-17T21:43:02Z
40,Pantalón Sastre Franja,Pantalones,6,75.0,,PEN,401037-Small,40,Basic 21 Perú,barrido,"Redescubre la elegancia con nuestro pantalón sastre franja que estiliza y da personalidad. Perfecto para oficina, eventos o un look casual-chic.",,,Blanco (146),S | M | L,https://euchelperu.com/images/productos/175717575891346779687659.jpg,https://euchelperu.com/producto.php?id=40,2026-09-17T21:43:05Z
41,Palazzo Pinzas Loma,Pantalones,6,,,PEN,41,41,Basic 21 Perú,barrido,"Descubre el pantalón palazzo loma con pinzas, de tiro alto y corte fluido, con múltiples pinzas que realzan la figura, es la opción ideal para un look sofisticado sin esfuerzo.",,,Blanco (2078),,https://euchelperu.com/images/productos/17654679248588417110408.jpg,https://euchelperu.com/producto.php?id=41,2026-09-17T21:43:09Z
42,Pantalón Klein Box,Pantalones,6,85.0,,PEN,42PAN24273,42,Basic 21 Perú,barrido,Este pantalón realza la figura y es perfecto para un look profesional o casual-chic con estilo y comodidad durante todo el día.,,,Beige (107) | Gris Claro (108) | Gris Oscuro (109) | Negro (110),S | M | L,https://euchelperu.com/images/productos/175693567828185823164760.jpg,https://euchelperu.com/producto.php?id=42,2026-09-17T21:43:22Z
43,Pantalón sastre con correa,Pantalones,6,85.0,,PEN,43PAN66575,43,Basic 21 Perú,barrido,"Pantalón tipo sastre de corte recto, tiro alto y correa a juego. Incluye bolsillos laterales y su diseño clásico en varios tonos facilita combinaciones elegantes y versátiles.",,,Beige (111),S | M | L,https://euchelperu.com/images/productos/175709720489462462541734.jpg,https://euchelperu.com/producto.php?id=43,2026-09-17T21:43:26Z
46,Flare polar Valeria,Pantalones,6,65.0,,PEN,46FLA94619-SMALL,46,Basic 21 Perú,barrido,"Ajustado a la cintura y caderas, se ensancha desde la rodilla para una silueta que estiliza y alarga las piernas, perfectos para uso diario o actividades al aire libre.",,,Plomo (124) | Negro (125) | Perla (126) | Beige (127) | Marrón (128),SMALL | MEDIUM,https://euchelperu.com/images/productos/17570096152844426392961.jpg,https://euchelperu.com/producto.php?id=46,2026-09-17T21:43:42Z
47,Flare Lady,Pantalones,6,29.0,,PEN,47FLA80772,47,Basic 21 Perú,barrido,"Perfecto para looks desenfadados con botas o tacones, y chaquetas de cuero, suéteres o blazers oversize. Un básico con personalidad, ideal para llevar el estilo retro renovado con un toque urbano.",,,Piel (893),Standard,https://euchelperu.com/images/productos/17625581363793998615378.jpg,https://euchelperu.com/producto.php?id=47,2026-09-17T21:43:46Z
48,Jass Buzo,Pantalones,6,50.0,,PEN,48PAN23867,48,Basic 21 Perú,barrido,"Ideal para looks urbanos o versátiles: combina con sudadera, cazadora casual o camiseta básica. Esencial en cualquier armario moderno.",,,Plomo (132),Standard,https://euchelperu.com/images/productos/176305645781674424554760.jpg,https://euchelperu.com/producto.php?id=48,2026-09-17T21:43:49Z
49,Falda Cadera Sastre,Faldas,7,55.0,,PEN,49FAL09065-XS,49,Basic 21 Perú,ambos,"Una falda corta diseñada para lucirse justo sobre la cadera, brinda máxima versatilidad para tus outfits del día y la noche.",,,Blanco (136) | Negro (137) | Plomo (138),XS | S | M | L,https://euchelperu.com/images/productos/175718194945704269761592.jpg,https://euchelperu.com/producto.php?id=49,2026-09-17T21:43:59Z
51,Falda Cadera Loma,Faldas,7,55.0,,PEN,51FAL90106-Standard,51,Basic 21 Perú,ambos,"La falda básica a la cadera es esencial en nuestro armario porque es versátil, cómoda y perfecta para cualquier ocasión. \n \n \n",,,Negro (143) | Blanco (144) | Plomo (145),Standard,https://euchelperu.com/images/productos/175693471644096413545906.jpg,https://euchelperu.com/producto.php?id=51,2026-09-17T21:44:09Z
52,Falda Larga Basic,Faldas,7,35.0,,PEN,52FAL84630-Standard,52,Basic 21 Perú,barrido,"Falda larga básica, corte fluido y cintura elástica, ofrece versatilidad, comodidad y un estilo atemporal para cada temporada.",,,Negro (149) | Marrón (150) | Plomo (151) | Blanco (152),Standard,https://euchelperu.com/images/productos/175709067483694516456390.jpg,https://euchelperu.com/producto.php?id=52,2026-09-17T21:44:23Z
53,Vestido Cafarena,Vestidos,8,55.0,,PEN,53VES66323,53,Basic 21 Perú,barrido,"Vestido tejido en hilo ofrece un acabado suave, su corte ceñido al cuerpo realza la figura con un estilo sofisticado y natural.",,,Plomo (155),Standard,https://euchelperu.com/images/productos/175709078005037147871493.jpg,https://euchelperu.com/producto.php?id=53,2026-09-17T21:44:26Z
55,Vestido Tropical,Vestidos,8,59.0,,PEN,55VES12124,55,Basic 21 Perú,barrido,"Vestido largo tropical con corte fluido y estampado fresco, tu opción infalible para lucir veraniega y elegante.",,,Rosado (161) | Amarillo (162),Standard,https://euchelperu.com/images/productos/175700759696647425853734.jpg,https://euchelperu.com/producto.php?id=55,2026-09-17T21:44:33Z
56,Vestido Tarzán Tul,Vestidos,8,49.0,,PEN,56VES70355,56,Basic 21 Perú,barrido,"Diseñado para deslumbrar, este vestido combina la ligereza del tul con un corte asimétrico moderno, con detalles únicos como escote de un solo hombro y forro interior.",,,Fucsia (163),Standard,https://euchelperu.com/images/productos/175686278639088708181153.jpg,https://euchelperu.com/producto.php?id=56,2026-09-17T21:44:36Z
57,Vestido Anna,Vestidos,8,35.0,,PEN,57VES37859,57,Basic 21 Perú,barrido,"Deslumbra en cada paso con este vestido sofisticado. El diseño tiene una espalda descubierta que aporta sensualidad sin perder elegancia. Perfecto para cócteles, graduaciones o eventos nocturnos.",,,Anaranjado (164),Standard,https://euchelperu.com/images/productos/175686275192626731955983.jpg,https://euchelperu.com/producto.php?id=57,2026-09-17T21:44:39Z
58,Vestido Amanecer,Vestidos,8,59.0,,PEN,58VES13998,58,Basic 21 Perú,barrido,Deja que el verano te envuelva con este encantador vestido floral. Sus tirantes ajustables y escote favorecedor se combinan con un patrón vibrante de flores rosas sobre blanco. Este vestido te invita a moverte libre y con estilo.,,,Rosa (165),Standard,https://euchelperu.com/images/productos/175693633302451259317987.jpg,https://euchelperu.com/producto.php?id=58,2026-09-17T21:44:43Z
59,Vestido Pliegue Arcoíris,Vestidos,8,49.0,,PEN,59VES10586,59,Basic 21 Perú,barrido,"Sumérgete en el espíritu veraniego con este elegante vestido, adornado con un vibrante estampado tropical. Sus pliegues suaves en todo el diseño realzan la silueta sin esfuerzo, mientras el estampado aporta una dosis de frescura.",,,Arcoíris (166),Standard,https://euchelperu.com/images/productos/175685336678042677173724.jpg,https://euchelperu.com/producto.php?id=59,2026-09-17T21:44:48Z
63,Vestido Cuello Tortuga,Vestidos,8,75.0,,PEN,63VES22316,63,Basic 21 Perú,ambos,"Descubre nuestro vestido con escote drapeado y con una espalda sutilmente expuesta adornada con finos tirantes. Ideal para brillar en cada ocasión especial, este modelo combina romanticismo con un toque de modernidad refinada.",,,Verde Oscuro (170) | Blanco (846) | Negro (851) | Vino (2080),Standard,https://euchelperu.com/images/productos/175693638655053368674412.jpg | https://euchelperu.com/images/productos/17600494931878590808873.jpg | https://euchelperu.com/images/productos/176004951676193287243675.jpg | https://euchelperu.com/images/productos/176547279174635653252393.jpg,https://euchelperu.com/producto.php?id=63,2026-09-17T21:45:02Z
69,Vestido Jazmin Aro,Vestidos,8,75.0,,PEN,69VES50202,69,Basic 21 Perú,barrido,"Este vestido combina estructura y sensualidad con sus copas refinadas y un aro central metálico que define el escote con gracia, este vestido brinda comodidad y elegancia en cada paso. Perfecto para eventos formales, cenas de gala o celebraciones especiales.",,,Palo Rosa (194) | Negro (195) | Jade (200),Standard,https://euchelperu.com/images/productos/17570069580601713417901.jpg | https://euchelperu.com/images/productos/175857838131523390564704.jpg,https://euchelperu.com/producto.php?id=69,2026-09-17T21:45:42Z
73,Vestido Artemi Push Up,Vestidos,8,69.0,,PEN,73VES71677,73,Basic 21 Perú,barrido,"Este vestido representa un equilibrio perfecto entre estructura y sensualidad, destaca con sofisticación en cualquier evento, realzando las curvas femeninas con sutileza y diseño inteligente.",,,Blanco (205),Standard,https://euchelperu.com/images/productos/175694133731959694344592.jpg,https://euchelperu.com/producto.php?id=73,2026-09-17T21:45:45Z
74,Vestido Cuello Corrugado,Vestidos,8,69.0,,PEN,74VES19597,74,Basic 21 Perú,barrido,"\n \n \n \n \n \n \n \n \nEste vestido es perfecto para la mujer moderna que busca un diseño elegante con un detalle distintivo. El cuello corrugado marca la diferencia, ofreciendo una pieza con personalidad sin perder funcionalidad. \n \n \n \n \n \n \n \n \n \n \n \n \n \n \n \n \n \n \n \n",,,Moca (207) | Marrón (208) | Verde (209) | Negro (210),Standard,https://euchelperu.com/images/productos/17571200836944339891898.jpg,https://euchelperu.com/producto.php?id=74,2026-09-17T21:45:58Z
75,Vestido Manga Larga Espalda,Vestidos,8,75.0,,PEN,75VES30526,75,Basic 21 Perú,barrido,"Este vestido combina la elegancia de las mangas largas con la sensualidad de una espalda al aire, perfecto para deslumbrar con un balance ideal entre sofisticación y modernidad.",,,Marrón (212) | Jade (213) | Negro (214),Standard,https://euchelperu.com/images/productos/175708812754548147566478.jpg,https://euchelperu.com/producto.php?id=75,2026-09-17T21:46:07Z
76,Borda Vestido Escote,Vestidos,8,59.0,,PEN,76BOR40531,76,Basic 21 Perú,barrido,Este vestido tiene una espalda descubierta que deja una huella memorable. Diseño ideal para eventos o para robar miradas en cada paso.,,,Palo Rosa (215),Standard,https://euchelperu.com/images/productos/175708797634672979564164.jpg,https://euchelperu.com/producto.php?id=76,2026-09-17T21:46:10Z
78,Vestido Trenzado Abertura Posterior,Vestidos,8,59.0,,PEN,78VES49962,78,Basic 21 Perú,barrido,"Este vestido combina detalles con un diseño moderno, creando una prenda única que destaca en cualquier ocasión.",,,Negro (221),Standard,https://euchelperu.com/images/productos/175708960537265734859251.jpg,https://euchelperu.com/producto.php?id=78,2026-09-17T21:46:27Z
79,Vestido Mary,Vestidos,8,55.0,,PEN,79  VES33868,79,Basic 21 Perú,barrido,"Descubre una pieza con sofisticación y feminidad: escote cuadrado, mangas largas y apertura lateral que añade sofisticación y libertad al caminar.",,,Blanco (223) | Beige (224),Standard,https://euchelperu.com/images/productos/175708817553252831991470.jpg,https://euchelperu.com/producto.php?id=79,2026-09-17T21:48:04Z
84,Vestido Mellsh,Vestidos,8,39.0,,PEN,84VES15403,84,Basic 21 Perú,barrido,"Un diseño pulcro que combina la sobriedad del corte sastrero con la suavidad y movimiento de una falda amplia. Ideal para mujeres que buscan una pieza versátil, moderna y refinada.",,,Blanco (234),Standard,https://euchelperu.com/images/productos/175718258141280541026516.jpg,https://euchelperu.com/producto.php?id=84,2026-09-17T21:48:34Z
89,Vestido Valen bicolor,Vestidos,8,79.0,,PEN,89VES59624,89,Basic 21 Perú,barrido,Acentúa la cintura y brinda un aire coqueto y cómodo para tus salidas diurnas o elegantes.,,,Blanco (252),Standard,https://euchelperu.com/images/productos/17571166461424633830986.jpg,https://euchelperu.com/producto.php?id=89,2026-09-17T21:48:50Z
92,Vestido Listones,Vestidos,8,55.0,75.0,PEN,92VES79650,92,Basic 21 Perú,ambos,"Vestido corto sin mangas, con abertura elegante y detalles de listones en el bajo. El corte ajustado en el torso realza la silueta, mientras que los listones aportan un movimiento femenino y un toque sofisticado.",,,Blanco (260) | Beige (841) | Azul Noche (842) | Negro (843) | Vino (844) | Marrón (845) | Verde (3055),Standard,https://euchelperu.com/images/productos/175953121761749730072310.jpg | https://euchelperu.com/images/productos/175953147923689257385204.jpg | https://euchelperu.com/images/productos/177352711686570882637167.jpg | https://euchelperu.com/images/productos/177352714525098744587328.jpg | https://euchelperu.com/images/productos/17735271787404750517510.jpg | https://euchelperu.com/images/productos/178214896289769166072617.jpg,https://euchelperu.com/producto.php?id=92,2026-09-17T21:50:37Z
95,Top Mia,Tops,3,25.0,,PEN,95TOP95216,95,Basic 21 Perú,barrido,"Ideal para estilismos casuales o looks más sofisticados, es una pieza versátil de fondo de armario que aporta un toque chic a cualquier outfit.",,,Beige (277),Standard,https://euchelperu.com/images/productos/17570883504214024429749.jpg | https://euchelperu.com/images/productos/175866006472476262218026.jpg,https://euchelperu.com/producto.php?id=95,2026-09-17T21:50:53Z
97,Casaca hilo cierre,Chaquetas,9,69.0,,PEN,97CAS60400,97,Basic 21 Perú,ambos,"Aporta comodidad y un acabado moderno. Perfecta para combinar con jeans de tiro alto o faldas, es ideal tanto para looks urbanos como semiformal.",,,Marrón (282) | Negro (794) | Beige claro (795) | Blanco (796) | Beige oscuro (1017),Standard,https://euchelperu.com/images/productos/175709058937986884967461.jpg | https://euchelperu.com/images/productos/175864573559531232847303.jpg | https://euchelperu.com/images/productos/17586458433267288551906.jpg | https://euchelperu.com/images/productos/175864586516450639977915.jpg | https://euchelperu.com/images/productos/175864590513644663917362.jpg,https://euchelperu.com/producto.php?id=97,2026-09-17T21:52:16Z
99,Casaca Logan oversize,Abrigos,2,99.0,,PEN,99CAS59645,99,Basic 21 Perú,ambos,"Destaca por su cálido interior lanoso, ideal para abrigarte sin perder el estilo.",,,Perla (288) | Plomo (289) | Marrón (290),Standard,https://euchelperu.com/images/productos/17570086737105223921923.jpg,https://euchelperu.com/producto.php?id=99,2026-09-17T21:53:40Z
101,Top Satín Copa,Tops,3,45.0,,PEN,101TOP47413,101,Basic 21 Perú,barrido,"Top corto confeccionado en satín, que incluye copa preformada para un soporte cómodo y estilizado. Ideal para cualquier ocasión.",,,Negro (296) | Beige oscuro (297) | Azul marino (791) | Beige claro (792) | Blanco (793),Standard,https://euchelperu.com/images/productos/175691645605411891797195.jpg | https://euchelperu.com/images/productos/175849721285053599074434.jpg | https://euchelperu.com/images/productos/175858010645568286990732.jpg | https://euchelperu.com/images/productos/175858012245822331776680.jpg,https://euchelperu.com/producto.php?id=101,2026-09-17T21:55:19Z
105,Cafarena Crop Hilo,Sweaters,4,55.0,,PEN,105CAF52027,105,Basic 21 Perú,ambos,"Cafarena de hilo, con corte crop y cuello alto. Su diseño simple y moderno lo convierte en un básico versátil, ideal para looks casuales o atuendos con personalidad.",,,Plomo (631) | Blanco (787) | Beige (788) | Verde Pistacho (789) | Vino (790),Standard,https://euchelperu.com/images/productos/17571140913233075013824.jpg | https://euchelperu.com/images/productos/175829751243311400374233.jpg | https://euchelperu.com/images/productos/17582975317644966918199.jpg,https://euchelperu.com/producto.php?id=105,2026-09-17T21:56:43Z
106,Chaleco Cuerina Cierre,Chaquetas,9,49.0,,PEN,106CHA30418,106,Basic 21 Perú,barrido,"El chaleco puffer es la combinación perfecta entre moda y funcionalidad. Su diseño acolchado aporta volumen, abrigo y le da un toque moderno, urbano y con carácter.",,,Vino (314),Standard,https://euchelperu.com/images/productos/17569327191979799789828.jpg | https://euchelperu.com/images/productos/175875005655552558161226.jpg,https://euchelperu.com/producto.php?id=106,2026-09-17T21:56:47Z
107,Chaleco Cuerina Carnero,Chaquetas,9,39.0,,PEN,107CHA14678,107,Basic 21 Perú,barrido,Este chaleco de cuerina con corderito combina lo mejor del estilo urbano con la calidez que necesitas para los días fríos. El exterior de cuerina suave y resistente se complementa con un forro de carnero que aporta abrigo y un contraste visual moderno.,,,Marrón (315),Standard,https://euchelperu.com/images/productos/175700423504968222414473.jpg,https://euchelperu.com/producto.php?id=107,2026-09-17T21:57:03Z
108,Off Shoulder Winnie,Sweaters,4,69.0,,PEN,108CHO65580,108,Basic 21 Perú,ambos,Inspirado en tendencias de pasarelas que resaltan un look sexy y desenfadado que va del día a la noche.,,,Marrón (317) | Blanco (675) | Beige (676) | Negro (677) | Vino (678) | Verde (679) | Gris (681) | Acero (986),Standard | Standar,https://euchelperu.com/images/productos/1757089527962865131294.jpg | https://euchelperu.com/images/productos/17583941931650842178747.jpg | https://euchelperu.com/images/productos/175839420838209479750758.jpg | https://euchelperu.com/images/productos/175839422354900990885991.jpg | https://euchelperu.com/images/productos/17583943180356910699015.jpg,https://euchelperu.com/producto.php?id=108,2026-09-17T21:59:25Z
109,Puffer Cuerina,Chaquetas,9,99.0,,PEN,1091702,109,Basic 21 Perú,barrido,"Un look urbano, cálido y sofisticado para inviernos deliciosos.",,,Beige (318) | Blanco (926) | Marrón (927) | Camel (928) | Negro (1018),Standard | Standar,https://euchelperu.com/images/productos/175693582308554801810883.jpg | https://euchelperu.com/images/productos/175864594191732250737534.jpg | https://euchelperu.com/images/productos/175864616613444666289430.jpg,https://euchelperu.com/producto.php?id=109,2026-09-17T21:59:54Z
112,Casaca Peluche,Chaquetas,9,89.0,,PEN,1121716,112,Basic 21 Perú,ambos,Ideal para looks urbanos y cómodos.,,,Marrón (321) | Blanco (840) | Negro (925),Standard | Standar,https://euchelperu.com/images/productos/175691829065821506917937.jpg,https://euchelperu.com/producto.php?id=112,2026-09-17T22:00:04Z
113,Chompa Polar Valeria,Sweaters,4,55.0,,PEN,113CHO60520-S,113,Basic 21 Perú,categoria,Ideal para mantenerte abrigada durante las temporadas de frío.,,,Único (322),S | M,https://euchelperu.com/images/productos/175708831341097106942180.jpg,https://euchelperu.com/producto.php?id=113,2026-09-17T20:20:52Z
116,Set Corrugado Lateral,Set,10,50.0,,PEN,116SET47829,116,Basic 21 Perú,barrido,"Conjunto elegante compuesto por un top ceñido y una falda larga de talle alto, ambos con fruncidos laterales que estilizan la figura. Ofrece comodidad y sofisticación perfecta para lucir en eventos de día o de noche.",,,Negro (325) | Verde Pistacho (786),Standard,https://euchelperu.com/images/productos/175685541231522244694696.jpg | https://euchelperu.com/images/productos/17632554266109597269469.png | https://euchelperu.com/images/productos/176470862412604113056073.png,https://euchelperu.com/producto.php?id=116,2026-09-17T22:00:12Z
117,Set Aro Mireya,Set,10,75.0,,PEN,117SET11598,117,Basic 21 Perú,ambos,"Este set cuenta con un crop top con copas y aro metálico central, combinando con falda larga de talle alto y abertura lateral. Estiliza la figura con un toque sofisticado y sensual.",,,Negro (326) | Uva (775) | Verde (776) | Beige (778),Standard,https://euchelperu.com/images/productos/17570035709682283655921.jpg | https://euchelperu.com/images/productos/176022177641796198356024.jpg | https://euchelperu.com/images/productos/176022180534269737614704.jpg | https://euchelperu.com/images/productos/176022195074611550769206.jpg,https://euchelperu.com/producto.php?id=117,2026-09-17T22:00:52Z
118,Set Corazón,Set,10,75.0,,PEN,118SET91050,118,Basic 21 Perú,barrido,"Deslumbra con un look romántico y sofisticado. Nuestro set corazón está diseñado para mujeres que buscan elegancia con un toque coqueto. Perfecto para citas, eventos especiales o para destacar en tu día a día.",,,Vino (327) | Marrón (770) | Negro (771) | Chocolate (772) | Jade (773) | Blanco (774) | Azul (1242),Standard,https://euchelperu.com/images/productos/175700705665397823455605.jpg | https://euchelperu.com/images/productos/175997005484580729414530.jpg,https://euchelperu.com/producto.php?id=118,2026-09-17T22:02:21Z
120,Pezonera,Complementos,11,15.0,,PEN,120PEZ565,120,Basic 21 Perú,ambos,"Cobertores adhesivos de silicona diseñados para ocultar el pezón y la areola sin necesidad de usar sujetador, ideales para prendas ligeras, sin escote o transparentes. Pueden ser reutilizables, y ofrecen una cobertura básica.",,,Único (329),Standard,https://euchelperu.com/images/productos/175686023209140806942755.jpg,https://euchelperu.com/producto.php?id=120,2026-09-17T22:02:26Z
121,Brasier Silicona,Complementos,11,29.0,,PEN,121BRA78087-A,121,Basic 21 Perú,ambos,"Sujetador sin tirantes, sin espalda, hecho de copas de silicona con un adhesivo que se pega directamente al pecho. Perfecto para usar con prendas escotadas, sin espalda o ajustes especiales, ofrece soporte con discreción y sin las marcas de los tirantes.",,,Único (330),A | B | C | D,https://euchelperu.com/images/productos/175686020032904170036738.jpg,https://euchelperu.com/producto.php?id=121,2026-09-17T22:03:11Z
122,Shape Short,Complementos,11,35.0,,PEN,122560,122,Basic 21 Perú,ambos,"Son shorts moldeadores que cubren abdomen, caderas y parte de los muslos, diseñados para estilizar la figura, suavizar líneas y reducir rozaduras en el muslo. Se usan bajo vestidos ajustados, faldas o pantalones .",,,Único (331),Standard,https://euchelperu.com/images/productos/17570040517300661232856.jpg,https://euchelperu.com/producto.php?id=122,2026-09-17T22:03:40Z
123,Truza Látex,Complementos,11,20.0,,PEN,123TRU74106-M,123,Basic 21 Perú,ambos,"Prenda interior confeccionada sin costuras laterales, lo que proporciona un ajuste suave como una ''segunda piel''. Ideales para eliminar marcas bajo ropa ajustada y ofrecer gran comodidad.",,,Único (332),M | L | XL,https://euchelperu.com/images/productos/175686002885186214560983.jpg,https://euchelperu.com/producto.php?id=123,2026-09-17T22:03:44Z
124,Conejito Bra,Complementos,11,20.0,,PEN,124CON37805,124,Basic 21 Perú,ambos,"Es un sujetador sin tirantes, sin espalda, con copas de silicona autoadhesiva y pequeñas “orejitas” en la parte superior. Estas permiten levantar el busto hacia arriba, logrando un escote definido. Son invisibles bajo prendas strapless, escotes profundos y vestidos de fiesta .",,,Único (333),Standard,https://euchelperu.com/images/productos/17568600550924246052554.jpg,https://euchelperu.com/producto.php?id=124,2026-09-17T22:03:47Z
125,Brasier Escote,Complementos,11,25.0,,PEN,125BRA48907-B,125,Basic 21 Perú,ambos,"Está diseñado para realzar el busto y combinar con prendas de corte bajo, sin mostrar copas ni tirantes superiores.",,,Único (334),B | C | D,https://euchelperu.com/images/productos/175686025888305269824508.jpg,https://euchelperu.com/producto.php?id=125,2026-09-17T22:04:03Z
126,Truza Invisible,Complementos,11,15.0,,PEN,126568,126,Basic 21 Perú,ambos,Brinda una apariencia completamente invisible ropa ajustada. Su objetivo: evitar marcas y ofrecer una sensación de comodidad.,,,Único (335),Standard,https://euchelperu.com/images/productos/175686311448735416379469.jpg,https://euchelperu.com/producto.php?id=126,2026-09-17T22:05:44Z
128,Casaca Biker Cuerina,Chaquetas,9,125.0,,PEN,128CAS22685,128,Basic 21 Perú,barrido,"Esta chaqueta biker ofrece una silueta femenina y ajustada. Es perfecta para lograr una apariencia atrevida, sofisticada y versátil.",,,Negro (337),Standard,https://euchelperu.com/images/productos/17569325872320395193366.jpg,https://euchelperu.com/producto.php?id=128,2026-09-17T22:06:00Z
132,Cafarena Hilo Soft,Tops,3,49.0,,PEN,132CAF89915,132,Basic 21 Perú,barrido,"Esta cafarena ligera ofrece suavidad al tacto, combina confort y estilo. Pensada para el uso diario, su tejido delicado ofrece una sensación envolvente y natural, perfecta para cualquier ocasión cómoda y relajada.",,,Beige (341),Standard,https://euchelperu.com/images/productos/175691824676472972443900.jpg | https://euchelperu.com/images/productos/175858447529136488979693.jpg,https://euchelperu.com/producto.php?id=132,2026-09-17T22:06:32Z
134,Top Cuello Corrugado,Tops,3,25.0,,PEN,134TOP11408,134,Basic 21 Perú,barrido,"Un top femenino y sofisticado con un cuello corrugado de volumen ligero, que añade un toque romántico sin sacrificar modernidad. Las mangas largas equilibran el diseño, creando silueta refinada y comodidad para el día a día o looks formales.",,,Blanco (343),Standard,https://euchelperu.com/images/productos/17584859954409136463153.jpg | https://euchelperu.com/images/productos/175866347008350845766371.jpg,https://euchelperu.com/producto.php?id=134,2026-09-17T22:06:48Z
137,Pantalón Jean Wide Leg Bonage,Pantalones,6,95.0,,PEN,137PAN88232-28,137,Basic 21 Perú,ambos,"Descubre un jean con silueta amplia que combina tendencia y elegancia clásica. Este modelo wide leg en azul oscuro uniforme realza cualquier outfit, ideal para quienes buscan un básico versátil con toque contemporáneo.",,,Tono 1 (346) | Tono 2 (924) | Tono 3 (1015),26 | 28 | 30 | 32 | 34,https://euchelperu.com/images/productos/17569332791406366932762.jpg | https://euchelperu.com/images/productos/17585860944514951745073.jpg | https://euchelperu.com/images/productos/175857079262625313842835.jpg | https://euchelperu.com/images/productos/175858610585464779736089.jpg,https://euchelperu.com/producto.php?id=137,2026-09-17T22:07:51Z
138,Pantalón Jean Palazzo Jhozam,Pantalones,6,95.0,,PEN,138PAN24567-26,138,Basic 21 Perú,ambos,"Este pantalón combina la estética fluida del corte palazzo con la resistencia del denim. Posee una cintura alta favorecedora y pernera ancha que fluye desde la cintura hasta el tobillo, creando una silueta moderna y relajada.",,,Único (347),26 | 28 | 30 | 32 | 34,https://euchelperu.com/images/productos/175691789337126162757533.jpg,https://euchelperu.com/producto.php?id=138,2026-09-17T22:08:08Z
139,Bufanda,Complementos,11,45.0,,PEN,139BUF11803,139,Basic 21 Perú,ambos,"Envuelve tu estilo en calidez y sofisticación con esta bufanda. Pensada como una pieza envolvente más que un simple accesorio, combina textura, suavidad y presencia visual para transformar cualquier outfit con un toque acogedor y elegante.",,,Blanco (348) | Negro (929) | Beige (930),Standard | Standar,https://euchelperu.com/images/productos/175700313355203311735275.jpg,https://euchelperu.com/producto.php?id=139,2026-09-17T22:09:06Z
141,Vestido Copa Andrea,Vestidos,8,59.0,,PEN,141VES82929,141,Basic 21 Perú,barrido,"Este vestido mini combina elegancia y sensualidad en una sola prenda. Su diseño incorpora copa estructurada para dar soporte al busto, mangas largas para cobertura elegante y fruncidos en los laterales que resaltan la cintura y permiten un fit adaptable y favorecedor.",,,Acero (350),Standard,https://euchelperu.com/images/productos/175685373587492755810929.jpg,https://euchelperu.com/producto.php?id=141,2026-09-17T22:09:09Z
142,Pantalón Sastre Miranda,Pantalones,6,89.0,,PEN,142PAN47969-S,142,Basic 21 Perú,ambos,"Este pantalón sastre combina estética refinada con funcionalidad. Su diseño clásico cuenta con dos botones horizontales en la cintura, que añaden un detalle chic y aseguran ajuste firme a la vez que estilizan la cintura. Perfecto para ambientes formales o eventos con atuendo business casual.",,,Gris (351) | Negro (922) | Beige (923),S | M | L,https://euchelperu.com/images/productos/175693309357796442050727.jpg | https://euchelperu.com/images/productos/175857189999288734368531.jpg | https://euchelperu.com/images/productos/17585719081638356258725.jpg,https://euchelperu.com/producto.php?id=142,2026-09-17T22:09:18Z
147,Panty Efecto Piel,Complementos,11,39.0,,PEN,147PAN53693-S-M,147,Basic 21 Perú,ambos,"Descubre la fusión perfecta entre estilo sofisticado y funcionalidad térmica. Nuestro panty efecto piel simula la apariencia elegante de una media transparente, mientras su interior te mantiene cálida y cómoda durante todo el día.",,,Único (357),S-M | M-L,https://euchelperu.com/images/productos/175700250334119728383553.jpg,https://euchelperu.com/producto.php?id=147,2026-09-17T22:09:35Z
148,Calentadores,Complementos,11,45.0,,PEN,148CAL19075-S,148,Basic 21 Perú,ambos,"Son pantalones ajustados estilo legging, fabricados con forro térmico interno, que actúan como segunda piel para mantener el calor corporal sin renunciar a la movilidad ni el estilo.",,,Único (356),S | M | L,https://euchelperu.com/images/productos/175718201767880748577767.jpg,https://euchelperu.com/producto.php?id=148,2026-09-17T22:09:51Z
149,Mini Vestido Manga Encaje,Vestidos,8,69.0,,PEN,149MIN18075,149,Basic 21 Perú,barrido,"Un mini vestido sofisticado que combina la elegancia del encaje con la modernidad del corte mini. Las mangas largas realzan feminidad con un toque refinado, mientras el escote y el forro interior aseguran comodidad y versatilidad.",,,Blanco (358) | Vino (942) | Beige (943),Standard | Standar,https://euchelperu.com/images/productos/175685391098827989048950.jpg | https://euchelperu.com/images/productos/1758580679994886371823.jpg | https://euchelperu.com/images/productos/175856296335908696066855.jpg,https://euchelperu.com/producto.php?id=149,2026-09-17T22:10:01Z
151,Mini Vestido Bobos,Vestidos,8,69.0,,PEN,151VBSh22,151,Basic 21 Perú,barrido,"Un mini vestido coqueto y vibrante, diseñado con flecos colgantes que danzan con cada movimiento. Perfecto para destacar en eventos de fiesta, cóctel o salidas nocturnas, combina sensualidad y diversión en un solo diseño.",,,Negro (360) | Blanco (535) | Anaranjado (536),XS | S,https://euchelperu.com/images/productos/17569187912905775371309.jpg | https://euchelperu.com/images/productos/175953496379766421442246.jpg,https://euchelperu.com/producto.php?id=151,2026-09-17T22:10:11Z
152,Cartera Prestige Purses,Carteras,12,120.0,,PEN,152CAR93353,152,Basic 21 Perú,barrido,"Esta cartera suma estilo y practicidad en cada uso, es perfecta para mujeres que llevan su vida organizada sin perder el estilo.",,,Beige (361),Standard,https://euchelperu.com/images/productos/175703613971707239346527.jpg,https://euchelperu.com/producto.php?id=152,2026-09-17T22:10:14Z
153,Cartera Aura Atelier,Carteras,12,99.0,,PEN,153CAR67641,153,Basic 21 Perú,ambos,"Diseño elegante y funcional, combina sobriedad y estilo para tu día a día. Ideal para llevar documentos o elementos de oficina con comodidad y estilo.",,,Ladrillo (362),Standard,https://euchelperu.com/images/productos/175703600203555586039685.jpg,https://euchelperu.com/producto.php?id=153,2026-09-17T22:10:17Z
154,Bolso Tote Essence,Carteras,12,169.0,,PEN,154CAR30055,154,Basic 21 Perú,ambos,"Perfecto para llevar elementos esenciales con estilo, sus compartimentos permiten mantener todo en orden.",,,Ladrillo (363),Standard,https://euchelperu.com/images/productos/175703587671656665825217.jpg,https://euchelperu.com/producto.php?id=154,2026-09-17T22:10:34Z
155,Cartera Purse Palace,Carteras,12,90.0,,PEN,155CAR63756,155,Basic 21 Perú,barrido,"Esta cartera combina líneas estructuradas y elegantes, ofrece seguridad y orden para el día a día.",,,Negro (364),Standard,https://euchelperu.com/images/productos/175703564037750451949384.jpg,https://euchelperu.com/producto.php?id=155,2026-09-17T22:10:37Z
156,Cartera UrbanBag,Carteras,12,60.0,,PEN,156CAR37402,156,Basic 21 Perú,barrido,Un mini bolso funcional y sofisticado para acompañarte con estilo.,,,Único (365),Standard,https://euchelperu.com/images/productos/175703543231533990148019.jpg,https://euchelperu.com/producto.php?id=156,2026-09-17T22:10:40Z
157,Cartera Bag Bliss,Carteras,12,65.0,,PEN,157CAR15367,157,Basic 21 Perú,barrido,"Inspirado en un diseño curvo minimalista brillando con su acabado acharolado, este bolso combina versatilidad y estilo.",,,Único (366),Standard,https://euchelperu.com/images/productos/175703529504602185053442.jpg,https://euchelperu.com/producto.php?id=157,2026-09-17T22:11:12Z
158,Cartera Aura,Carteras,12,120.0,,PEN,1581821,158,Basic 21 Perú,ambos,Ideal para llevar desde documentos y tablet hasta elementos esenciales del día a día con estilo.,,,Ladrillo (367),Standard,https://euchelperu.com/images/productos/175703515013522712966430.jpg,https://euchelperu.com/producto.php?id=158,2026-09-17T22:11:18Z
159,Cartera Lady,Carteras,12,79.0,,PEN,159CAR48873,159,Basic 21 Perú,barrido,"Esta pieza combina una silueta suave y cómoda con acabados elegantes, ideal para uso diario o salidas urbanas.",,,Negro (368),Standard,https://euchelperu.com/images/productos/175703509147378891069292.jpg,https://euchelperu.com/producto.php?id=159,2026-09-17T22:12:03Z
160,Cartera Muse,Carteras,12,59.0,,PEN,160CAR86463,160,Basic 21 Perú,barrido,"Esta pieza atemporal presenta una silueta rectangular refinada, ideal para combinar comodidad y estilo.",,,Ladrillo (369) | Beige claro (968) | Beige oscuro (969),Standard | Standar,https://euchelperu.com/images/productos/17570350479995502830537.jpg,https://euchelperu.com/producto.php?id=160,2026-09-17T22:12:39Z
161,Cartera Diva,Carteras,12,65.0,,PEN,1611824,161,Basic 21 Perú,barrido,"Diseño de media luna con costuras decorativas, ideal para la ciudad, oficina o salidas nocturnas con un toque minimalista.",,,Blanco (370) | Vino (966) | Negro (967),Standard | Standar,https://euchelperu.com/images/productos/175703489585821415899848.jpg,https://euchelperu.com/producto.php?id=161,2026-09-17T22:13:15Z
162,Cartera Rubi,Carteras,12,60.0,,PEN,1621825,162,Basic 21 Perú,barrido,"Diseño tipo media luna con hebilla decorativa central. Ideal para un look moderno, cómodo y versátil.",,,Beige (371),Standard,https://euchelperu.com/images/productos/175685830187044942518495.jpg,https://euchelperu.com/producto.php?id=162,2026-09-17T22:13:18Z
163,Cartera All Posh,Carteras,12,75.0,,PEN,163CAR47379,163,Basic 21 Perú,barrido,"Esta pieza es el complemento perfecto para tu día a día, desde una salida informal hasta un evento elegante.",,,Negro (372) | Beige oscuro (964) | Beige claro (965),Standard | Standar,https://euchelperu.com/images/productos/175685058189847354434560.jpg,https://euchelperu.com/producto.php?id=163,2026-09-17T22:13:41Z
164,Tote Chic,Carteras,12,69.0,,PEN,1641828,164,Basic 21 Perú,barrido,"Diseñada para llevar tus elementos con comodidad, ideal para tu rutina diaria, escapadas rápidas sin perder el estilo.",,,Único (373),Standard,https://euchelperu.com/images/productos/175703479173322202680522.jpg,https://euchelperu.com/producto.php?id=164,2026-09-17T22:13:57Z
165,Baguette Chic,Carteras,12,65.0,,PEN,1651830,165,Basic 21 Perú,barrido,"Ideal para llevar lo esencial con estilo, una apuesta sofisticada para looks urbanos que combina estilo y funcionalidad.",,,Negro (374),Standard,https://euchelperu.com/images/productos/175703467405292321750250.jpg,https://euchelperu.com/producto.php?id=165,2026-09-17T22:14:01Z
166,Cartera Caprice,Carteras,12,120.0,,PEN,1661831,166,Basic 21 Perú,barrido,"Un accesorio elegante y funcional para el día a día o trabajo, ideal para completar un look profesional o moderno con estética refinada-",,,Negro (375),Standard,https://euchelperu.com/images/productos/175703460308070425880320.jpg,https://euchelperu.com/producto.php?id=166,2026-09-17T22:14:04Z
167,Billetera Classic & Modern,Billeteras,13,45.0,,PEN,167BIL86379,167,Basic 21 Perú,barrido,"Descubre la perfecta combinación entre estilo clásico y moderno con nuestra billetera, ideal para quienes valoran la elegancia atemporal sin renunciar a lkka practicidad del día a día.",,,Único (376),Standard,https://euchelperu.com/images/productos/17570344592172568941984.jpg,https://euchelperu.com/producto.php?id=167,2026-09-17T22:14:07Z
168,Billetera Vela,Billeteras,13,45.0,,PEN,168IL76157,168,Basic 21 Perú,barrido,"Dale un toque elegante y moderno a tu día con nuestra billetera , diseñada para mujeres practicas que no quieren renunciar al estilo.",,,Único (377),Standard,https://euchelperu.com/images/productos/175685890396362466574677.jpg,https://euchelperu.com/producto.php?id=168,2026-09-17T22:14:11Z
169,Billetera Pretty,Billeteras,13,45.0,,PEN,1691836,169,Basic 21 Perú,ambos,"Añade un toque de lujo a tu día con esta elegante billetera, diseñada para quienes valoran los pequeños detalles.",,,Único (378),Standard,https://euchelperu.com/images/productos/175703436594513473171102.jpg,https://euchelperu.com/producto.php?id=169,2026-09-17T22:14:27Z
170,Billetera Aura,Billeteras,13,45.0,,PEN,1701842,170,Basic 21 Perú,ambos,"Esta billetera combina estilo y funcionalidad para ofrecerte una experiencia de uso única, es el complemento perfecto para tu día a día.",,,Único (379),Standard,https://euchelperu.com/images/productos/175685893461134471692275.jpg,https://euchelperu.com/producto.php?id=170,2026-09-17T22:14:43Z
171,Billetera Caprice,Billeteras,13,45.0,,PEN,171BIL76157,171,Basic 21 Perú,ambos,"Descubre la elegancia y funcionalidad en esta billetera, diseñada para quienes valoran el estilo y la practicidad. Ideal para uso diario o como regalo especial, esta billetera combina resistencia y moda en un solo accesorio. \n",,,Único (380),Standard,https://euchelperu.com/images/productos/175703432152333971289881.jpg,https://euchelperu.com/producto.php?id=171,2026-09-17T22:14:47Z
172,Billetera Lady,Billeteras,13,45.0,,PEN,1721845,172,Basic 21 Perú,ambos,"Esta pieza es ideal para quienes buscan un accesorio practico para el día a día, sin renunciar a un diseño único y atractivo.",,,Único (381),Standard,https://euchelperu.com/images/productos/175685875381074242760467.jpg,https://euchelperu.com/producto.php?id=172,2026-09-17T22:14:50Z
173,Billetera Diva,Billeteras,13,49.0,,PEN,173BIL13689,173,Basic 21 Perú,ambos,"Esta billetera combina un diseño encantador con una funcionalidad práctica, convirtiéndola en el accesorio perfecto para quienes buscan estilo y organización.",,,Único (382),Standard,https://euchelperu.com/images/productos/175685244106334871571488.jpg,https://euchelperu.com/producto.php?id=173,2026-09-17T22:14:53Z
174,Correa Cowboy,Correas,14,35.0,,PEN,174Jjhdv,174,Basic 21 Perú,ambos,"Una correa pensada para mujeres con personalidad, que integran el espíritu vaquero con un toque moderno y femenino.",,,Marrón (383) | Negro (693) | Beige (694) | Animal Print (695),Standar,https://euchelperu.com/images/productos/17568629006511793661808.jpg,https://euchelperu.com/producto.php?id=174,2026-09-17T22:15:33Z
175,Correa Golden,Correas,14,25.0,,PEN,175COR95794,175,Basic 21 Perú,ambos,"Esta correa es el accesorio ideal para realzar cualquier outfit, ofrece un toque sutil y sofisticado. Su hebilla en metal dorado aporta ese detalle elegante y nunca pasa desapercibido.",,,Negro (384) | Marrón (931) | Topo (932) | Blanco (933),Standard | Standar,https://euchelperu.com/images/productos/175686306835480655873970.jpg,https://euchelperu.com/producto.php?id=175,2026-09-17T22:15:59Z
176,Correa Cadena Plateada,Correas,14,30.0,,PEN,176COR72396,176,Basic 21 Perú,ambos,"Esta correa de cadena plateada para mujer combina la sofisticación del metal con la versatilidad del diseño contemporáneo, se adapta perfectamente a diferentes estilos y ocasiones.",,,Único (385),Standard,https://euchelperu.com/images/productos/175700306812697194393114.jpg,https://euchelperu.com/producto.php?id=176,2026-09-17T22:16:16Z
177,Correa Silver,Correas,14,15.0,,PEN,177COR52490,177,Basic 21 Perú,ambos,"Esta correa destaca por su diseño elegante y versátil, l a hebilla metálica plateada añade un toque de sofisticación, convirtiéndola en el accesorio perfecto para complementar cualquier atuendo.",,,Negro (386) | Beige (934) | Crema (935) | Blanco (936),Standard | Standar,https://euchelperu.com/images/productos/175686261596983824019519.jpg,https://euchelperu.com/producto.php?id=177,2026-09-17T22:17:10Z
178,Cinturón Glam,Correas,14,20.0,,PEN,178COR23378,178,Basic 21 Perú,ambos,"Esta correa destaca por hebilla innovadora, aporta un toque moderno y sofisticado. Su estructura permite combinarla fácilmente con diferentes estilos de ropa.",,,Único (387),Standard,https://euchelperu.com/images/productos/175686382299878576694560.jpg,https://euchelperu.com/producto.php?id=178,2026-09-17T22:17:13Z
179,Correa Aro Plateado,Correas,14,20.0,,PEN,179COR23378,179,Basic 21 Perú,ambos,"Esta correa combina un diseño minimalista con clase y profesionalismo, la hebilla redonda de metal plateado aporta un enfoque moderno y sofisticado, convirtiéndola en un accesorio versátil y atemporal.",,,Negro (388) | Blanco (897) | Beige (898) | Marrón (899) | Vino (900) | Camel (901),único,https://euchelperu.com/images/productos/175703410723103216594019.jpg,https://euchelperu.com/producto.php?id=179,2026-09-17T22:18:39Z
180,Rizador,Cuidado personal,15,8.0,,PEN,180RIZ91569,180,Basic 21 Perú,barrido,Descubre una herramienta de belleza esencial que transforma tus pestañas en segundos para una mirada radiante y elegante.,,,Único (389),único,https://euchelperu.com/images/productos/17568595575891548077616.jpg,https://euchelperu.com/producto.php?id=180,2026-09-17T22:18:42Z
182,Roller,Cuidado personal,15,17.0,,PEN,182ROL22169,182,Basic 21 Perú,ambos,Un accesorio elegante y funcional que transforma tu rutina de cuidado facial en un momento de bienestar y frescura.,,,Único (391),único,https://euchelperu.com/images/productos/175685958853951126923531.jpg,https://euchelperu.com/producto.php?id=182,2026-09-17T22:18:59Z
183,Cera Depiladora,Cuidado personal,15,8.0,,PEN,183CER57336,183,Basic 21 Perú,ambos,"Transforma tu rutina de depilación con nuestra cera depiladora, diseñada para brindarte una piel suave, libre de vello y con resultados que perduran.",,,Único (392),único,https://euchelperu.com/images/productos/175685904542569352072469.jpg,https://euchelperu.com/producto.php?id=183,2026-09-17T22:19:02Z
184,Pinza,Cuidado personal,15,6.0,,PEN,184PIN56108,184,Basic 21 Perú,ambos,"La herramienta esencial para una depilación precisa y cómoda, diseñada para mantener tu piel suave y libre de vello no deseado.",,,Único (393),único,https://euchelperu.com/images/productos/175685953653401367871898.jpg,https://euchelperu.com/producto.php?id=184,2026-09-17T22:19:33Z
185,Mascarilla De Labios,Cuidado personal,15,4.0,,PEN,185MAS40783,185,Basic 21 Perú,ambos,"Transforma tus labios secos con nuestra mascarilla hidratante, diseñada para ofrecer una hidratación profunda y duradera, dejándolos suaves y rejuvenecidos.",,,Único (394),único,https://euchelperu.com/images/productos/175685971698640189461997.jpg,https://euchelperu.com/producto.php?id=185,2026-09-17T22:19:37Z
186,Mascarilla Facial,Cuidado personal,15,5.0,,PEN,186MAS66987,186,Basic 21 Perú,ambos,"Disfruta de una piel suave, luminosa y rejuvenecida con nuestra mascarilla facial hidratante, ofrece una hidratación profunda y duradera.",,,Único (395),único,https://euchelperu.com/images/productos/17568596946369034348694.jpg,https://euchelperu.com/producto.php?id=186,2026-09-17T22:19:40Z
187,Cottons Redondo,Cuidado personal,15,8.0,,PEN,187COT68911,187,Basic 21 Perú,ambos,"Descubre la suavidad y eficacia de nuestros algodones redondos desmaquillantes, diseñados para ofrecer una limpieza profunda y delicada, respetando la piel más sensible.",,,Único (396),único,https://euchelperu.com/images/productos/175685914612107814925308.jpg,https://euchelperu.com/producto.php?id=187,2026-09-17T22:20:10Z
188,Pestañas,Cuidado personal,15,9.0,,PEN,188PES25357,188,Basic 21 Perú,ambos,"Descubre nuestras pestañas postizas que ofrecen volumen, longitud y un acabado natural que resalta tu belleza en cualquier ocasión.",,,Único (397),único,https://euchelperu.com/images/productos/17568596506831973754007.jpg,https://euchelperu.com/producto.php?id=188,2026-09-17T22:20:13Z
189,Parche De Ojos,Cuidado personal,15,9.0,,PEN,189PAR82193,189,Basic 21 Perú,ambos,"Descubre nuestros parches para ojos, diseñados para combatir ojeras, bolsas y signos de fatiga, brindando una mirada fresca y revitalizada en minutos.",,,Único (398),único,https://euchelperu.com/images/productos/17568596756295987993633.jpg,https://euchelperu.com/producto.php?id=189,2026-09-17T22:20:16Z
190,Pegamento De Pestañas,Cuidado personal,15,9.0,,PEN,190PEG14431,190,Basic 21 Perú,ambos,"Eleva tu técnica de extensiones con nuestro pegamento que ofrece una adhesión duradera, rápida y segura.",,,Único (399),único,https://euchelperu.com/images/productos/175685962305714753986647.jpg,https://euchelperu.com/producto.php?id=190,2026-09-17T22:20:19Z
191,Set De Cepillos,Cuidado personal,15,5.0,,PEN,191SET64423,191,Basic 21 Perú,ambos,"Transforma tu mirada con nuestro set de cepillos para cejas, ofrece precisión y definición en cada aplicación.",,,Único (400),único,https://euchelperu.com/images/productos/175703152889280211448517.jpg,https://euchelperu.com/producto.php?id=191,2026-09-17T22:20:22Z
192,Set De Brochas,Cuidado personal,15,19.0,,PEN,192SET20760,192,Basic 21 Perú,barrido,"Transforma tu rutina de belleza con nuestro set de brochas de maquillaje, ofrece precisión, versatilidad y un acabado profesional en cada aplicación.",,,Rosado (401),único,https://euchelperu.com/images/productos/17570029542698119665227.jpg,https://euchelperu.com/producto.php?id=192,2026-09-17T22:20:39Z
193,Perfilador,Cuidado personal,15,3.0,,PEN,193PER33874,193,Basic 21 Perú,ambos,"Logra unas cejas perfectamente definidas y naturales con nuestro perfilador de cejas. Ofrece una aplicación precisa y duradera, este perfilador es ideal para dar forma y resaltar la belleza natural de tus cejas.",,,Único (402),único,https://euchelperu.com/images/productos/17568597582131539387226.jpg,https://euchelperu.com/producto.php?id=193,2026-09-17T22:20:55Z
194,Peine,Cuidado personal,15,8.0,,PEN,194PEI59092,194,Basic 21 Perú,ambos,"Descubre nuestro peine que es perfecto para desenredar, alisar y estilizar tu melena con facilidad.",,,Único (403),único,https://euchelperu.com/images/productos/175780961823672937640810.jpg,https://euchelperu.com/producto.php?id=194,2026-09-17T22:21:12Z
195,Set Trio Esponjas,Cuidado personal,15,5.0,,PEN,195ESP19452,195,Basic 21 Perú,ambos,"Descubre la forma perfecta de aplicar tu maquillaje con nuestro set de tres esponjas, ideal para mujeres que buscan un acabado impecable. \n",,,Único (404),único,https://euchelperu.com/images/productos/175685945139073896379218.jpg,https://euchelperu.com/producto.php?id=195,2026-09-17T22:21:43Z
196,Set Dúo Esponjas,Cuidado personal,15,5.0,,PEN,196ESP70095,196,Basic 21 Perú,ambos,"Renueva tu rutina de maquillaje con este práctico dúo, perfecto para personas que buscan un acabado muy natural.",,,Único (405),único,https://euchelperu.com/images/productos/175685947686941993385383.jpg,https://euchelperu.com/producto.php?id=196,2026-09-17T22:22:00Z
197,Gancho Rectangular,Accesorios,19,4.0,,PEN,197GAN24877,197,Basic 21 Perú,ambos,"Descubre el accesorio esencial para mantener tu peinado impecable con estilo. Nuestro gancho rectangular para cabello combina funcionalidad y diseño moderno, adaptándose a todo tipo de cabello y ocasiones.",,,Único (406),Standard,https://euchelperu.com/images/productos/175686316102763142696921.jpg,https://euchelperu.com/producto.php?id=197,2026-09-17T22:22:03Z
198,Gancho Clásico,Accesorios,19,3.0,,PEN,198GAN95718,198,Basic 21 Perú,ambos,"Este gancho clásico combina estética y rendimiento para elevar cualquier peinado con estilo, ideal para recoger tu cabello con completa comodidad todo el día. \n \n",,,Único (407),Standard,https://euchelperu.com/images/productos/175686323171910581821209.jpg,https://euchelperu.com/producto.php?id=198,2026-09-17T22:22:20Z
199,Gancho Clásico Metalizado,Accesorios,19,8.0,,PEN,199GAN71025,199,Basic 21 Perú,ambos,"Gancho clásico en elegante acabado metálico, pensado para brindar un toque sofisticado y moderno a cualquier peinado.",,,Único (408),Standard,https://euchelperu.com/images/productos/175701307951540939033310.jpg,https://euchelperu.com/producto.php?id=199,2026-09-17T22:22:52Z
200,Gancho Media Cola Metalizado,Accesorios,19,7.0,,PEN,200GAN24603,200,Basic 21 Perú,ambos,"Dale un toque moderno a tu estilo mientras sujetas tu media cola con firmeza, ofrece un brillo sofisticado que resalta desde el primer vistazo.",,,Único (409),Standard,https://euchelperu.com/images/productos/17570129471909761205793.jpg,https://euchelperu.com/producto.php?id=200,2026-09-17T22:23:57Z
201,Colet Metalizado,Accesorios,19,5.0,,PEN,201Whvr,201,Basic 21 Perú,ambos,Look brillante y definido realza tus peinados con un toque de metal que destaca sin sobrecargar.,,,Único (410),Standard,https://euchelperu.com/images/productos/175701104372847886639818.jpg,https://euchelperu.com/producto.php?id=201,2026-09-17T22:24:42Z
203,Vincha,Accesorios,19,3.0,,PEN,203VIN927,203,Basic 21 Perú,ambos,"Una vincha cómoda que recoge el cabello con estilo, ideal tanto para un look casual como profesional.",,,Negro (412) | Azul noche (937) | Gris (938) | Marrón (939) | Rosado (940) | Blanco (941),Standard | Standar,https://euchelperu.com/images/productos/175686030557167308742300.jpg,https://euchelperu.com/producto.php?id=203,2026-09-17T22:25:27Z
204,Top Bufanda Puntos,Tops,3,39.0,,PEN,204TOP34386,204,Basic 21 Perú,barrido,"Perfecto para combinaciones frescas y sofisticadas, ideal para usar en climas cálidos o en looks de verano con un estilo romántico y fresco.",,,Azul marino (413) | Negro (414) | Blanco (415) | Vino (1586) | Celeste (2001),S | L | M | Standard,https://euchelperu.com/images/productos/175691654578126629189558.jpg | https://euchelperu.com/images/productos/176264374151362619836402.jpg | https://euchelperu.com/images/productos/176264461598961880223982.jpg | https://euchelperu.com/images/productos/176264480252893220013653.jpg,https://euchelperu.com/producto.php?id=204,2026-09-17T22:26:38Z
206,Top Jean Botones,Tops,3,55.0,,PEN,206TOP46697,206,Basic 21 Perú,barrido,"Sus botones frontales aportan estilo y funcionalidad, mientras que el diseño strapless resalta los hombros y el escote con elegancia. Perfecto para combinar con jeans de tiro alto, pantalones sueltos o faldas, ideal para looks casuales o urbanos con un toque sofisticado.",,,Único (417),S | M,https://euchelperu.com/images/productos/175691640553908414869094.jpg,https://euchelperu.com/producto.php?id=206,2026-09-17T22:26:42Z
213,Enterizo Estrella Aro,Enterizos,16,69.0,,PEN,213ENT39005,213,Basic 21 Perú,ambos,"Confeccionado para destacar, este enterizo es ideal para combinar con tacones y accesorios minimalistas, o para complementar con chaquetas ligeras en estilos urbanos renovados.",,,Azul (424),Standard,https://euchelperu.com/images/productos/17568552186779520447005.jpg,https://euchelperu.com/producto.php?id=213,2026-09-17T22:26:45Z
214,Casaca Bolsillos Peluche,Abrigos,2,135.0,,PEN,214CAS77819,214,Basic 21 Perú,ambos,"Abrigo suave y esponjoso con bolsillos integrados, ideal para un look casual urbano y confortable.",,,Negro (425),Standard,https://euchelperu.com/images/productos/17569170617920243562436.jpg,https://euchelperu.com/producto.php?id=214,2026-09-17T22:27:17Z
216,Vestido Ariel Suplex,Vestidos,8,75.0,,PEN,216VES65642,216,Basic 21 Perú,barrido,"Diseño romántico y sofisticado con movimiento, ideal para eventos formales.",,,Negro (427) | Blanco (758) | Beige (759) | Vino (760) | Marrón (761) | Rojo (762),Standard,https://euchelperu.com/images/productos/17596114943997884228116.jpg,https://euchelperu.com/producto.php?id=216,2026-09-17T22:28:45Z
217,Vestido Listones Manga Larga,Vestidos,8,50.0,,PEN,217VES7005233,217,Basic 21 Perú,barrido,"Aporta romanticismo, corte entallado y falda coqueta para un estilo actual y femenino.",,,Gris (755) | Vino (756) | Verde (757) | Negro (1236),Standard | Standar,https://euchelperu.com/images/productos/17595346919664950993190.jpg | https://euchelperu.com/images/productos/175953444459311646730365.jpg,https://euchelperu.com/producto.php?id=217,2026-09-17T22:28:58Z
219,Vestido Selena Cuello,Vestidos,8,95.0,,PEN,219VES45950,219,Basic 21 Perú,barrido,"Este vestido ofrece fluidez, estructura y estilo refinado para ocasiones formales o eventos de noche.",,,Azul marino (430) | Negro (753) | Verde (1585),Standard,https://euchelperu.com/images/productos/175685789796618690886837.jpg | https://euchelperu.com/images/productos/176264147737326917814362.png | https://euchelperu.com/images/productos/176264263156512634962999.jpg,https://euchelperu.com/producto.php?id=219,2026-09-17T22:29:22Z
222,Vestido Tarzán Abertura,Vestidos,8,75.0,,PEN,222VES99186,222,Basic 21 Perú,barrido,"Un diseño único que equilibra elegancia y sensualidad, este vestido largo y de corte asimétrico, realzado con una abertura lateral que aporta movimiento y sofisticación.",,,Negro (433) | Vino (952) | Blanco (953),Standard | Standar,https://euchelperu.com/images/productos/175700712381033531981921.jpg,https://euchelperu.com/producto.php?id=222,2026-09-17T22:29:31Z
223,Vestido Murciélago,Vestidos,8,69.0,,PEN,223VES54823,223,Basic 21 Perú,barrido,"Diseñado con mangas holgadas y un corte que aporta movimiento, este vestido estilo murciélago combina libertad y sofisticación en una silueta moderna y favorecedora.",,,Plomo (434) | Blanco (750),Standard,https://euchelperu.com/images/productos/175684955501830625958463.jpg,https://euchelperu.com/producto.php?id=223,2026-09-17T22:29:51Z
224,Set Viena Suplex,Set,10,69.0,,PEN,224SET28185,224,Basic 21 Perú,barrido,"El Set Viena combina dos piezas que se complementan estética y estructuralmente para un estilo armónico, moderno y versátil en una sola opción.",,,Negro (435) | Marrón (749),Standard,https://euchelperu.com/images/productos/17568539340801335857723.jpg,https://euchelperu.com/producto.php?id=224,2026-09-17T22:29:57Z
225,Cloud - Ariana Grande (Dupe),Perfumes,17,59.0,,PEN,225PER58505,225,Basic 21 Perú,ambos,,,,Único (436),Standard,https://euchelperu.com/images/productos/175799810114073467899433.jpg,https://euchelperu.com/producto.php?id=225,2026-09-17T22:30:00Z
226,Mod Vainilla - Ariana Grande (Dupe),Perfumes,17,59.0,,PEN,2261921,226,Basic 21 Perú,ambos,,,,Único (437),Standard,https://euchelperu.com/images/productos/175799709351069255010748.png,https://euchelperu.com/producto.php?id=226,2026-09-17T22:30:04Z
227,Ari - Ariana Grande (Dupe),Perfumes,17,59.0,,PEN,2271922,227,Basic 21 Perú,ambos,,,,Único (438),Standard,https://euchelperu.com/images/productos/175799812255475621973341.jpg,https://euchelperu.com/producto.php?id=227,2026-09-17T22:30:49Z
228,Born In Roma Donna - Valentino (Dupe),Perfumes,17,59.0,,PEN,2281923,228,Basic 21 Perú,ambos,,,,Único (439),Standard,https://euchelperu.com/images/productos/175799822738109160460850.jpg,https://euchelperu.com/producto.php?id=228,2026-09-17T22:30:52Z
229,212 Vip - Carolina Herrera (Dupe),Perfumes,17,59.0,,PEN,2291924,229,Basic 21 Perú,ambos,,,,Único (440),Standard,https://euchelperu.com/images/productos/17579981875653853687243.jpg,https://euchelperu.com/producto.php?id=229,2026-09-17T22:31:09Z
230,212 Vip Rose - Carolina Herrera (Dupe),Perfumes,17,59.0,,PEN,2301925,230,Basic 21 Perú,ambos,,,,Único (441),Standard,https://euchelperu.com/images/productos/175799817553566758374215.jpg,https://euchelperu.com/producto.php?id=230,2026-09-17T22:31:25Z
231,Good Girl Blush - Carolina Herrera (Dupe),Perfumes,17,59.0,,PEN,2311926,231,Basic 21 Perú,ambos,,,,Único (442),Standard,https://euchelperu.com/images/productos/17579982897351992644383.png,https://euchelperu.com/producto.php?id=231,2026-09-17T22:32:10Z
232,Good Girl - Carolina Herrera (Dupe),Perfumes,17,59.0,,PEN,2321927,232,Basic 21 Perú,ambos,,,,Único (443),Standard,https://euchelperu.com/images/productos/175799833939056815070401.jpg,https://euchelperu.com/producto.php?id=232,2026-09-17T22:32:27Z
233,CH - Carolina Herrera (Dupe),Perfumes,17,59.0,,PEN,2331928,233,Basic 21 Perú,ambos,,,,Único (444),Standard,https://euchelperu.com/images/productos/17579983276486443619541.jpg,https://euchelperu.com/producto.php?id=233,2026-09-17T22:32:30Z
234,Miss Dior Cherie - Dior (Dupe),Perfumes,17,59.0,,PEN,2341929,234,Basic 21 Perú,ambos,,,,Único (445),Standard,https://euchelperu.com/images/productos/1757998145585627356110.jpg,https://euchelperu.com/producto.php?id=234,2026-09-17T22:32:33Z
235,Hypnotic Poison - Dior (Dupe),Perfumes,17,59.0,,PEN,2351930,235,Basic 21 Perú,ambos,,,,Único (446),Standard,https://euchelperu.com/images/productos/17579965404708892652415.jpg,https://euchelperu.com/producto.php?id=235,2026-09-17T22:32:49Z
236,Jadore - Dior (Dupe),Perfumes,17,59.0,,PEN,2361931,236,Basic 21 Perú,ambos,,,,Único (447),Standard,https://euchelperu.com/images/productos/17579965054889294688487.jpg,https://euchelperu.com/producto.php?id=236,2026-09-17T22:32:53Z
237,Bombshell - Victoria´s Secret (Dupe),Perfumes,17,59.0,,PEN,2371932,237,Basic 21 Perú,ambos,,,,Único (448),Standard,https://euchelperu.com/images/productos/175799649499200481454508.jpg,https://euchelperu.com/producto.php?id=237,2026-09-17T22:33:38Z
238,Bombshell Sundrenched - Victoria´s Secret (Dupe),Perfumes,17,59.0,,PEN,2381933,238,Basic 21 Perú,ambos,,,,Único (449),Standard,https://euchelperu.com/images/productos/17579964829318496675491.jpg,https://euchelperu.com/producto.php?id=238,2026-09-17T22:33:41Z
239,Yara - Lattafa (Dupe),Perfumes,17,59.0,,PEN,2391934,239,Basic 21 Perú,ambos,,,,Único (450),Standard,https://euchelperu.com/images/productos/175799645462749462870483.jpg,https://euchelperu.com/producto.php?id=239,2026-09-17T22:33:44Z
240,Yara Candy - Lattafa (Dupe),Perfumes,17,59.0,,PEN,2401935,240,Basic 21 Perú,ambos,,,,Único (451),Standard,https://euchelperu.com/images/productos/175799643796636982561645.jpg,https://euchelperu.com/producto.php?id=240,2026-09-17T22:35:04Z
241,La Vie Est Belle - Lancome (Dupe),Perfumes,17,59.0,,PEN,2411936,241,Basic 21 Perú,ambos,,,,Único (452),Standard,https://euchelperu.com/images/productos/175799540021468615066507.png,https://euchelperu.com/producto.php?id=241,2026-09-17T22:35:08Z
242,Dylan Blue Pour Femme - Versace (Dupe),Perfumes,17,59.0,,PEN,2421937,242,Basic 21 Perú,ambos,,,,Único (453),Standard,https://euchelperu.com/images/productos/175799629255007165299430.jpg,https://euchelperu.com/producto.php?id=242,2026-09-17T22:35:37Z
243,Scandall Le Parfum - Jean Paul Gaultier (Dupe),Perfumes,17,59.0,,PEN,2431938,243,Basic 21 Perú,ambos,,,,Único (454),Standard,https://euchelperu.com/images/productos/17579952640310794011043.jpg,https://euchelperu.com/producto.php?id=243,2026-09-17T22:36:09Z
244,Paris Hilton - Paris Hilton (Dupe),Perfumes,17,59.0,,PEN,2441939,244,Basic 21 Perú,ambos,,,,Único (455),Standard,https://euchelperu.com/images/productos/175799525293107307118521.jpg,https://euchelperu.com/producto.php?id=244,2026-09-17T22:36:12Z
245,Meow - Katy Perry (Dupe),Perfumes,17,59.0,,PEN,2451940,245,Basic 21 Perú,ambos,,,,Único (456),Standard,https://euchelperu.com/images/productos/175799523972761382052674.jpg,https://euchelperu.com/producto.php?id=245,2026-09-17T22:37:17Z
246,Club De Nuit Woman - Armaf (Dupe),Perfumes,17,59.0,,PEN,2461941,246,Basic 21 Perú,ambos,,,,Único (457),Standard,https://euchelperu.com/images/productos/175799521695237485241409.jpg,https://euchelperu.com/producto.php?id=246,2026-09-17T22:37:35Z
247,Donna Karan - Be Delicius (Dupe),Perfumes,17,59.0,,PEN,2471942,247,Basic 21 Perú,ambos,,,,Único (458),Standard,https://euchelperu.com/images/productos/175786924075367307958875.jpg,https://euchelperu.com/producto.php?id=247,2026-09-17T22:37:38Z
248,Chanel N°5 - Chanel (Dupe),Perfumes,17,59.0,,PEN,2481943,248,Basic 21 Perú,ambos,,,,Único (459),Standard,https://euchelperu.com/images/productos/175786922331075700915006.jpg,https://euchelperu.com/producto.php?id=248,2026-09-17T22:37:41Z
249,Baccarat Rouse 540 - Maison Francis Kurkdjian (Dupe),Perfumes,17,59.0,,PEN,2491944,249,Basic 21 Perú,ambos,,,,Único (460),Standard,https://euchelperu.com/images/productos/17578692044551730660394.jpg,https://euchelperu.com/producto.php?id=249,2026-09-17T22:37:45Z
250,Irresistible Rose Velve - Givenchy (Dupe),Perfumes,17,59.0,,PEN,2501945,250,Basic 21 Perú,ambos,,,,Único (461),Standard,https://euchelperu.com/images/productos/17578691788845391467777.jpg,https://euchelperu.com/producto.php?id=250,2026-09-17T22:38:16Z
252,Top Plus Corrugado,Tops,3,45.0,,PEN,252TOP482025,252,Basic 21 Perú,ambos,"Un top entallado con fruncido lateral diseñado para ajustar y estilizar la silueta, y un escote irregular que aporta distinción en cada ángulo.",,,Vino (463) | Negro (913) | Rojo (959) | Acero (960) | rosa (3054) | Amarillo (3084) | Azu marino (3089) | Beige (3698),Standard | Standar,https://euchelperu.com/images/productos/17595370582241743127338.jpg | https://euchelperu.com/images/productos/175953675372767115644867.jpg | https://euchelperu.com/images/productos/177335883947743290867006.jpg | https://euchelperu.com/images/productos/177412020265948150036849.jpg | https://euchelperu.com/images/productos/177412040413146622536990.jpg | https://euchelperu.com/images/productos/178240955022224751080050.jpg | https://euchelperu.com/images/productos/17824096240723556658522.jpg | https://euchelperu.com/images/productos/178240971321973451117516.jpg,https://euchelperu.com/producto.php?id=252,2026-09-17T22:39:52Z
254,Flare Tres Botones,Pantalones,6,95.0,,PEN,254FLA482025,254,Basic 21 Perú,ambos,"Un clásico renovado que combina estilo vintage con comodidad moderna. Con tres botones metálicos, este jean flare define la cintura, alarga las piernas y añade un guiño retro sin perder frescura.",,,Único (465),26 | 28 | 30 | 32 | 34,https://euchelperu.com/images/productos/175703045992808336257707.jpg,https://euchelperu.com/producto.php?id=254,2026-09-17T22:40:22Z
255,Pantalón Shine,Pantalones,6,95.0,,PEN,255PAN04085,255,Basic 21 Perú,barrido,"Una propuesta que une la esencia del jean vintage con el lujo discreto de detalles brillantes, ideal para destacar sin dejar de sentirte tú misma.",,,Único (466),26 | 28 | 30 | 32 | 34,https://euchelperu.com/images/productos/175703035568574563768814.jpg,https://euchelperu.com/producto.php?id=255,2026-09-17T22:40:25Z
256,Correa Cadena Dorada,Correas,14,30.0,,PEN,2561991,256,Basic 21 Perú,ambos,"Dale un toque sofisticado a tu look con esta correa única, diseñada para destacar. Su elegante cadena dorada no solo añade un brillo llamativo, sino que también convierte un accesorio básico en una pieza de moda imprescindible.",,,Único (467),Standard,https://euchelperu.com/images/productos/175700266486202621714302.jpg,https://euchelperu.com/producto.php?id=256,2026-09-17T22:40:28Z
261,Abrigo Lalesh Paño,Abrigos,2,130.0,,PEN,261ABR50678-M,261,Basic 21 Perú,barrido,"Descubre nuestro abrigo largo de paño, una prenda indispensable en tu armario. Perfecto para enfrentar el frío con estilo, ideal para la oficina, la ciudad o una salida especial.",,,Negro (499),M,https://euchelperu.com/images/productos/175685792794710836188406.jpg,https://euchelperu.com/producto.php?id=261,2026-09-17T22:40:31Z
262,Vestido Coquette,Vestidos,8,75.0,,PEN,262VES32215,262,Basic 21 Perú,barrido,Nuestro vestido coquette con tirantes gruesos y lazos es la conjunción perfecta entre elegancia estructurada y encanto femenino. Ideal para marcar presencia donde quieras.,,,Azu (472) | Verde (1581) | Marrón (1582),Standard,https://euchelperu.com/images/productos/175685735471176878811727.jpg | https://euchelperu.com/images/productos/17625671643925551982091.png | https://euchelperu.com/images/productos/176256807995457275987946.png,https://euchelperu.com/producto.php?id=262,2026-09-17T22:40:41Z
263,Pullover Bicolor Hilo,Sweaters,4,35.0,,PEN,263PUL34855,263,Basic 21 Perú,barrido,"Nuestro pullover de hilo combina confort y estilo en una sola prenda. El cuello tipo camisa le da ese extra chic que necesitas, sin renunciar a la suavidad del hilo. Ideal para tus días de oficina, brunch o escapadas urbanas.",,,Beige/negro (473),Standard,https://euchelperu.com/images/productos/175703021172282755667799.jpg,https://euchelperu.com/producto.php?id=263,2026-09-17T22:40:57Z
265,Vestido Kim,Vestidos,8,65.0,,PEN,265VES76857,265,Basic 21 Perú,barrido,Nuestro vestido largo de hilo y manga larga une elegancia y confort en una sola prenda. Su silueta fluida y su tejido noble lo hacen perfecto para cualquier ocasión.,,,Negro (475) | Beige (741),Standard,https://euchelperu.com/images/productos/175685787013266697181332.jpg,https://euchelperu.com/producto.php?id=265,2026-09-17T22:41:17Z
267,Vestido Espalda Tul,Vestidos,8,85.0,,PEN,267VES76415,267,Basic 21 Perú,barrido,Este vestido fusiona romance y elegancia en una sola prenda. Pensado para momentos especiales donde quieras deslumbrar con sutileza y presencia.,,,Color 1 (477) | Color 2 (733) | Color 3 (734),Standard,https://euchelperu.com/images/productos/175685761852725859227875.jpg,https://euchelperu.com/producto.php?id=267,2026-09-17T22:41:53Z
268,Top Zella,Tops,3,29.0,,PEN,268TOP9978166,268,Basic 21 Perú,barrido,"Este top off‑shoulder está diseñado para destacar, su escote revelador y su detalle central crean una silueta sofisticada y femenina. El aliado perfecto para momentos en los que quieres sentirte segura y chic al mismo tiempo.",,,Celeste (731),Standard,https://euchelperu.com/images/productos/17602133051654776168678.jpg,https://euchelperu.com/producto.php?id=268,2026-09-17T22:41:56Z
269,Top Ivana Corrugado,Tops,3,25.0,,PEN,269TOP47552,269,Basic 21 Perú,barrido,"Este top fusiona comodidad y elegancia en una sola pieza. Sublima tu figura de forma natural, para que te veas y sientas increíble en cualquier momento.",,,Jade (479) | Blanco (729) | Rojo (906) | Topo (907),Standard | Standar,https://euchelperu.com/images/productos/17568576541216159155133.jpg | https://euchelperu.com/images/productos/176324968167002421075922.png,https://euchelperu.com/producto.php?id=269,2026-09-17T22:42:50Z
270,Top Strapless Corrugado Punta,Tops,3,39.0,,PEN,270TOP74200,270,Basic 21 Perú,barrido,"Este top strapless redefine el estilo con sutileza. El corrugado acaricia la figura, mientras que la forma asimétrica añade audacia. Perfecto para quienes quieren marcar la diferencia con elegancia sutil.",,,Celeste (480) | Negro (696) | Blanco (697) | Beige (698),Standard,https://euchelperu.com/images/productos/175685769028907451433354.jpg,https://euchelperu.com/producto.php?id=270,2026-09-17T22:43:30Z
273,Cartera Pearl,Carteras,12,69.0,,PEN,2732083,273,Basic 21 Perú,barrido,"Descubre la elegancia con nuestra Cartera Pearl, una pieza sofisticada que combina un estilo clásico con toques modernos. Su diseño de línea curva, con acabado tipo cocodrilo la convierte en el accesorio ideal para elevar cualquier look.",,,Único (483),Standard,https://euchelperu.com/images/productos/175685176385435108368563.jpg,https://euchelperu.com/producto.php?id=273,2026-09-17T22:43:46Z
274,Cartera Zerom,Carteras,12,75.0,,PEN,2742084,274,Basic 21 Perú,barrido,"Descubre la elegancia práctica con nuestra Cartera Zerom, ideal para estilizar tu día a día. Combina funcionalidad con un encanto moderno.",,,Negro (484),Standard,https://euchelperu.com/images/productos/175685165904377904168638.jpg,https://euchelperu.com/producto.php?id=274,2026-09-17T22:44:02Z
275,Cartera Birdy,Carteras,12,120.0,,PEN,2752085,275,Basic 21 Perú,barrido,Descubre un accesorio que combina refinamiento y versatilidad. Nuestra Cartera Birdy es el complemento perfecto para quien busca estilo clásico con detalles modernos.,,,Beige (485),Standard,https://euchelperu.com/images/productos/175685173431820729222349.jpg,https://euchelperu.com/producto.php?id=275,2026-09-17T22:44:19Z
276,Cartera Luxure,Carteras,12,120.0,,PEN,2762086,276,Basic 21 Perú,barrido,"Descubre la sofisticación en cada detalle con nuestra Cartera Luxure, un accesorio refinado que conjuga elegancia clásica y funcionalidad moderna. Realza cualquier conjunto, desde un look casual hasta el más profesional.",,,Negro (486),Standard,https://euchelperu.com/images/productos/17568519299578989512936.jpg,https://euchelperu.com/producto.php?id=276,2026-09-17T22:44:22Z
277,Cartera Vaine,Carteras,12,99.0,,PEN,2772087,277,Basic 21 Perú,barrido,"Añade un toque de sofisticación vibrante con nuestra Cartera Vaine, un accesorio imprescindible que fusiona elegancia y funcionalidad. Es una pieza ideal tanto para el día a día como para una velada especial.",,,Vino (487) | Negro (963),Standard | Standar,https://euchelperu.com/images/productos/17568518993584917847156.jpg,https://euchelperu.com/producto.php?id=277,2026-09-17T22:44:55Z
278,Cartera Bagway,Carteras,12,79.0,,PEN,2782088,278,Basic 21 Perú,barrido,"Añade un toque bohemio y elegante a tu look con esta cartera, ideal para llevar al hombro con comodidad, combina el estilo romántico con la funcionalidad contemporánea.",,,Único (488),Standard,https://euchelperu.com/images/productos/175685187382836676389234.jpg,https://euchelperu.com/producto.php?id=278,2026-09-17T22:44:58Z
279,Cartera Gemma,Carteras,12,95.0,,PEN,279CAR682025,279,Basic 21 Perú,barrido,"Añade elegancia funcional a tu día a día con esta cartera, un diseño sofisticado y atemporal que combina versatilidad y estilo minimalista. Perfecta para la mujer moderna que busca comodidad sin sacrificar elegancia.",,,Único (489),Standard,https://euchelperu.com/images/productos/175685257066699533249477.jpg,https://euchelperu.com/producto.php?id=279,2026-09-17T22:45:30Z
280,Iconic Tote,Carteras,12,75.0,,PEN,2802090,280,Basic 21 Perú,barrido,"Descubre tu nueva compañera para el día a día, esta tote bag tipo puffer es ideal para tus recorridos diarios, perfecta para ir al trabajo, salir de compras o acompañarte en tus aventuras cotidianas.",,,Único (490),Standard,https://euchelperu.com/images/productos/175685094337679399833726.jpg,https://euchelperu.com/producto.php?id=280,2026-09-17T22:45:33Z
281,Cartera Style Chic,Carteras,12,110.0,,PEN,281CAR202586,281,Basic 21 Perú,barrido,"Elegancia estructurada en cada detalle, perfecta para quienes buscan un accesorio refinado que combine estilo clásico y utilidad moderna. Esta cartera es un básico chic que eleva cualquier look con sutileza.",,,Negro (491),Standard,https://euchelperu.com/images/productos/175685269501958133096874.jpg,https://euchelperu.com/producto.php?id=281,2026-09-17T22:46:07Z
282,Billetera Nova,Billeteras,13,49.0,,PEN,2822093,282,Basic 21 Perú,barrido,Esta billetera con su diseño refinado combina perfectamente estética sobria y practicidad moderna. Ideal para acompañarte en tus jornadas con estilo y organización.,,,Único (492),Standard,https://euchelperu.com/images/productos/175685247056939552371991.jpg,https://euchelperu.com/producto.php?id=282,2026-09-17T22:46:10Z
283,Billetera Ethos,Billeteras,13,39.0,,PEN,283BIL06085,283,Basic 21 Perú,ambos,Esta billetera combina practicidad y un detalle distintivo que añade un toque encantador a su diseño limpio y elegante.,,,Único (493),Standard,https://euchelperu.com/images/productos/175685272875767157926898.jpg,https://euchelperu.com/producto.php?id=283,2026-09-17T22:46:13Z
284,Cartera Posh Purse,Carteras,12,55.0,,PEN,284CAR09061,284,Basic 21 Perú,barrido,"Diseñada para quien busca un accesorio ligero, con estilo relajado y un toque contemporáneo. Su forma suave y fruncida evoca ese aspecto acogedor y chic, ideal tanto para el día como para la noche.",,,Beige (494),Standard,https://euchelperu.com/images/productos/175685241446810143193157.jpg,https://euchelperu.com/producto.php?id=284,2026-09-17T22:46:29Z
286,Trendy Tote,Carteras,12,85.0,,PEN,286CAR06085,286,Basic 21 Perú,barrido,"Con un diseño moderno y textura acolchada, este bolso tote combina elegancia urbana con funcionalidad superior. Su acabado mullido transforma cualquier look con un toque chic y práctico.",,,Único (496),Standard,https://euchelperu.com/images/productos/175685101282082833617247.jpg,https://euchelperu.com/producto.php?id=286,2026-09-17T22:46:46Z
287,Cartera Aura Bag,Carteras,12,65.0,,PEN,2872098,287,Basic 21 Perú,barrido,"Un accesorio chic y funcional, diseñado para destacar con sobriedad. Esta cartera de línea curvada es perfecta para aportar un punto de color elegante a tu outfit.",,,Vino (497) | Marrón (961) | Negro (962),Standard | Standar,https://euchelperu.com/images/productos/175685280616251325625376.jpg,https://euchelperu.com/producto.php?id=287,2026-09-17T22:47:37Z
288,Correa Dorelle,Correas,14,25.0,,PEN,2882099,288,Basic 21 Perú,ambos,"Esta correa destaca por su diseño sofisticado y moderno, convirtiéndola en el complemento perfecto para cualquier atuendo.",,,Negro (498) | Marrón (726) | Ladrillo (727) | Beige (728),Standard,https://euchelperu.com/images/productos/175709690518366740162240.jpg,https://euchelperu.com/producto.php?id=288,2026-09-17T22:49:11Z
291,Flare dos botones,Pantalones,6,95.0,,PEN,291FLA14825,291,Basic 21 Perú,ambos,"Jean flare de tiro alto con diseño de dos botones, realza la figura y estiliza tus piernas con un toque retro y elegante.",,,Único (502),26 | 28 | 30 | 32 | 34,https://euchelperu.com/images/productos/175953862697422113647336.jpg,https://euchelperu.com/producto.php?id=291,2026-09-17T22:49:14Z
292,Chaleco Zenit,Blusas,18,65.0,,PEN,292CHA16825,292,Basic 21 Perú,ambos,"""Chaleco sastre de corte entallado, ideal para complementar tus looks con un toque clásico y sofisticado.""",,,Marrón (503) | Blanco (721) | Gris (722) | Beige (723) | Negro (1006),S | M,https://euchelperu.com/images/productos/175686253513878993239478.jpg | https://euchelperu.com/images/productos/176299392831060809618174.png | https://euchelperu.com/images/productos/176299672005355868056113.png | https://euchelperu.com/images/productos/176299678343362157217064.png | https://euchelperu.com/images/productos/176299774524572494317975.png,https://euchelperu.com/producto.php?id=292,2026-09-17T22:50:27Z
293,Top piel y2k,Tops,3,29.0,45.0,PEN,293TOP13085,293,Basic 21 Perú,ambos,"Top con escote pronunciado, amarre al cuello y suave textura de piel de durazno. Ideal para un look sensual y elegante.",,,Vino (504) | Negro (719) | Azul (720),Standard,https://euchelperu.com/images/productos/175684719001252554379794.jpg | https://euchelperu.com/images/productos/175849729001902216561128.jpg | https://euchelperu.com/images/productos/175858002441542102335186.jpg,https://euchelperu.com/producto.php?id=293,2026-09-17T22:51:05Z
294,Blusa lentejuelas,Blusas,18,49.0,,PEN,294BLU13085,294,Basic 21 Perú,ambos,"Blusa con escote y lentejuelas, espalda descubierta y brillo perfecto para destacar en tus noches especiales.",,,Verde (505) | Vino (715) | Celeste (716),Standard,https://euchelperu.com/images/productos/175684705682287289892618.jpg | https://euchelperu.com/images/productos/176004806145995186242220.jpg,https://euchelperu.com/producto.php?id=294,2026-09-17T22:51:15Z
295,BLUSA CORSET MANGA LARGA,Blusas,18,59.0,,PEN,295BLU1382511,295,Basic 21 Perú,ambos,"Blusa ajustada tipo corset con botones frontales y amarre en la espalda, ideal para definir tu figura con un toque femenino y moderno.",,,Negro (711) | Blanco (712) | Marrón (713) | Plomo (1601) | Vino (1988),Standard | S-M | S | M,https://euchelperu.com/images/productos/17595321608473507287895.jpg | https://euchelperu.com/images/productos/175953194848785487023483.jpg | https://euchelperu.com/images/productos/175953241829424541236607.jpg | https://euchelperu.com/images/productos/176305302218623465091877.jpg | https://euchelperu.com/images/productos/177715879622040440657045.jpg,https://euchelperu.com/producto.php?id=295,2026-09-17T22:52:26Z
296,Top cuerina broche,Tops,3,55.0,,PEN,296TOP12085,296,Basic 21 Perú,ambos,"Top de cuerina con escote profundo y correa ajustable para realzar el pecho, perfecto para un look audaz y moderno.",,,Marrón (507) | Negro (1119) | Vino (1120),S | XS | M,https://euchelperu.com/images/productos/175684702756139688015078.jpg | https://euchelperu.com/images/productos/175942842788546917471218.jpg | https://euchelperu.com/images/productos/175942846737163386948504.jpg,https://euchelperu.com/producto.php?id=296,2026-09-17T22:53:31Z
298,Pantalón Broche Zenit,Pantalones,6,95.0,,PEN,298PAN16825,298,Basic 21 Perú,barrido,"Pantalón sastre de corte clásico con cierre de broche en lugar de botón, ideal para un look pulido y moderno",,,Marrón (509) | Negro (717) | Plomo (718) | Blanco (1984) | Beige (1985) | Crema (1986) | Gris (1987),S | M | L,https://euchelperu.com/images/productos/175686250565667277095674.jpg | https://euchelperu.com/images/productos/175857166564266825350325.jpg | https://euchelperu.com/images/productos/17642942971951333091311.jpg,https://euchelperu.com/producto.php?id=298,2026-09-17T22:56:24Z
299,Set Marmoleado,Set,10,39.0,,PEN,299SET12085,299,Basic 21 Perú,barrido,"Este set con estampado marmoleado es perfecto para un look moderno, sofisticado y con personalidad",,,Único (510),Standard,https://euchelperu.com/images/productos/175684690966921205170322.jpg,https://euchelperu.com/producto.php?id=299,2026-09-17T22:57:09Z
303,Blusa Lady Manga Larga,Blusas,18,49.0,59.0,PEN,303BLU19825,303,Basic 21 Perú,ambos,"Blusa con pinzas frontales que realzan la silueta, mangas acampanadas, cuello camisero y botones al frente; elegante y versátil para cualquier ocasión.",,,Blanco c/ Plomo (514) | Blanco c/ Celeste (619) | Blanco c/ Beige (620) | Moca (621) | Negro (624) | Beige (625) | Celeste (626),Standard | Medium,https://euchelperu.com/images/productos/17568473681431778277020.jpg | https://euchelperu.com/images/productos/17600522424441671286230.jpg,https://euchelperu.com/producto.php?id=303,2026-09-17T22:57:31Z
304,Lentes Vintage Lux,Accesorios,19,20.0,,PEN,304LEN10775,304,Basic 21 Perú,ambos,Dale a tu look un toque retro-chic con estos increíbles lentes de sol con forma hexagonal. Su diseño moderno con inspiración vintage y montura dorada los convierte en el accesorio ideal para destacar en cualquier ocasión.,,,Color 1 (515) | Color 2 (709) | Color 3 (710),único,https://euchelperu.com/images/productos/175686093792727593425357.jpg,https://euchelperu.com/producto.php?id=304,2026-09-17T22:58:07Z
305,Lentes Sunny Shades,Accesorios,19,20.0,,PEN,3052406,305,Basic 21 Perú,ambos,"Lentes de sol modernos y versátiles, diseñados para combinar con cualquier outfit, estos lentes son el complemento perfecto para un look casual, elegante o urbano.",,,Color 1 (516) | Color 2 (707) | Color 3 (708),único,https://euchelperu.com/images/productos/175686088681570752763477.jpg,https://euchelperu.com/producto.php?id=305,2026-09-17T23:00:14Z
306,Lentes Crystal Clare,Accesorios,19,20.0,,PEN,3062408,306,Basic 21 Perú,ambos,"Estos lentes de sol ovalados combinan un diseño clásico con un toque moderno, ideales para elevar tu look en cualquier ocasión. Son perfectos para quienes aman la moda con personalidad.",,,Color 1 (517) | Color 2 (705) | Color 3 (706),único,https://euchelperu.com/images/productos/175686082432412268691980.jpg,https://euchelperu.com/producto.php?id=306,2026-09-17T23:01:18Z
307,Lentes Shade Haven,Accesorios,19,20.0,,PEN,3072410,307,Basic 21 Perú,ambos,"Dale un toque vintage a tu estilo con estos elegantes lentes de sol rectangulares, estos lentes son el complemento perfecto para cualquier look, desde casual hasta sofisticado.",,,Color 1 (518) | Color 2 (703) | Color 3 (704),único,https://euchelperu.com/images/productos/175709693396774425733252.jpg,https://euchelperu.com/producto.php?id=307,2026-09-17T23:01:56Z
310,Casaca Polar Capucha,Chaquetas,9,95.0,,PEN,310CAS20825,310,Basic 21 Perú,ambos,"Abrígate con estilo con esta cálida y suave chamarra tipo borrego. Ideal para los días fríos, brinda máxima comodidad, su diseño con gorro y ajuste por cordón agrega practicidad y protección adicional. Perfecta para outfits casuales de otoño e invierno.",,,Camel (521) | Blanco (608) | Plomo (609) | Beige (610) | Negro (611) | Marrón (1019),Standard,https://euchelperu.com/images/productos/175686040271398130184770.jpg,https://euchelperu.com/producto.php?id=310,2026-09-17T23:02:15Z
312,Flare Gretel Basta,Pantalones,6,95.0,,PEN,312FGB222,312,Basic 21 Perú,ambos,"Este pantalón flare destaca por su diseño moderno y elegante, con una costura visible en la basta que añade un toque de estilo original sin perder la sencillez. Su corte acampanado equilibra la figura y estiliza las piernas, convirtiéndolo en una prenda versátil que puedes llevar tanto de día como de noche.",,,Azul Claro (523) | Azul Oscuro (605),26 | 28 | 30 | 32 | 34,https://euchelperu.com/images/productos/175694394874663461868711.jpg,https://euchelperu.com/producto.php?id=312,2026-09-17T23:02:35Z
318,Top Mía Satín,Blusas,18,45.0,,PEN,318TOP90653,318,Basic 21 Perú,ambos,"Blusa satinada sin mangas, de corte largo y amarre al cuello. Elegancia fluida con un toque sofisticado y moderno.",,,Negro (542) | Blanco (543) | Rojo (545) | Piel (1588),Standard,https://euchelperu.com/images/productos/175692026374773677918281.jpg | https://euchelperu.com/images/productos/176264514513474767776984.jpg | https://euchelperu.com/images/productos/176264550755057851372015.jpg | https://euchelperu.com/images/productos/176264572253396249279958.jpg,https://euchelperu.com/producto.php?id=318,2026-09-17T23:04:59Z
320,Vestido Medusa Tul,Vestidos,8,49.0,,PEN,320VES99082,320,Basic 21 Perú,barrido,"Vestido corto de tul con caída suave y escote tipo tortuga. Ligero, delicado y con un aire etéreo perfecto para destacar.",,,Celeste (549) | Blanco (550) | Verde (551) | Negro (552) | Vino (1010) | Gris (1011),Standard | Standar,https://euchelperu.com/images/productos/175692110573101165553180.jpg | https://euchelperu.com/images/productos/175856540202499724433971.jpg | https://euchelperu.com/images/productos/175856601005461971941154.jpg | https://euchelperu.com/images/productos/175856603245933830595858.jpg,https://euchelperu.com/producto.php?id=320,2026-09-17T23:08:38Z
321,Vestido Sabrina Strapless Tul,Vestidos,8,65.0,,PEN,321VES51134,321,Basic 21 Perú,barrido,"Vestido corto strapless de tul con diseño marmoleado. Ligero, vibrante y perfecto para un look único y sofisticado.",,,Morado/negro (553) | Verde/negro (554) | Celeste/negro (555),Standard,https://euchelperu.com/images/productos/17569234012700613522366.jpg | https://euchelperu.com/images/productos/175848880596564814722056.jpg,https://euchelperu.com/producto.php?id=321,2026-09-17T23:09:15Z
322,Chompa Ojal Laly,Sweaters,4,55.0,,PEN,322CHO22621,322,Basic 21 Perú,ambos,"Chompita de hilo con cuello ojal, suave y ligera. Un básico versátil para combinar en cualquier temporada.",,,Vino (556) | Beige claro (557) | Beige oscuro (558) | Marron (919) | Gris (920) | Blanco (1199),Standard | Standar,https://euchelperu.com/images/productos/175848588946649827555241.jpg | https://euchelperu.com/images/productos/175830483635627700289334.png | https://euchelperu.com/images/productos/176291024302950207988495.png | https://euchelperu.com/images/productos/17629104861477136674608.png | https://euchelperu.com/images/productos/176291081825476511436599.png | https://euchelperu.com/images/productos/176291100367420727756979.png,https://euchelperu.com/producto.php?id=322,2026-09-17T23:11:09Z
324,Set Viena,Set,10,65.0,,PEN,324SET34310,324,Basic 21 Perú,ambos,"Set de dos piezas en silueta suelta. Top con caída pronunciada y mangas amplias, acompañado de una falda corta y relajada. Estilo fresco y effortless.",,,Blanco (562) | Negro (563) | Beige oscuro (988) | Acero (2087),Standard,https://euchelperu.com/images/productos/17626462349453359138076.jpg | https://euchelperu.com/images/productos/176264605486234637216112.jpg | https://euchelperu.com/images/productos/176264613931883120754736.jpg | https://euchelperu.com/images/productos/176547724423805425579185.jpg,https://euchelperu.com/producto.php?id=324,2026-09-17T23:12:04Z
325,Top Margaret,Tops,3,45.0,,PEN,325TOP22133,325,Basic 21 Perú,ambos,"Top sin mangas de corte largo en suplex, con ligera caída en el cuello y caída asimétrica que estiliza la figura. Sofisticación minimalista.",,,Azul Acero (565) | Marrón (573) | Vino (954) | Blanco (1228) | Negro (1229),Standard | Standar,https://euchelperu.com/images/productos/17569260351382573659316.jpg | https://euchelperu.com/images/productos/175942616894194523684832.jpg | https://euchelperu.com/images/productos/175942621689166513813144.jpg | https://euchelperu.com/images/productos/175942634065821190457978.jpg | https://euchelperu.com/images/productos/175942636361986533946302.jpg,https://euchelperu.com/producto.php?id=325,2026-09-17T23:13:41Z
326,Vestido Gabriela Copa Tul,Vestidos,8,65.0,,PEN,326VES47579,326,Basic 21 Perú,barrido,"Vestido corto de tul con escote pronunciado, copa estructurada y amarre al cuello. Femenino, delicado y perfecto para destacar.",,,Azul Eléctrico (567) | Negro (568) | Verde Botella (569) | Print Rojo (570) | Print Verde (571) | Print Turquesa (572),Standar,https://euchelperu.com/images/productos/175693687655030959215182.jpg | https://euchelperu.com/images/productos/175953554549584125172028.jpg | https://euchelperu.com/images/productos/175953559532656930059965.jpg,https://euchelperu.com/producto.php?id=326,2026-09-17T23:17:55Z
329,Cardigan Emily,Sweaters,4,59.0,,PEN,329CAR22451,329,Basic 21 Perú,barrido,Cardigan tejido de hilo con corte liviano y detalle de botones dorados al frente. Ideal para elevar tus looks con un toque sofisticado.,,,Beige (583) | Rojo (584) | Azul marino (585) | Negro (586) | Blanco (587),Standard,https://euchelperu.com/images/productos/175693685436027262885107.jpg,https://euchelperu.com/producto.php?id=329,2026-09-17T23:19:53Z
331,Vestido Meli Copa Aro,Vestidos,8,69.0,,PEN,331VES79619,331,Basic 21 Perú,barrido,"Vestido largo ceñido al cuerpo con detalle de aro en el centro y escote marcado, confeccionado en un tejido suave. Un look sofisticado y lleno de estilo.",,,Negro (592) | Marrón (595),Standard,https://euchelperu.com/images/productos/175954044702116505461826.jpg | https://euchelperu.com/images/productos/175954018703864758265321.jpg,https://euchelperu.com/producto.php?id=331,2026-09-17T23:20:13Z
332,Polera Volkisch,Poleras,5,65.0,,PEN,332POL11547,332,Basic 21 Perú,barrido,"Polera oversize con diseño ‘Volkisch’, perfecta para un estilo cómodo y con personalidad única.",,,Azul Acero (599) | Marrón (601) | Verde Botella (602) | Negro (627) | Blanco (628),Standard,https://euchelperu.com/images/productos/175693678304921521524763.jpg | https://euchelperu.com/images/productos/17594329390657663075326.jpg | https://euchelperu.com/images/productos/175943297543108628035920.jpg,https://euchelperu.com/producto.php?id=332,2026-09-17T23:20:42Z
337,Casaca Zenit Oversize,Chaquetas,9,145.0,,PEN,337CAS55923,337,Basic 21 Perú,barrido,Casaca de cuerina oversize con bolsillos laterales y pretina elástica. Ideal para elevar cualquier look con un toque moderno.,,,Vino (645) | Negro (646) | Marrón (647),Standard,https://euchelperu.com/images/productos/17575479614287437415094.jpg | https://euchelperu.com/images/productos/175864568791304762223426.jpg | https://euchelperu.com/images/productos/175864570085720429141597.jpg,https://euchelperu.com/producto.php?id=337,2026-09-17T23:20:52Z
338,Top Mesh Plus,Tops,3,45.0,,PEN,338TOP25765,338,Basic 21 Perú,barrido,Top asimétrico tipo mesh con corrugado lateral que estiliza la figura y un hombro descubierto. Ideal para outfits de día o noche.,,,Color 1 (649) | Color 2 (650) | Color 3 (651) | Color 4 (652) | Color 5 (653),Standard,https://euchelperu.com/images/productos/175754896668926922714346.jpg | https://euchelperu.com/images/productos/175769358369041154243763.jpg | https://euchelperu.com/images/productos/175769359109284942136996.jpg | https://euchelperu.com/images/productos/17576936088398229786991.jpg | https://euchelperu.com/images/productos/175769362579107224361262.jpg,https://euchelperu.com/producto.php?id=338,2026-09-17T23:21:08Z
339,Top Medusa Mesh,Tops,3,35.0,,PEN,339TOP25482,339,Basic 21 Perú,barrido,"Top halter en mesh con escote profundo y ajuste al cuerpo. Diseño semitransparente y sensual, perfecto para looks de noche o salidas con estilo.",,,Vino (655) | Negro (656) | Marrón (657) | Puntos (658),Standard,https://euchelperu.com/images/productos/176048687428689606423637.jpg | https://euchelperu.com/images/productos/175829582595466834045506.jpg | https://euchelperu.com/images/productos/175829585449836245149715.jpg | https://euchelperu.com/images/productos/17629095360645745014497.png,https://euchelperu.com/producto.php?id=339,2026-09-17T23:21:21Z
341,Vestido Ale,Vestidos,8,49.0,59.0,PEN,341VES57153,341,Basic 21 Perú,ambos,"Vestido corto con tirantes delgados, escote fruncido y detalle de volado en el ruedo. Ajustado al cuerpo, ideal para un look dulce y femenino.",,,Amarillo (663) | Negro (664) | Blanco (665) | Azul (666) | Rosado (667),Standard,https://euchelperu.com/images/productos/176245549161258160692051.png | https://euchelperu.com/images/productos/175755092059500408315206.jpg | https://euchelperu.com/images/productos/17585799418263059574240.jpg | https://euchelperu.com/images/productos/176245311741834728581330.png | https://euchelperu.com/images/productos/17624532069643651973074.png,https://euchelperu.com/producto.php?id=341,2026-09-17T23:21:37Z
343,Casaca Zenit Cuerina,Chaquetas,9,125.0,,PEN,343CAS32738,343,Basic 21 Perú,barrido,"Bomber crop en cuerina con cuello camisero y pretina fruncida. El match perfecto para un look fresco, trendy y lleno de actitud.",,,Negro (682) | Marrón (683) | Vino (684),Standard,https://euchelperu.com/images/productos/175848830624241352717988.jpg | https://euchelperu.com/images/productos/175864457134067803364825.jpg | https://euchelperu.com/images/productos/175864460081656166147811.jpg,https://euchelperu.com/producto.php?id=343,2026-09-17T23:21:47Z
345,Savanna bag,Carteras,12,85.0,,PEN,345CAR06085,345,Basic 21 Perú,barrido,"Un bolso compacto con personalidad salvaje. Estilo baguette, detalles dorados y estampado animal print que eleva cualquier look.",,,Print marrón (810) | Print vino (811),Mila Leopard,https://euchelperu.com/images/productos/175769867617848770248724.jpg | https://euchelperu.com/images/productos/175769871176702387054001.jpg,https://euchelperu.com/producto.php?id=345,2026-09-17T23:21:54Z
346,Leather&key bag,Carteras,12,90.0,,PEN,346CAR63756,346,Basic 21 Perú,barrido,"Este bolso tiene un diseño elegante, funcional y urbano, en color negro con detalles dorados, asa estructurada y colgantes decorativos que le dan un aire distintivo y moderno.",,,Negro (812) | Marrón (813) | Topo (814),Cleo Charm,https://euchelperu.com/images/productos/175770016612755606575865.jpg | https://euchelperu.com/images/productos/175770022695918126224328.jpg | https://euchelperu.com/images/productos/175770024105573978125300.jpg,https://euchelperu.com/producto.php?id=346,2026-09-17T23:22:30Z
347,Kuna bag,Carteras,12,139.0,,PEN,347CAR7777866,347,Basic 21 Perú,barrido,"Un bolso amplio, ligero y versátil. Perfecto para acompañarte al trabajo, clases o donde quieras con estilo y comodidad.",,,Marrón (815) | Negro (816),Kairo Taupe,https://euchelperu.com/images/productos/175770069472827338488445.jpg | https://euchelperu.com/images/productos/175770070883824154528794.jpg,https://euchelperu.com/producto.php?id=347,2026-09-17T23:23:53Z
348,Tote Urbelle bag,Carteras,12,95.0,,PEN,34811111,348,Basic 21 Perú,barrido,"Diseño estructurado, amplio y con carácter. Ideal para llevarlo a la oficina o para un día de agenda llena, sin perder el estilo.",,,Marrón (817) | Negro (818),Tosu Grace,https://euchelperu.com/images/productos/1757702025219537899901.jpg | https://euchelperu.com/images/productos/175770203829136258065523.jpg,https://euchelperu.com/producto.php?id=348,2026-09-17T23:24:26Z
349,Luxe Minimal Tote bag,Carteras,12,95.0,,PEN,3495555,349,Basic 21 Perú,barrido,"Bolsa de cuero premium, elegante y espaciosa. Diseño minimalista, resistente y perfecta para cualquier ocasión.",,,Negro (819) | Beige (820),The Tote Bag,https://euchelperu.com/images/productos/175770241948974737475842.jpg | https://euchelperu.com/images/productos/175770243346804191711421.jpg,https://euchelperu.com/producto.php?id=349,2026-09-17T23:24:32Z
350,Vintage Siena bag,Carteras,12,89.0,,PEN,350899,350,Basic 21 Perú,barrido,Vintage Siena combina diseño clásico con funcionalidad moderna. Perfecta para quienes buscan un estilo sofisticado con un toque retro.,,,Negro (821) | Marrón (822),Clasp bag,https://euchelperu.com/images/productos/175770272554843244589527.jpg | https://euchelperu.com/images/productos/175770273735565936367389.jpg,https://euchelperu.com/producto.php?id=350,2026-09-17T23:25:18Z
352,Short Shine,Shorts,20,65.0,,PEN,3520009,352,Basic 21 Perú,barrido,"Short Shine, diseñados con un tejido de destellos metálicos que capturan la luz con cada movimiento. El complemento ideal para tus looks nocturnos con estilo y actitud.",,,Negro (828) | Plomo (829),Standard,https://euchelperu.com/images/productos/175770485503922355535468.jpg | https://euchelperu.com/images/productos/175770486921103726490746.jpg,https://euchelperu.com/producto.php?id=352,2026-09-17T23:25:53Z
353,Buzo Sayuri cierre,Set,10,110.0,,PEN,353BUZ24642,353,Basic 21 Perú,barrido,Conjunto cómodo y moderno de dos piezas. Incluye hoodie con cierre frontal y pantalón amplio de cintura elástica. Ideal para un look casual y relajado.,,,Verde (889) | Negro (890) | Beige (892),Standard,https://euchelperu.com/images/productos/176005818439825865348206.jpg | https://euchelperu.com/images/productos/176005820482213286450364.jpg | https://euchelperu.com/images/productos/176005822478973474428020.jpg,https://euchelperu.com/producto.php?id=353,2026-09-17T23:27:17Z
354,Buzo Kaori,Set,10,99.0,,PEN,354BUZ68687,354,Basic 21 Perú,barrido,Conjunto de dos piezas. Incluye hoodie sin cierre y pantalón ancho con cintura elástica. Perfecto para estar cómoda y con estilo en cualquier momento del día.,,,Verde Pistacho (854) | Vino (876) | Negro (877) | Beige (878) | Camel (879),Standard,https://euchelperu.com/images/productos/175778632421740149240304.jpg,https://euchelperu.com/producto.php?id=354,2026-09-17T23:27:46Z
356,Top Leila espalda,Tops,3,20.0,,PEN,356TOP33357,356,Basic 21 Perú,barrido,Top de manga corta con espalda completamente descubierta y detalle cruzado en la parte baja. Un diseño atrevido y moderno que resalta tu estilo y personalidad. Ideal para looks de noche o eventos especiales.,,,Rojo (856) | Negro (887) | Marrón (888),Standard,https://euchelperu.com/images/productos/175778965019352346690441.jpg | https://euchelperu.com/images/productos/175778965733852579496905.jpg | https://euchelperu.com/images/productos/17582969788333634555901.jpg | https://euchelperu.com/images/productos/175829702004884567772247.jpg,https://euchelperu.com/producto.php?id=356,2026-09-17T23:28:08Z
359,Polera Dalessa,Poleras,5,65.0,,PEN,359POL60853,359,Basic 21 Perú,ambos,"Sudadera con cuello alto y cierre medio. Diseño bordado frontal “Dalessa Collection” con escudo decorativo. Estilo clásico con un toque sofisticado, ideal para outfits casuales y modernos.",,,Marrón (859) | Gris (880) | Blanco (881) | Verde Botella (882) | Negro (883),Standard,https://euchelperu.com/images/productos/175779010134619590947788.jpg | https://euchelperu.com/images/productos/176325656021064295239638.png,https://euchelperu.com/producto.php?id=359,2026-09-17T23:30:01Z
361,Mascarilla Peel-Off,Cuidado personal,15,3.0,,PEN,361MAS26129,361,Basic 21 Perú,ambos,"Mascarilla facial negra tipo peel-off con extractos de granos naturales. Ayuda a eliminar impurezas, puntos negros y células muertas dejando la piel suave y renovada. Ideal para una limpieza profunda con ingredientes de origen vegetal.",,,Único (860),único,https://euchelperu.com/images/productos/175780108358252763451016.jpg,https://euchelperu.com/producto.php?id=361,2026-09-17T23:30:06Z
362,Banda Anti Imperfecciones,Cuidado personal,15,6.0,,PEN,362BAN58594,362,Basic 21 Perú,ambos,"Parches transparentes para espinillas y granos que actúan día y noche. Absorben impurezas, cubren imperfecciones y son prácticamente invisibles sobre la piel. Incluye 24 unidades en 3 tamaños (8mm, 10mm y 12mm). Fáciles de usar y perfectos para un tratamiento localizado discreto y eficaz.",,,Único (862),único,https://euchelperu.com/images/productos/17578012137581151811057.jpg,https://euchelperu.com/producto.php?id=362,2026-09-17T23:30:22Z
364,Gancho marmoleado,Accesorios,19,5.0,,PEN,364GAN46904,364,Basic 21 Perú,ambos,"Ganchos acrílicos de alta resistencia con acabado marmoleado, perfectas para sujetar el cabello con estilo y firmeza. Disponibles en varios tonos elegantes, son ideales para todo tipo de peinados y ocasiones. Tamaño grande y diseño cómodo para uso diario.",,,Color 1 (870) | Color 2 (871) | Color 3 (872) | Color 4 (873) | Color 5 (874) | Color 6 (875),único,https://euchelperu.com/images/productos/17578031785379194964402.jpg,https://euchelperu.com/producto.php?id=364,2026-09-17T23:32:12Z
365,Set de Ligas,Accesorios,19,3.0,,PEN,365SET38815,365,Basic 21 Perú,ambos,"Ligas gruesas de tela tejida, suaves y resistentes, ideales para sujetar el cabello sin maltratarlo. Vienen en un set de 3 colores neutros (negro, beige y café), perfectos para cualquier look y ocasión. Cómodas para uso diario.",,,Único (869),único,https://euchelperu.com/images/productos/175780307814485824181424.jpg,https://euchelperu.com/producto.php?id=365,2026-09-17T23:32:28Z
366,Pinza de Flor Acrílica,Accesorios,19,7.0,,PEN,366GAN55101,366,Basic 21 Perú,ambos,"Pinza de cabello en forma de flor con acabado marmoleado. Disponible en 6 colores elegantes que combinan con cualquier look. Ideal para sujetar el cabello con estilo y firmeza, sin maltratarlo. ¡Añade un toque femenino y chic a tu peinado!",,,Color 1 (863) | Color 2 (864) | Color 3 (865) | Color 4 (866) | Color 5 (867) | Color 6 (868),único,https://euchelperu.com/images/productos/17578025701730062927681.jpg,https://euchelperu.com/producto.php?id=366,2026-09-17T23:34:15Z
367,Bikini Soleil,BIKINIS,21,69.0,89.0,PEN,36710,367,Basic 21 Perú,ambos,Conjunto con top bandeau cruzado y braguita comfy: sensualidad y estilo en pocas palabras.,,,Rojo (970) | Amarillo (971),S | M,https://euchelperu.com/images/productos/175919543128663175676425.jpg | https://euchelperu.com/images/productos/175919543621006891931320.jpg | https://euchelperu.com/images/productos/17591954648431328022465.jpg,https://euchelperu.com/producto.php?id=367,2026-09-17T23:35:04Z
368,Bikini Halo,BIKINIS,21,69.0,89.0,PEN,368012,368,Basic 21 Perú,ambos,"Bikini bicolor con top tipo balconet estructurado y tirantes anchos que realzan el escote, braguita de corte bajo que estiliza la silueta.",,,Bicolor (972),L,https://euchelperu.com/images/productos/175798107769689939117332.jpg,https://euchelperu.com/producto.php?id=368,2026-09-17T23:35:07Z
369,Bikini Floral Bliss,BIKINIS,21,69.0,89.0,PEN,36903,369,Basic 21 Perú,ambos,"Bikini con estampado floral y detalles anudados, ideal para un look fresco y femenino.",,,Floral (973),M,https://euchelperu.com/images/productos/175798150439978664095881.jpg,https://euchelperu.com/producto.php?id=369,2026-09-17T23:36:07Z
370,Bikini Wild Print,BIKINIS,21,69.0,89.0,PEN,37004,370,Basic 21 Perú,ambos,Bikini Wild Elegance con estampado animal print y detalles en perlas que realzan tu estilo. Perfecto para un look atrevido y sofisticado en la playa o la piscina.,,,Animal Print (974),M,https://euchelperu.com/images/productos/175798183308825186174730.jpg,https://euchelperu.com/producto.php?id=370,2026-09-17T23:36:24Z
371,Bikini Coralina,BIKINIS,21,69.0,89.0,PEN,37105,371,Basic 21 Perú,ambos,"Bikini Coralina con estampado efecto serpiente, diseño triangular clásico con tiras ajustables para un ajuste perfecto y comodidad total. Ideal para destacar en la playa o la piscina con estilo y frescura.",,,Rosado (975),S,https://euchelperu.com/images/productos/175798222058919440798776.jpg,https://euchelperu.com/producto.php?id=371,2026-09-17T23:36:27Z
372,Bikini Ocean,BIKINIS,21,69.0,,PEN,37206,372,Basic 21 Perú,barrido,"Bikini con diseño de tiras ajustables y detalles en argollas metálicas, que realzan una silueta sofisticada y moderna. Perfecto para destacar en la playa o la piscina con estilo y comodidad.",,,Marrón (976),L,https://euchelperu.com/images/productos/175798248519968161397757.jpg,https://euchelperu.com/producto.php?id=372,2026-09-17T23:36:30Z
373,Bikini Lua,BIKINIS,21,69.0,89.0,PEN,37307,373,Basic 21 Perú,ambos,"Descubre el bikini Luna, nuestro clásico infaltable de triángulo con tiras ajustables. Su diseño minimalista y cómodo lo hace perfecto para broncearte o disfrutar del mar con estilo.",,,Celeste (977) | Morado (978),S | M,https://euchelperu.com/images/productos/175798306717223556245963.jpg,https://euchelperu.com/producto.php?id=373,2026-09-17T23:37:05Z
374,Bikini Venus,BIKINIS,21,69.0,89.0,PEN,374099,374,Basic 21 Perú,ambos,El bikini Venus combina elegancia y soporte con su top tipo bustier de tirantes anchos y copas con aro. El panty de amarre ajustable en los costados aporta un toque sensual y personalizado. Ideal para destacar tu figura con estilo y seguridad,,,Morado (979),S | M,https://euchelperu.com/images/productos/17579838799815072646905.jpg,https://euchelperu.com/producto.php?id=374,2026-09-17T23:37:08Z
375,Bikini Nudé,BIKINIS,21,69.0,89.0,PEN,375022111,375,Basic 21 Perú,ambos,El bikini Nude destaca por su top con nudo central y tirantes anchos que brindan un look sofisticado y femenino. Su panty de tiro alto con frunces laterales estiliza la figura y asegura un ajuste cómodo. Ideal para quienes buscan un equilibrio entre elegancia y sensualidad.,,,Amarillo (980),M,https://euchelperu.com/images/productos/17579840892124364797300.jpg,https://euchelperu.com/producto.php?id=375,2026-09-17T23:37:11Z
378,Top Demi Broche,Tops,3,35.0,,PEN,378TOP03927,378,Basic 21 Perú,barrido,Top con detalle de anillo dorado en el cuello y un corte en forma de lagrima en la parte delantera.,,,Marrón (995) | Vino (997) | Rosado pastel (3093) | Celeste pastel (3094),Standar,https://euchelperu.com/images/productos/17625418173817422629736.jpg | https://euchelperu.com/images/productos/175841748888831305792086.jpg | https://euchelperu.com/images/productos/175841808004169235572529.jpg | https://euchelperu.com/images/productos/17741216794221074187796.jpg | https://euchelperu.com/images/productos/177412177273424593065386.jpg,https://euchelperu.com/producto.php?id=378,2026-09-17T23:39:41Z
380,Falda Short Tul,Faldas,7,69.0,,PEN,380FAL209251,380,Basic 21 Perú,ambos,"Falda short tul, con diseño en capas y detalle de short interno para mayor comodidad. Femenina y versátil para tus outfits.",,,Negro (1000) | Blanco (1001) | Crema (1002),XS | S | M | L,https://euchelperu.com/images/productos/175848569104187530025807.jpg | https://euchelperu.com/images/productos/175848571579335143032074.jpg | https://euchelperu.com/images/productos/175848572481122761454748.jpg,https://euchelperu.com/producto.php?id=380,2026-09-17T23:40:18Z
381,Falda Short Lentejuelas,Faldas,7,75.0,,PEN,381FAL92025,381,Basic 21 Perú,ambos,"Falda de lentejuelas, con brillo elegante y corte favorecedor. Ideal para darle un toque glam a tus noches especiales.",,,Blanco (1003) | Beige (1004) | Rosado (1020) | Negro (1021) | Plateado (1022) | Dorado (1598),XS | S | M,https://euchelperu.com/images/productos/17584856015661835996229.jpg | https://euchelperu.com/images/productos/17584856127225227768243.jpg | https://euchelperu.com/images/productos/175890324338183131389732.jpg | https://euchelperu.com/images/productos/175890327753812568155442.jpg | https://euchelperu.com/images/productos/175890328959325607984509.jpg,https://euchelperu.com/producto.php?id=381,2026-09-17T23:42:05Z
382,Top martina,Tops,3,49.0,,PEN,382TOP13139,382,Basic 21 Perú,barrido,Top con escote v y un detalle fruncido en la parte del busto.,,,Marrón (1026),Standar,https://euchelperu.com/images/productos/175890383707660532588779.jpg,https://euchelperu.com/producto.php?id=382,2026-09-17T23:42:08Z
384,Vestido Broche Mariposa,Vestidos,8,69.0,,PEN,384VES10296,384,Basic 21 Perú,barrido,,,,Marmoleado marrón (1029),Standar,https://euchelperu.com/images/productos/175890419437459296828795.jpg,https://euchelperu.com/producto.php?id=384,2026-09-17T23:42:11Z
385,Mini vestido lucia,Vestidos,8,69.0,,PEN,385MIN42753,385,Basic 21 Perú,barrido,,,,Marmoleado verde (1030),Standar,https://euchelperu.com/images/productos/17589042641543463935541.jpg,https://euchelperu.com/producto.php?id=385,2026-09-17T23:42:15Z
386,Top luisa,Tops,3,15.0,29.0,PEN,386TOP90631,386,Basic 21 Perú,ambos,"Top que se sujeta en la parte posterior del cuellon, dejando los hombros y la parte superior de la eslpada en descubierto",,,Vaca Marrón (1032) | Vaca (1127) | Cherry (1128) | Negro (1589) | Blanco (1590),Standar | Standard,https://euchelperu.com/images/productos/175890464984305342751221.jpg | https://euchelperu.com/images/productos/175934724773871376839447.jpg | https://euchelperu.com/images/productos/17593472589784431844655.jpg | https://euchelperu.com/images/productos/176279427467828162864217.png | https://euchelperu.com/images/productos/176279452226492907861014.png,https://euchelperu.com/producto.php?id=386,2026-09-17T23:42:44Z
388,Set summer,Set,10,75.0,,PEN,388SET31067,388,Basic 21 Perú,barrido,,,,Marrón (1034),Standar,https://euchelperu.com/images/productos/175890492873537101468689.jpg,https://euchelperu.com/producto.php?id=388,2026-09-17T23:42:47Z
398,Top envolvente puntos,Tops,3,45.0,,PEN,398TOP14272,398,Basic 21 Perú,barrido,"Un top con cuello un escote v pronunciado, con una bufanda en el cuello dandole al outfit clase y elgancia.",,,Negro (1044),Standar,https://euchelperu.com/images/productos/175899157742513874116049.jpg,https://euchelperu.com/producto.php?id=398,2026-09-17T23:42:50Z
399,Mini falda puntos,Faldas,7,55.0,,PEN,399MIN28043,399,Basic 21 Perú,ambos,"Esta mini falda es perfecta para un look casual con estilo. Fresca, cómoda y fácil de combinar.",,,Negro (1045),Standar,https://euchelperu.com/images/productos/17589916673797427965059.jpg,https://euchelperu.com/producto.php?id=399,2026-09-17T23:42:53Z
400,Vestido estrella corrugado,Vestidos,8,59.0,,PEN,400VES27519,400,Basic 21 Perú,barrido,Vestido ajustado con detalle corrugado lateral que realza la figura. Lleva una estrella dorada que apora un toque únicco y llamativo.,,,Vino (1046) | Marrón (1171) | Blanco (1172) | Negro (1173),Standar,https://euchelperu.com/images/productos/175899170974152817227286.jpg | https://euchelperu.com/images/productos/175926400725740184149068.jpg | https://euchelperu.com/images/productos/175926402316829162134638.jpg | https://euchelperu.com/images/productos/175926403186423324274943.jpg,https://euchelperu.com/producto.php?id=400,2026-09-17T23:43:32Z
401,Top teffy punta,Tops,3,25.0,,PEN,401TOP85737,401,Basic 21 Perú,barrido,Top con escote v y un corte asimetrico en la parte inferior que termina en en punta.,,,Plomo (1047) | Negro (1138) | Topo (1139) | Blanco (1140) | Acero (1141),Standar,https://euchelperu.com/images/productos/175899176175293786147217.jpg | https://euchelperu.com/images/productos/17593471666359269597206.jpg | https://euchelperu.com/images/productos/175934717806632314625969.jpg | https://euchelperu.com/images/productos/17593471891142142185045.jpg | https://euchelperu.com/images/productos/175934720048215211992639.jpg,https://euchelperu.com/producto.php?id=401,2026-09-17T23:44:31Z
404,Top Jazmin,Tops,3,45.0,,PEN,404TOP68447,404,Basic 21 Perú,barrido,El top jazmin presenta una abertura frontal en el busto y en esa union encontramos un broche decorativo de color dorado.,,,Marrón (1051) | Celeste (1087) | Melón (1105) | Amarillo (1106),Standar,https://euchelperu.com/images/productos/175899436515644571162005.jpg | https://euchelperu.com/images/productos/175901177522418105643808.jpg | https://euchelperu.com/images/productos/176239204076247293521893.jpg | https://euchelperu.com/images/productos/176239333217921586598382.jpg,https://euchelperu.com/producto.php?id=404,2026-09-17T23:45:10Z
408,Top camila rollete,Tops,3,45.0,,PEN,408TOP43387,408,Basic 21 Perú,barrido,"Top asimetrico de un solo hombro con un efecto fruncido o drapeado en la tela, dandole un estilo elegante y moderno.",,,Marrón (1055) | Negro (1073) | Amarillo (1074) | Beige (1075) | Blanco (1076),Standar,https://euchelperu.com/images/productos/17589948371176349634700.jpg | https://euchelperu.com/images/productos/175900018472805353686975.jpg | https://euchelperu.com/images/productos/175900019827671817271004.jpg | https://euchelperu.com/images/productos/175900021727536568880504.jpg | https://euchelperu.com/images/productos/175900023132357961523342.jpg,https://euchelperu.com/producto.php?id=408,2026-09-17T23:46:34Z
409,Gancho terciopelo,Accesorios,19,5.0,,PEN,409GAN20657,409,Basic 21 Perú,ambos,Este gacho combina terciopelo con brillos para dar un toque de glamour a tu peinado.,,,Marrón (1056) | Celeste (1057) | Negro (1058) | Vino (1059) | Rojo (1060) | Camel (1061),Standar,https://euchelperu.com/images/productos/17589951266832369982888.jpg | https://euchelperu.com/images/productos/175899514208068709184917.jpg | https://euchelperu.com/images/productos/17589951617233175376470.jpg | https://euchelperu.com/images/productos/175899517596959213459226.jpg | https://euchelperu.com/images/productos/175899518733676591817304.jpg,https://euchelperu.com/producto.php?id=409,2026-09-17T23:47:48Z
410,Sombrero jessie,Accesorios,19,20.0,,PEN,410SOM18102,410,Basic 21 Perú,barrido,,,,Rojo (1062),Standar,https://euchelperu.com/images/productos/175899526322430883742640.jpg,https://euchelperu.com/producto.php?id=410,2026-09-17T23:47:52Z
414,Top Fabi Aro,Tops,3,49.0,,PEN,414TOP80029,414,Basic 21 Perú,ambos,"Top con escote drapeado, espalda descubierta y un dije circular dorado que añade elegancia. Ideal para noches especiales o looks con personalidad.",,,Turquesa (1066) | Naranja (1116) | Rosado (1117) | Gris (1118),Standar,https://euchelperu.com/images/productos/175899955589218428836228.jpg | https://euchelperu.com/images/productos/175934658632011226011153.jpg | https://euchelperu.com/images/productos/175934661059573549935524.jpg,https://euchelperu.com/producto.php?id=414,2026-09-17T23:48:17Z
415,Top Hilary Aro,Tops,3,49.0,,PEN,415TOP86891,415,Basic 21 Perú,barrido,"Top con escote drapeado y detalle de aro dorado central, ideal para looks de noche con un toque elegante y atrevido.",,,Azul (1067) | Vino (1088) | Marrón (1089),Standar,https://euchelperu.com/images/productos/175899959661299395944319.jpg | https://euchelperu.com/images/productos/175901270926161420396711.jpg | https://euchelperu.com/images/productos/175901271756762789716296.jpg,https://euchelperu.com/producto.php?id=415,2026-09-17T23:48:40Z
416,Top hailey aro,Tops,3,45.0,,PEN,416TOP99008,416,Basic 21 Perú,ambos,Top asimétrico con detalle de argolla en un hombro y diseño off-shoulder en el otro. Ideal para looks casuales o de noche.,,,Vino (1068) | Marrón (1111) | Negro (1112) | Rosado (1113) | Blanco (1114),Standar,https://euchelperu.com/images/productos/175899968198992752721416.jpg | https://euchelperu.com/images/productos/175925170506435885721461.jpg | https://euchelperu.com/images/productos/175925171914141282271403.jpg | https://euchelperu.com/images/productos/175925173766888656627609.jpg | https://euchelperu.com/images/productos/175925175969751848615547.jpg,https://euchelperu.com/producto.php?id=416,2026-09-17T23:49:38Z
418,Pantalon Jean Excusas,Pantalones,6,95.0,,PEN,418PAN78692,418,Basic 21 Perú,ambos,"Jeans a la cadera, super cómodos y frescos para el cambio de estación.",,,Color 1 (1071) | Color 2 (1072),26 | 28 | 30 | 32,https://euchelperu.com/images/productos/175899993846672660134568.jpg | https://euchelperu.com/images/productos/17589999601863036197331.jpg,https://euchelperu.com/producto.php?id=418,2026-09-17T23:49:57Z
420,Sombrero marinero,Accesorios,19,20.0,,PEN,420SOM17345,420,Basic 21 Perú,ambos,Ideal para que armes tu outfit de halloween.,,,Único (1080),Standar,https://euchelperu.com/images/productos/175900045388349360712473.jpg,https://euchelperu.com/producto.php?id=420,2026-09-17T23:50:00Z
421,Vincha diosa,Accesorios,19,6.0,,PEN,421VIN95958,421,Basic 21 Perú,barrido,Accesorio ideal para tu disfraz de halloween.,,,Dorado (1081),Standar,https://euchelperu.com/images/productos/17590005132168199052813.jpg,https://euchelperu.com/producto.php?id=421,2026-09-17T23:50:05Z
422,Falda Jean,Faldas,7,89.0,,PEN,422FAL98205,422,Basic 21 Perú,barrido,"Mini falda denim en tono azul oscuro, con diseño clásico de cinco bolsillos y pretina con pasadores.",,,Azul (1091),XS | S | M | L,https://euchelperu.com/images/productos/175901741713338867178489.jpg,https://euchelperu.com/producto.php?id=422,2026-09-17T23:50:21Z
425,Pantalón Meli Buzo,Pantalones,6,59.0,,PEN,425PAN28666,425,Basic 21 Perú,barrido,Comfy pants para que puedas lucir un outfit relajado pero sofisticado.,,,Marrón (1094) | Negro (1095) | Plomo (1096) | Camel (1097),S-M,https://euchelperu.com/images/productos/175902016387464155628477.jpg | https://euchelperu.com/images/productos/175902019015278891957199.jpg | https://euchelperu.com/images/productos/175902019907379320961962.jpg | https://euchelperu.com/images/productos/17590202098639528040559.jpg,https://euchelperu.com/producto.php?id=425,2026-09-17T23:51:29Z
427,Short Animal Print,Shorts,20,69.0,,PEN,427SHO17681,427,Basic 21 Perú,ambos,"Short en tendencia, perfecto para presumir tu figura y lucir fenomenal.",,,Marrón (1099) | Negro (1100),Standar,https://euchelperu.com/images/productos/175902052123426336331016.jpg | https://euchelperu.com/images/productos/17590205320521155157038.jpg,https://euchelperu.com/producto.php?id=427,2026-09-17T23:52:15Z
428,Falda Dorada,Faldas,7,39.0,,PEN,428FAL89914,428,Basic 21 Perú,barrido,"Falda indispensable para una noche de drinks, resaltarás y serás el centro de atención.",,,Dorada (1101),Standar,https://euchelperu.com/images/productos/1759020663189849312595.jpg,https://euchelperu.com/producto.php?id=428,2026-09-17T23:52:31Z
429,Mini Vestido Rollete,Vestidos,8,69.0,,PEN,429MIN65514,429,Basic 21 Perú,ambos,Vestido mini asimétrico que marca la silueta con detalle de hombro descubierto. Ideal para noche o eventos especiales.,,,Negro (1200) | Beige (1201) | Palo Rosa (1202),Standard,https://euchelperu.com/images/productos/175916576026882569169688.jpg | https://euchelperu.com/images/productos/175916577936998280678361.jpg | https://euchelperu.com/images/productos/1759165788970071199758.jpg,https://euchelperu.com/producto.php?id=429,2026-09-17T23:53:09Z
438,Vestido Cuello Tortuga,Vestidos,8,75.0,,PEN,438VES22316,438,Basic 21 Perú,barrido,"Vestido largo con cuello tortuga, de corte elegante y silueta estilizada. Ideal para ocasiones formales o looks sofisticados.",,,Verde (1247) | Marrón (1248) | Rojo (1249) | Perla (1250) | Negro (1272) | Blanco (1583),Standard,https://euchelperu.com/images/productos/176020675878599221428992.jpg | https://euchelperu.com/images/productos/17604006579740121359016.jpg | https://euchelperu.com/images/productos/176083780929195463237348.jpg | https://euchelperu.com/images/productos/176262457908996778846186.jpg | https://euchelperu.com/images/productos/176262481565994289810527.jpg | https://euchelperu.com/images/productos/17626248469694323933093.jpg,https://euchelperu.com/producto.php?id=438,2026-09-17T23:55:31Z
439,VESTIDO FUSIÓN AZUL,Vestidos,8,45.0,,PEN,43912345q,439,Basic 21 Perú,barrido,"Destaca con elegancia y seguridad con nuestro Vestido Fusión Azul, una pieza diseñada para realzar tu silueta con un toque sofisticado y moderno.Confeccionado en una tela suave y elástica que se ajusta perfectamente al cuerpo, cuenta con detalle fruncido en la cintura que estiliza la figura y una abertura lateral que aporta sensualidad sin perder la elegancia.Su tono azul profundo lo convierte en la elección ideal para eventos, cenas o salidas nocturnas, mientras que los breteles delgados y el corte midi equilibran perfectamente delicadeza y confianza. ✨ Detalles: Color: Azul eléctrico Corte: Midi con abertura lateral Breteles delgados Tela con elasticidad y ajuste perfecto Diseño fruncido en la zona del abdomen 📍 Ideal para: eventos, cenas, fiestas o una noche especial.",,,Azul (1251),Standard,https://euchelperu.com/images/productos/176020752359545929097060.jpg,https://euchelperu.com/producto.php?id=439,2026-09-17T23:55:34Z
441,TOP AURORA,Tops,3,29.0,,PEN,4417864,441,Basic 21 Perú,barrido,"Femenino, versátil y con un toque sofisticado. El Top Aurora Terracota combina un diseño off shoulder con un delicado fruncido frontal que resalta la figura de manera sutil y elegante.Su tono cálido terracota aporta un aire moderno y distinguido, ideal para combinar con faldas, pantalones o jeans de tiro alto.El tejido suave y elástico brinda comodidad y ajuste perfecto, haciéndolo ideal para cualquier ocasión.",,,Terracota (1254),Standard,https://euchelperu.com/images/productos/176021229011837218080615.jpg,https://euchelperu.com/producto.php?id=441,2026-09-17T23:55:51Z
442,FALDA DIOSA TUL,Faldas,7,55.0,,PEN,442FDT1410,442,Basic 21 Perú,barrido,"Ligera, sensual y perfecta para destacar. Su tul transparente y corte fluido la hacen ideal para looks de playa, festival o verano. ¡Brilla como diosa donde vayas!",,,Azul (1255) | Blanco (1256) | Negro (1257),Standard,https://euchelperu.com/images/productos/176048962325071355655407.jpg | https://euchelperu.com/images/productos/176048964042559181115378.jpg | https://euchelperu.com/images/productos/176048964987243885175066.jpg,https://euchelperu.com/producto.php?id=442,2026-09-17T23:56:27Z
443,TOP DIOSA TUL,Tops,3,15.0,,PEN,443bbbb,443,Basic 21 Perú,barrido,"Minimalista, fresco y lleno de actitud. Su diseño ajustado realza tu figura mientras ofrece comodidad y estilo. Perfecto para días de verano, playa o looks urbanos con un toque atrevido. Combínalo con la falda Diosa Tul para un conjunto de impacto.",,,Azul (1258) | Negro (1259) | Blanco (1260),Standard,https://euchelperu.com/images/productos/17604905356582514124864.jpg | https://euchelperu.com/images/productos/176049055231009829622305.jpg | https://euchelperu.com/images/productos/176049056234532250274579.jpg,https://euchelperu.com/producto.php?id=443,2026-09-17T23:57:03Z
448,BLUSA JEAN,Blusas,18,70.0,,PEN,448jeam,448,Basic 21 Perú,ambos,"La mezclilla nunca pasa de moda y esta blusa lo prueba. Con un diseño moderno y versátil, es perfecta para combinar con absolutamente todo. Su corte femenino la convierten en una pieza clave para cualquier temporada.",,,Azul (1265),Standard,https://euchelperu.com/images/productos/176082781052783373044715.jpg,https://euchelperu.com/producto.php?id=448,2026-09-17T23:57:33Z
449,TOP LEOPARDO,Tops,3,39.0,,PEN,449ppp,449,Basic 21 Perú,barrido,"Desata tu lado más feroz con este top de leopardo que combina estilo, actitud y un toque atrevido. Su diseño ajustado realza tu figura.",,,Negro (1266),Standard,https://euchelperu.com/images/productos/176082861581834394823744.jpg,https://euchelperu.com/producto.php?id=449,2026-09-17T23:57:49Z
450,SHORT LEOPARDO,Shorts,20,45.0,,PEN,450kkk,450,Basic 21 Perú,barrido,Perfecta para combinar con nuestro top leopardo y crear un look poderoso de pies a cabeza.,,,Negro (1267),Standard,https://euchelperu.com/images/productos/176082925559100464270194.jpg,https://euchelperu.com/producto.php?id=450,2026-09-17T23:59:09Z
456,Top Venus,Tops,3,39.0,,PEN,456TOP26444,456,Basic 21 Perú,barrido,Diseño moderno y femenino que realza tu figura con estilo y comodidad. Perfecto para cualquier ocasión.,,,Rosado (1274) | Blanco (1424) | Amarillo (1425) | Negro (1426) | Vino (1427) | Celeste (1428),Standar,https://euchelperu.com/images/productos/176084791194644810043143.jpg | https://euchelperu.com/images/productos/176239273224035234128454.jpg | https://euchelperu.com/images/productos/17623930187787263793724.jpg | https://euchelperu.com/images/productos/176239375026998646497561.jpg | https://euchelperu.com/images/productos/17624635401381056587808.jpg | https://euchelperu.com/images/productos/17624637596968198185287.jpg,https://euchelperu.com/producto.php?id=456,2026-09-18T00:00:58Z
459,Top Andrea,Tops,3,45.0,,PEN,459TOP78405,459,Basic 21 Perú,ambos,"Sin mangas y de cuello alto, combina elegancia minimalista con un estilo moderno y versátil. Ideal para looks sofisticados de día o de noche.",,,Azul (1277) | Negro (1441) | Vino (1442) | Blanco (1443) | Amarillo (1444) | Marrón (1445) | Rosado (2510),Standar | Standard,https://euchelperu.com/images/productos/1760847873425356009155.jpg | https://euchelperu.com/images/productos/17626233634431564779180.jpg | https://euchelperu.com/images/productos/176262342884533810689642.jpg | https://euchelperu.com/images/productos/17626235188756964845890.jpg | https://euchelperu.com/images/productos/17682486977102906986292.png,https://euchelperu.com/producto.php?id=459,2026-09-18T00:04:10Z
462,Top Iris,Tops,3,45.0,,PEN,462TOP22611,462,Basic 21 Perú,ambos,Diseño asimétrico con un detalle colgante en el hombro que lo hace único y lleno de estilo. Perfecto para un look moderno y con actitud.,,,Blanco (1452) | Negro (1453) | Marrón (2098) | Vino (2099) | Rojo (2100) | Amarillo (2101),Standar,https://euchelperu.com/images/productos/176255997715273207241824.jpg | https://euchelperu.com/images/productos/176255975401599106945380.jpg | https://euchelperu.com/images/productos/176591006161954212036815.jpg | https://euchelperu.com/images/productos/176591013202419937828390.jpg | https://euchelperu.com/images/productos/176591023452068857744766.jpg | https://euchelperu.com/images/productos/1765910352848063939958.jpg,https://euchelperu.com/producto.php?id=462,2026-09-18T00:05:38Z
468,Short Rayas,Shorts,20,39.0,,PEN,468SHO75187,468,Basic 21 Perú,ambos,,,,Rayas Rosadas (1287) | Rayas Beige (1329) | Rayas Negras (1330),Standar,https://euchelperu.com/images/productos/176084563906195433479668.jpg | https://euchelperu.com/images/productos/17608456568360615941839.jpg | https://euchelperu.com/images/productos/17608456704462246352098.jpg,https://euchelperu.com/producto.php?id=468,2026-09-18T00:08:02Z
469,Falda Cadera Puntos,Faldas,7,55.0,,PEN,469FAL77996,469,Basic 21 Perú,ambos,,,,Negro (1288) | Beige (1289),M,https://euchelperu.com/images/productos/176084559857057983330137.jpg | https://euchelperu.com/images/productos/176084560584843558665493.jpg,https://euchelperu.com/producto.php?id=469,2026-09-18T00:08:08Z
470,Vestido Ruby,Vestidos,8,85.0,,PEN,470VES44677,470,Basic 21 Perú,ambos,,,,Rosado (1290) | Beige (1489) | Negro (1490) | Blanco (1491),Standar,https://euchelperu.com/images/productos/176092412264646276595308.jpg | https://euchelperu.com/images/productos/176254075296141346197897.jpg | https://euchelperu.com/images/productos/17625410867415819984057.jpg | https://euchelperu.com/images/productos/176255539411699645568724.jpg,https://euchelperu.com/producto.php?id=470,2026-09-18T00:09:13Z
471,Pantalón Lina,Pantalones,6,55.0,,PEN,471PAN56645,471,Basic 21 Perú,ambos,"Fresco, ligero y con caída suave. Es ideal para días cálidos y looks relajados con estilo.",,,Blanco con rayas (1291) | Negro (1486) | Blanco (1573) | Marrón (1574) | Amarillo (2764) | Negro con rayas (2765),S | M,https://euchelperu.com/images/productos/176429291287911459553333.jpg | https://euchelperu.com/images/productos/176247922635107350759995.jpg | https://euchelperu.com/images/productos/176247925894294775894448.jpg | https://euchelperu.com/images/productos/176429302243304833216274.jpg,https://euchelperu.com/producto.php?id=471,2026-09-18T00:10:27Z
472,Polo Oversize,Tops,3,49.0,,PEN,472POL53043,472,Basic 21 Perú,ambos,,,,Martini (1292) | Cherrie (1324) | Cocktail (1325) | Sol (1326) | Lemon (1327) | Cool life (1328),Standar,https://euchelperu.com/images/productos/176084543448313981547961.jpg | https://euchelperu.com/images/productos/176084545454720702356489.jpg | https://euchelperu.com/images/productos/176084547507973169496318.jpg | https://euchelperu.com/images/productos/176084549003124749748497.jpg | https://euchelperu.com/images/productos/17608455064954982502250.jpg | https://euchelperu.com/images/productos/17608455249905430094805.jpg,https://euchelperu.com/producto.php?id=472,2026-09-18T00:13:25Z
473,Top Teresa,Tops,3,49.0,,PEN,473  TOP13389,473,Basic 21 Perú,ambos,"Femenino y con movimiento. Tiene bobos que le dan un toque romántico y divertido, perfecto para elevar cualquier look con un aire delicado.",,,Celeste (1293) | Blanco (1478) | Negro (1479) | Beige (1480) | Rosado (1481) | Verde (1482) | Rojo (2102) | Amarillo (2103),Standar,https://euchelperu.com/images/productos/17608463837279392680045.jpg | https://euchelperu.com/images/productos/17659105831814190265798.jpg | https://euchelperu.com/images/productos/176591061075556528368677.jpg | https://euchelperu.com/images/productos/176591065457494246482467.jpg | https://euchelperu.com/images/productos/176591080892921505978864.jpg,https://euchelperu.com/producto.php?id=473,2026-09-18T00:16:15Z
480,Mini Vestido Dannie,Vestidos,8,59.0,,PEN,480MIN50755,480,Basic 21 Perú,ambos,Corto y con estilo. Tiene un detalle corrugado en la parte baja que le da movimiento y un toque coqueto. Perfecto para destacar sin esfuerzo.,,,Vino (1301) | Blanco (1410) | Negro (1411) | Marrón (1412),Standar,https://euchelperu.com/images/productos/17608463362709474513397.jpg | https://euchelperu.com/images/productos/17626216532725749852327.jpg | https://euchelperu.com/images/productos/176262193939124620318852.jpg,https://euchelperu.com/producto.php?id=480,2026-09-18T00:16:41Z
484,Boina Emily,Accesorios,19,35.0,,PEN,484BOI36413,484,Basic 21 Perú,ambos,,,,Beige (1305),Standar,https://euchelperu.com/images/productos/176084520206538353215482.jpg,https://euchelperu.com/producto.php?id=484,2026-09-18T00:16:44Z
485,Gorro Vintage,Accesorios,19,29.0,,PEN,485554,485,Basic 21 Perú,ambos,,,,Negro (1306) | Azul (1321) | Beige (1322) | Marrón (1323),Standar,https://euchelperu.com/images/productos/176084512707119661033966.jpg | https://euchelperu.com/images/productos/176084515351224569952267.jpg | https://euchelperu.com/images/productos/176084516034894180952007.jpg | https://euchelperu.com/images/productos/176084517477113477435555.jpg,https://euchelperu.com/producto.php?id=485,2026-09-18T00:17:10Z
486,Corset Sabrina,Tops,3,55.0,,PEN,486COR97198,486,Basic 21 Perú,barrido,,,,Rojo (1307) | Beige (1397) | Blanco (1398) | Vino (1399),Standar,https://euchelperu.com/images/productos/176084113019295788242878.jpg,https://euchelperu.com/producto.php?id=486,2026-09-18T00:17:36Z
489,Vestido Sandra Hilo,Vestidos,8,69.0,,PEN,489VES67439,489,Basic 21 Perú,ambos,,,,Marrón (1311) | Rosado (1562) | Amarillo (1563) | Lila (1564),Standar | Standard,https://euchelperu.com/images/productos/17608453018938796263402.jpg | https://euchelperu.com/images/productos/17623669422631446471548.jpg,https://euchelperu.com/producto.php?id=489,2026-09-18T00:17:49Z
493,Top Summer Hilo,Tops,3,39.0,,PEN,493TOP31393,493,Basic 21 Perú,ambos,,,,Butter Yellow (1315) | Blanco (1378) | Negro (1379) | Beige (1380) | Rosa (1381) | Turqueza (2588) | Hueso (2589) | Verde agua (2590),Standar | Standard,https://euchelperu.com/images/productos/176084048175512100424044.jpg | https://euchelperu.com/images/productos/17626211414734865819628.jpg | https://euchelperu.com/images/productos/176857883303969475340822.jpg | https://euchelperu.com/images/productos/176857890937739705828975.png | https://euchelperu.com/images/productos/176857908982409895795123.png | https://euchelperu.com/images/productos/176857917046828260925208.png | https://euchelperu.com/images/productos/1768579216876922098005.png | https://euchelperu.com/images/productos/17685792933124434667840.png,https://euchelperu.com/producto.php?id=493,2026-09-18T00:18:27Z
496,Vestido Belly Blonda,Vestidos,8,75.0,,PEN,496VES76819,496,Basic 21 Perú,ambos,,,,Amarillo (1371) | Blanco (1372) | Verde menta (3128) | Negro (3129) | Beige (3130),Standar,https://euchelperu.com/images/productos/17624643582820137894158.jpg | https://euchelperu.com/images/productos/176246446366204920531901.jpg | https://euchelperu.com/images/productos/17743134618286936534104.jpg | https://euchelperu.com/images/productos/177431355109718793667899.jpg | https://euchelperu.com/images/productos/177431356852955658554849.jpg,https://euchelperu.com/producto.php?id=496,2026-09-18T00:21:04Z
497,Set Stephany Hilo,Set,10,69.0,,PEN,497SET21639,497,Basic 21 Perú,ambos,,,,Blanco-Negro (1319) | Beige (1492) | Mola (1493) | Negro (1494) | Celeste (2520),Standar | Standard,https://euchelperu.com/images/productos/176084056787344948553142.jpg | https://euchelperu.com/images/productos/17682535094981753975242.png | https://euchelperu.com/images/productos/17682540850907494973706.png,https://euchelperu.com/producto.php?id=497,2026-09-18T00:22:44Z
499,Alice bag,Carteras,12,65.0,,PEN,4991,499,Basic 21 Perú,barrido,,,,Negro (1333) | Marrón (1334),Standar,https://euchelperu.com/images/productos/176085137457270144566043.jpg | https://euchelperu.com/images/productos/17608513823944294364659.jpg,https://euchelperu.com/producto.php?id=499,2026-09-18T00:23:04Z
500,Evelyn bag,Carteras,12,75.0,,PEN,5001,500,Basic 21 Perú,ambos,,,,Negro (1335) | Blanco (1336) | Rosado (1337),Standar,https://euchelperu.com/images/productos/176085148483536726077004.jpg | https://euchelperu.com/images/productos/176085149593121897332431.jpg | https://euchelperu.com/images/productos/17608515047919048598346.jpg,https://euchelperu.com/producto.php?id=500,2026-09-18T00:23:55Z
502,Antonella bag,Carteras,12,75.0,,PEN,5021,502,Basic 21 Perú,ambos,,,,Marrón (1341) | Negro (1342) | Blanco (1343),Standar,https://euchelperu.com/images/productos/176085179275491487147144.jpg | https://euchelperu.com/images/productos/176085180442889302427671.jpg | https://euchelperu.com/images/productos/17608518101104137427856.jpg,https://euchelperu.com/producto.php?id=502,2026-09-18T00:25:15Z
505,Olivia bag,Carteras,12,85.0,,PEN,5051,505,Basic 21 Perú,barrido,,,,Blanco (1351) | Negro (1352),Standar,https://euchelperu.com/images/productos/176085224223793845084429.jpg | https://euchelperu.com/images/productos/17608522498943078054131.jpg,https://euchelperu.com/producto.php?id=505,2026-09-18T00:25:47Z
506,Camile bag,Carteras,12,85.0,,PEN,5061,506,Basic 21 Perú,barrido,,,,Negro (1353) | Blanco (1354),Standar,https://euchelperu.com/images/productos/17608523871749948569698.jpg | https://euchelperu.com/images/productos/176085239471915215265939.jpg,https://euchelperu.com/producto.php?id=506,2026-09-18T00:25:54Z
508,Kassy bag,Carteras,12,75.0,,PEN,5081,508,Basic 21 Perú,barrido,,,,Negro (1356) | Beige (1357),Standar,https://euchelperu.com/images/productos/17608525820436298138285.jpg | https://euchelperu.com/images/productos/176085259403466797057814.jpg,https://euchelperu.com/producto.php?id=508,2026-09-18T00:27:02Z
510,Falda Lentejuela 2.0,Faldas,7,75.0,,PEN,510FAL97660,510,Basic 21 Perú,ambos,,,,Negro (1367) | Plateado (1368) | Rosa (1369),Standar,https://euchelperu.com/images/productos/17609251063923027618083.jpg | https://euchelperu.com/images/productos/176092511288831448378470.jpg | https://euchelperu.com/images/productos/176092511904485917785305.jpg,https://euchelperu.com/producto.php?id=510,2026-09-18T00:27:37Z
512,Set Isabella Hilo,Set,10,59.0,,PEN,512SET67688,512,Basic 21 Perú,barrido,"Este set combina un top strapless con una falda larga de hilo, creando un look sofisticado y fresco, perfecto para ocasiones casuales o veraniegas.",,,Palo Rosa (1495) | Celeste (1496) | Negro (1497),Standard,https://euchelperu.com/images/productos/17621314436893334444099.jpg | https://euchelperu.com/images/productos/17624040543289543979835.png | https://euchelperu.com/images/productos/176290288615868833585827.png,https://euchelperu.com/producto.php?id=512,2026-09-18T00:28:42Z
515,Top Caroline Escote,Tops,3,39.0,,PEN,515TOP70295,515,Basic 21 Perú,barrido,Este top asimétrico combina un corte moderno que resalta tu figura con estilo. Perfecto para outfits de noche o looks urbanos con un toque de tendencia.,,,Negro (1507) | Blanco (1509) | Beige (1510),Standard,https://euchelperu.com/images/productos/17623900856442652056618.jpg | https://euchelperu.com/images/productos/176239017958933676818306.jpg | https://euchelperu.com/images/productos/176239040814202249726972.jpg,https://euchelperu.com/producto.php?id=515,2026-09-18T00:28:51Z
516,Top Allison Aro,Tops,3,39.0,,PEN,516TOP74949,516,Basic 21 Perú,ambos,"Este top asimétrico destaca por su diseño único con aro metálico en el hombro, ideal para combinar con faldas o pantalones de tiro alto y crear un look de impacto.",,,Verde (1511) | Blanco (1513),Standard,https://euchelperu.com/images/productos/176238751553046223383272.jpg | https://euchelperu.com/images/productos/176238616199484408315057.png,https://euchelperu.com/producto.php?id=516,2026-09-18T00:29:39Z
517,Top Alice,Tops,3,45.0,,PEN,517TOP88525,517,Basic 21 Perú,barrido,"Este top resalta tu figura con un toque elegante y moderno, perfecto para salidas de noche o looks de temporada.",,,Amarillo (1516) | Blanco (1517) | Negro (1518) | Rosado (1519) | Marrón (1520),Standard,https://euchelperu.com/images/productos/176213153653415268826520.jpg | https://euchelperu.com/images/productos/176240188566008156035192.png | https://euchelperu.com/images/productos/176240200246336688510209.png | https://euchelperu.com/images/productos/176240231363633740716903.png | https://euchelperu.com/images/productos/176240232372124216216160.png,https://euchelperu.com/producto.php?id=517,2026-09-18T00:30:22Z
519,Maxi Chaleco Zenit,Blusas,18,75.0,,PEN,519  MAX74211,519,Basic 21 Perú,ambos,"Elegancia y estilo se unen en esta prenda versátil que eleva cualquier look. Nuestro maxi chaleco aporta un toque moderno y sofisticado, ideal para usar sobre blusas, tops o camisas.",,,Rosado (1528) | Negro (1529) | Beige claro (1530) | Beige oscuro (1531) | Crema (1532),Standard,https://euchelperu.com/images/productos/176213157945855984398205.jpg | https://euchelperu.com/images/productos/176246566091090619619806.jpg | https://euchelperu.com/images/productos/17624664043429765317640.jpg | https://euchelperu.com/images/productos/176246641397262782397073.jpg | https://euchelperu.com/images/productos/176305258506310526521021.jpg,https://euchelperu.com/producto.php?id=519,2026-09-18T00:31:22Z
521,Top Britney Aro,Tops,3,45.0,,PEN,521  TOP79268,521,Basic 21 Perú,ambos,"Top con aros, escote profundo drapeado y diseño halter ajustado. Perfecto para un look moderno y atrevido.",,,Negro (1540) | Vino (1541) | Blanco (1542) | Marrón (1678),Standard | Standar,https://euchelperu.com/images/productos/176238951528483864250239.jpg | https://euchelperu.com/images/productos/176238953128787810721052.jpg | https://euchelperu.com/images/productos/176238981775526181090873.jpg | https://euchelperu.com/images/productos/176325710071548619769454.png,https://euchelperu.com/producto.php?id=521,2026-09-18T00:33:44Z
522,Falda Short Novata,Faldas,7,69.0,,PEN,522FAL44789,522,Basic 21 Perú,barrido,Atrévete a brillar con esta falda short que marca tu figura y aporta un vuelo ligero que te da movimiento y un toque de fantasia para destacar.,,,Negro (1544) | Marrón (1545) | rojo (1546),S | M,https://euchelperu.com/images/productos/176244990746226495361943.png | https://euchelperu.com/images/productos/176213165431143493870040.jpg | https://euchelperu.com/images/productos/17621316639135231741688.jpg,https://euchelperu.com/producto.php?id=522,2026-09-18T00:34:07Z
523,Set Abby,Set,10,75.0,,PEN,523SET19199,523,Basic 21 Perú,ambos,"Set de dos piezas, compuesto por top cruzado con nudo frontal y falda larga con frunce central. Diseño ajustado y elegante, ideal para salidas o eventos nocturnos.",,,Rojo (1547) | Marrón (1548) | Vino (1549) | Azul (1550),Standard,https://euchelperu.com/images/productos/176239087838512794573800.png | https://euchelperu.com/images/productos/17621316830629797764123.jpg | https://euchelperu.com/images/productos/176239090303344844889147.png | https://euchelperu.com/images/productos/176265371351032891687052.jpg,https://euchelperu.com/producto.php?id=523,2026-09-18T00:34:32Z
524,Vestido Hanna Shine,Vestidos,8,75.0,,PEN,524  VES55433,524,Basic 21 Perú,ambos,"Vestido largo brillante, con escote halter profundo y aberturas frontales. Diseño ajustado al cuerpo con abertura lateral, ideal para eventos nocturnos y fiestas.",,,Negro (1554) | Dorado (2230),Standard | Standar,https://euchelperu.com/images/productos/17625375632520264224215.jpg | https://euchelperu.com/images/productos/17665394849962710114908.jpg,https://euchelperu.com/producto.php?id=524,2026-09-18T00:34:38Z
529,TOP VANESSA,Tops,3,39.0,,PEN,529VANE1802,529,Basic 21 Perú,ambos,"Es ideal para combinar con todo, desde tus jeans favoritos hasta faldas de vestir. Una prenda cómoda y versátil para cualquier ocasión.",,,Azul (1609) | Negro (1610) | Marrón (1611) | Blanco (1612) | Vino (1613) | Celeste (1614) | Rosado pastel (3773),Standar,https://euchelperu.com/images/productos/176341737072415429569261.jpg | https://euchelperu.com/images/productos/176359126737778359311012.png | https://euchelperu.com/images/productos/176359137209827414319511.png | https://euchelperu.com/images/productos/176359148624779623185547.png | https://euchelperu.com/images/productos/176359373881781298222797.png | https://euchelperu.com/images/productos/176359417958067245640753.png | https://euchelperu.com/images/productos/178295831154482196277570.jpg,https://euchelperu.com/producto.php?id=529,2026-09-18T00:35:27Z
530,TOP ALONDRA HILO,Tops,3,39.0,,PEN,530ALON3456,530,Basic 21 Perú,ambos,Este encantador top de hilo es perfecto para el verano. Presenta un tejido calado con un patrón texturizado y un cuello alto que lo hace sofisticado. Su corte crop lo convierte en la prenda ideal para combinar con jeans de tiro bajo o faldas largas para un estilo relajado y lleno de glamour.,,,Rosa (1615) | Amarillo (1616) | Verde Pastel (1617) | Beige (1618) | Blanco (1619) | Negro (1620),Standar,https://euchelperu.com/images/productos/17634174355372610668120.jpg | https://euchelperu.com/images/productos/176359436374309868930266.png | https://euchelperu.com/images/productos/176359448105438292412591.png | https://euchelperu.com/images/productos/17635945560766342801928.png | https://euchelperu.com/images/productos/17635948931192497039622.png | https://euchelperu.com/images/productos/176359584048542618850024.png,https://euchelperu.com/producto.php?id=530,2026-09-18T00:37:38Z
533,STRAPLESS LISS ENCAJE,Tops,3,39.0,,PEN,533SLISE3651,533,Basic 21 Perú,barrido,"Un top atrevido y vibrante para destacar. Confeccionado en encaje floral, ofrece un diseño sin tirantes con un sutil fruncido para un ajuste favorecedor. El bajo tiene un corte asimétrico con una caída más larga en un lado, lo que le da un toque moderno.",,,Rojo (1631) | Negro (1632) | Blanco (1633) | Marrón (2092),Standar,https://euchelperu.com/images/productos/176341475207738659285689.jpg | https://euchelperu.com/images/productos/176359792044613970249835.png | https://euchelperu.com/images/productos/17635979735960239883881.png | https://euchelperu.com/images/productos/17658473264726149794052.jpg,https://euchelperu.com/producto.php?id=533,2026-09-18T00:38:58Z
537,TOP BRENDA ARO,Tops,3,45.0,,PEN,537TBRA7651},537,Basic 21 Perú,ambos,Luce un estilo chic con este top. Presenta un elegante detalle de anillo dorado en el cuello que añade un toque sofisticado,,,Verde Olivo (1647) | Vino (1648) | Rosa (1649) | Marrón (1650) | Plomo (1651) | Blanco (1652) | Negro (1653),Standar,https://euchelperu.com/images/productos/176342701255774366579418.jpg | https://euchelperu.com/images/productos/17636782429227486386123.png | https://euchelperu.com/images/productos/176367828663312151468285.png | https://euchelperu.com/images/productos/176367834157767390572264.png | https://euchelperu.com/images/productos/176367839117332382473789.png | https://euchelperu.com/images/productos/176367855486464336134483.png | https://euchelperu.com/images/productos/176367879232984575366188.png,https://euchelperu.com/producto.php?id=537,2026-09-18T00:40:03Z
540,TOP LUANA,Tops,3,39.0,,PEN,540LUAN45122,540,Basic 21 Perú,barrido,"Presenta un escote en V pronunciado y un original corte en pico que imita un pañuelo, resaltando la cintura.",,,Animal Print (1664) | Negro (1665) | Amarillo (1666) | Blanco (1667) | Marrón (1668) | Vino (1669),Standar,https://euchelperu.com/images/productos/17634201060874233339616.jpg | https://euchelperu.com/images/productos/176376174546516779062320.png | https://euchelperu.com/images/productos/176376176954587415334828.png | https://euchelperu.com/images/productos/176376211853693946333485.png | https://euchelperu.com/images/productos/176376224678936105032704.png | https://euchelperu.com/images/productos/176376229392669290032749.png,https://euchelperu.com/producto.php?id=540,2026-09-18T00:41:14Z
542,VESTIDO ALICE COPA,Vestidos,8,59.0,,PEN,542VESAL333,542,Basic 21 Perú,barrido,"Este vestidos es la pieza perfecta para cualquier ocasión que requiera un toque de sofisticación relajada. Confeccionado en una tela ligera y fluida, presenta un encantador estampado estilo damasco que evoca una sensación vintage y chic.",,,Marrón (1679) | Negro (1680) | Vino (1681) | Amarillo (2538),Standar | Standard,https://euchelperu.com/images/productos/176341414788955314444154.jpg | https://euchelperu.com/images/productos/176368312423494307337391.png | https://euchelperu.com/images/productos/176368313347052816278519.png | https://euchelperu.com/images/productos/176368313657032200167671.png | https://euchelperu.com/images/productos/176368315329884150939256.png | https://euchelperu.com/images/productos/176834185867462360450722.jpg,https://euchelperu.com/producto.php?id=542,2026-09-18T00:42:26Z
544,VESTIDO ALISON BOBOS,Vestidos,8,69.0,,PEN,544VESAB4516,544,Basic 21 Perú,ambos,Minivestido con escote en V profundo. La prenda ideal para tus noches de fiesta. Su diseño incluye un favorecedor fruncido lateral que realza la silueta y un volante sutil en la falda para un toque dinámico,,,Marrón (1689) | Negro (1690) | Vino (1691) | Blanco (1692),Standar,https://euchelperu.com/images/productos/176341713108247676771913.jpg | https://euchelperu.com/images/productos/176376781639424723564600.png | https://euchelperu.com/images/productos/176376782812530998825223.png | https://euchelperu.com/images/productos/176376784134627645322552.png,https://euchelperu.com/producto.php?id=544,2026-09-18T00:42:39Z
548,VESTIDO ROMA,Vestidos,8,75.0,,PEN,548VERA6713,548,Basic 21 Perú,ambos,"Minivestido de impacto. Perfecto para destacar en cualquier fiesta o cita especial. Cuenta con un atrevido escote en V profundo, delicados tirantes y una falda corta con un espectacular detalle de rosas en 3D superpuestas",,,Rojo (1700) | Blanco (1701),S | M,https://euchelperu.com/images/productos/176342087346179124354972.jpg | https://euchelperu.com/images/productos/17635868106187606551740.png,https://euchelperu.com/producto.php?id=548,2026-09-18T00:43:21Z
549,VESTIDO ORIANA HILO,Vestidos,8,65.0,,PEN,549VEORI4903,549,Basic 21 Perú,ambos,Vestido midi tejido estilo halter. Una pieza romántica y de tendencia. Ofrece una silueta entallada y elegante.,,,Negro (1706) | Blanco (1709),Standar,https://euchelperu.com/images/productos/176529918432979675958312.jpg | https://euchelperu.com/images/productos/176529908513370510311952.jpg,https://euchelperu.com/producto.php?id=549,2026-09-18T00:43:51Z
552,VESTIDO LISA,Vestidos,8,89.0,,PEN,552LISAX3821,552,Basic 21 Perú,ambos,"Este elegante vestido largo rojo con corte ajustado realza la figura con una silueta estilizada y sofisticada. Con tirantes anchos y un escote cuadrado suave, ofrece un balance perfecto entre sobriedad y sensualidad. Su caída recta hasta el tobillo aporta un toque clásico, ideal para eventos nocturnos, cenas especiales o celebraciones formales.El diseño minimalista permite que el color rojo vibrante sea el protagonista, perfecto para destacar con feminidad y seguridad en cualquier ocasión.",,,Marrón (1714) | Negro (1715) | Blanco (1716) | Celeste (2121) | Rojo (2287) | Verde olivo (2442) | Vino (2443),Standar,https://euchelperu.com/images/productos/176342330207433373659640.jpg | https://euchelperu.com/images/productos/176529859394643601549648.jpg | https://euchelperu.com/images/productos/176529860521565502116412.jpg | https://euchelperu.com/images/productos/176591418511958962490580.jpg | https://euchelperu.com/images/productos/176685400248410861572763.jpg | https://euchelperu.com/images/productos/176780948833884562881131.jpg | https://euchelperu.com/images/productos/176780975949968285228441.jpg,https://euchelperu.com/producto.php?id=552,2026-09-18T00:45:25Z
555,TOP RUBY SATIN,Tops,3,50.0,,PEN,555TOP79097,555,Basic 21 Perú,ambos,"Top lencero de satén. Femenino y tendencia, este top es ideal para un look coqueto.",,,Rosa (1728) | Negro (1790) | Marrón (1791) | Blanco (1792) | Rojo (1793) | Beige (1794),S | M,https://euchelperu.com/images/productos/176342511473609896497244.jpg | https://euchelperu.com/images/productos/176530751214348480581654.jpg | https://euchelperu.com/images/productos/176530753497407969419033.jpg | https://euchelperu.com/images/productos/176530756207977426694929.jpg | https://euchelperu.com/images/productos/176530757549738518339815.jpg | https://euchelperu.com/images/productos/17653078296890922198349.jpg,https://euchelperu.com/producto.php?id=555,2026-09-18T00:46:19Z
556,BLUSA MANGA CORTA CORSET,Blusas,18,55.0,,PEN,556BLU68366,556,Basic 21 Perú,ambos,Blusa entallada con fruncido. Una prenda clave para un look sofisticado y moderno.,,,Celeste (1729) | Negro (1730) | Blanco (1731) | Beige (2008) | rojo (2009),Standar | Standard,https://euchelperu.com/images/productos/17634254719204028028507.jpg,https://euchelperu.com/producto.php?id=556,2026-09-18T00:47:22Z
559,TOP MELANY BUFANDA,Tops,3,39.0,,PEN,559TOP35078,559,Basic 21 Perú,barrido,Presenta un corte asimétrico de un solo hombro y un largo lazo integrado que puedes anudar al cuello como bufanda o dejar caer para un efecto dramático.,,,Acero (1739) | Negro (1740) | Blanco (1741) | Amarillo (1742) | Verde Olivo (1743),Standar,https://euchelperu.com/images/productos/176342675074728113215544.jpg | https://euchelperu.com/images/productos/176530705386677558972514.jpg | https://euchelperu.com/images/productos/176530719787033768020574.jpg | https://euchelperu.com/images/productos/176530724256303869416092.jpg,https://euchelperu.com/producto.php?id=559,2026-09-18T00:47:50Z
560,VESTIDO LILY SHINE ARO,Vestidos,8,75.0,,PEN,560VES061125,560,Basic 21 Perú,ambos,"Vestido midi de brillo metálico. ¡Máximo glamour para tu próxima fiesta! Presenta un sofisticado escote drapeado, tirantes dobles y una abertura lateral en la falda que añade un toque seductor. Su silueta entallada es perfecta para brillar en cocteles y celebraciones.",,,Dorado (1744) | Negro (1745) | Plateado (1746) | Rojo (1747) | Celeste (2232),Standar,https://euchelperu.com/images/productos/176342718311067701375080.jpg | https://euchelperu.com/images/productos/17652979992876790073450.jpg | https://euchelperu.com/images/productos/176529805018220338970858.jpg | https://euchelperu.com/images/productos/176653970475315309576895.jpg,https://euchelperu.com/producto.php?id=560,2026-09-18T00:48:06Z
561,MINI VESTIDO LUA,Vestidos,8,59.0,,PEN,561MIN32218,561,Basic 21 Perú,ambos,El básico elegante que no puede faltar en tu armario. Ofrece un sofisticado escote drapeado y delicados tirantes finos. Su silueta entallada y corta es ideal para un look minimalista y sexy de noche.,,,Azul (1748) | Vino (1749) | Verde (1750) | Blanco (1751) | Negro (1752),Standar,https://euchelperu.com/images/productos/17634275889835928161152.jpg | https://euchelperu.com/images/productos/176529749736577191231182.jpg | https://euchelperu.com/images/productos/176529754489581729891198.jpg | https://euchelperu.com/images/productos/176529758428927679461104.jpg | https://euchelperu.com/images/productos/176529762276368832017304.jpg,https://euchelperu.com/producto.php?id=561,2026-09-18T00:49:33Z
566,TOP LALY ENCAJE,Tops,3,45.0,,PEN,566MAX4616634,566,Basic 21 Perú,ambos,Crop top halter de encaje. Presenta un delicado tejido de encaje floral y un escote halter con tiras ajustables. El detalle de aro dorado en el centro del busto y el diseño fruncido en la parte baja le dan un toque moderno.,,,Rosado (1769) | Negro (1800) | Marrón (1801) | Rojo (1802) | Amarillo (1803) | Blanco (1804),Standar,https://euchelperu.com/images/productos/176348394325810339913158.jpg | https://euchelperu.com/images/productos/176374707496803670559899.jpg | https://euchelperu.com/images/productos/176374753768135625875184.jpg | https://euchelperu.com/images/productos/176374779672610639254745.jpg | https://euchelperu.com/images/productos/17654791398861495304472.jpg | https://euchelperu.com/images/productos/17654793576497334603438.jpg,https://euchelperu.com/producto.php?id=566,2026-09-18T00:50:15Z
569,STRAPLESS SOF ENCAJE,Tops,3,29.0,,PEN,569STR72325,569,Basic 21 Perú,ambos,"Top strapless de encaje. Femenino y muy de moda, ideal para el verano o para usar debajo de una camisa abierta. Confeccionado en encaje floral en un delicado color rosa pastel. El diseño strapless presenta un fruncido sutil en el centro que le da forma. Perfecto para un look casual y atrevido.",,,Rosado (1772) | Negro (1815) | Vino (1816) | Blanco (1817) | Crema (1818) | Celeste (1819),Standar,https://euchelperu.com/images/productos/176348434418820625617831.jpg | https://euchelperu.com/images/productos/176374452314775153924207.jpg | https://euchelperu.com/images/productos/17637446082127017874300.jpg | https://euchelperu.com/images/productos/17637448771458010752811.jpg | https://euchelperu.com/images/productos/176374489101374772161217.jpg | https://euchelperu.com/images/productos/176374494524587804471478.jpg,https://euchelperu.com/producto.php?id=569,2026-09-18T00:51:22Z
570,TOP PAULA SHINE,Tops,3,45.0,,PEN,570TOP63995,570,Basic 21 Perú,barrido,Un top corto y atrevido que no pasará desapercibido. Presenta un cuello alto estilo halter fruncido y un corte que se ajusta y favorece la figura.,,,Animal Print (1773) | Negro (1820) | Blanco (1821) | Amarillo (1822) | Rojo (1823) | Blanco c/ puntos (1824) | Negro c/ puntos (1825),Standar,https://euchelperu.com/images/productos/176348548326461714378955.jpg | https://euchelperu.com/images/productos/176374505782875219310701.jpg | https://euchelperu.com/images/productos/176374511282547971356048.jpg | https://euchelperu.com/images/productos/176530657526628857791939.jpg,https://euchelperu.com/producto.php?id=570,2026-09-18T00:52:20Z
574,VESTIDO ALONDRA VARILLA,Vestidos,8,120.0,,PEN,574VES17853,574,Basic 21 Perú,ambos,"Vestido de noche estilo corsé. Una pieza impactante y sensual en satén azul marino. El diseño presenta un bustier de encaje con transparencias que define el torso, y una falda larga entallada con una abertura lateral que revela un panel de encaje a juego.",,,Azul marino (1777) | Negro (1841) | Verde (1842) | Vino (1843) | Rosado (2010),Standard,https://euchelperu.com/images/productos/176348671975882808943011.jpg | https://euchelperu.com/images/productos/17652947514863625456231.jpg | https://euchelperu.com/images/productos/176529484542436262095298.jpg | https://euchelperu.com/images/productos/176529490688886289046737.jpg,https://euchelperu.com/producto.php?id=574,2026-09-18T00:53:23Z
575,VESTIDO NADIA CORSET,Vestidos,8,99.0,,PEN,575MAX7335787,575,Basic 21 Perú,ambos,Minivestido strapless estilo corsé. Un diseño audaz y texturizado para un look de impacto. Presenta un corte tipo corsé con varillas visibles que estructuran la figura. La tela tiene una sutil textura jaspeada en tonos gris y blanco. Se complementa con una banda/lazo de encaje que se anuda a la cintura. Ideal para fiestas y eventos de moda.,,,Blanco (1778) | Negro (1852),Standar,https://euchelperu.com/images/productos/176348705566885866568966.jpg | https://euchelperu.com/images/productos/17652968461219587114945.jpg,https://euchelperu.com/producto.php?id=575,2026-09-18T06:00:48Z
577,VESTIDO OLENKA BUFANDA,Vestidos,8,59.0,,PEN,577VES86102,577,Basic 21 Perú,ambos,"Vestido corto y ligero de cuello halter alto con estampado de puntos (lunares). Presenta un volante que marca la cintura y una falda corta con borde ondulado, ideal para un look veraniego y coqueto.",,,Blanco (1780) | Negro (1782) | Marrón (1783) | Vino (1784),Standar,https://euchelperu.com/images/productos/176348798496228401411350.jpg,https://euchelperu.com/producto.php?id=577,2026-09-18T00:57:22Z
579,FALDA SHORT LILY ENCAJE,Faldas,7,69.0,,PEN,579FAL24908,579,Basic 21 Perú,ambos,"ChatGPT dijo: Falda de encaje, con capas asimétricas tipo “puntas de estrella”. Ideal para looks románticos o bohemios.",,,Negro (1854) | Blanco (1855) | Amarillo (1856),S | M,https://euchelperu.com/images/productos/176402312161733765911480.png | https://euchelperu.com/images/productos/176402337788929707619970.png | https://euchelperu.com/images/productos/17641181082511459617686.jpg,https://euchelperu.com/producto.php?id=579,2026-09-18T00:58:33Z
580,PAÑOLETAS,Tops,3,29.0,,PEN,580PAN181025,580,Basic 21 Perú,ambos,"Pañoleta con diseño elegante y sofisticado, ideal para usar al como accesorio, banda para el cabello o top. Perfecto para añadir un toque refinado a tus looks diarios o profesionales",,,Diseño 1 (1857) | Diseño 2 (1858) | Diseño 3 (1860) | Diseño 4 (1861) | Diseño 5 (1862) | Diseño 6 (1863) | Diseño 7 (1864) | Diseño 8 (1865) | Diseño 9 (1866) | Diseño 10 (1867),único,https://euchelperu.com/images/productos/17640288768272427313698.jpg | https://euchelperu.com/images/productos/176402892155321959457540.jpg | https://euchelperu.com/images/productos/176402903084266937148956.jpg | https://euchelperu.com/images/productos/176851331994082775381505.jpg | https://euchelperu.com/images/productos/17685133326204856423794.jpg | https://euchelperu.com/images/productos/176851338447725978220452.jpg | https://euchelperu.com/images/productos/1768513415099160451265.jpg | https://euchelperu.com/images/productos/176851342747937486112145.jpg,https://euchelperu.com/producto.php?id=580,2026-09-18T01:00:04Z
581,SET DE PULSERAS SUMMER,Accesorios,19,15.0,,PEN,581SET25270,581,Basic 21 Perú,ambos,Set de pulseras con inspiración playera. ¡El accesorio perfecto para tu estilo boho-chic!,,,Diseño 1 (1868) | Diseño 2 (1869),único,https://euchelperu.com/images/productos/176403266945986371039596.jpg,https://euchelperu.com/producto.php?id=581,2026-09-18T01:00:57Z
583,VESTIDO FLOR BROCHE,Vestidos,8,89.0,,PEN,583VES30229,583,Basic 21 Perú,ambos,"Vestido con escote de un solo hombro, detalle de fruncido lateral y aplique floral dorado en el hombro. Perfecto para cenas, brunch o eventos elegantes de día.",,,Blanco (1872) | Amarillo (1873) | Beige (1874) | Negro (1875),XS | S,https://euchelperu.com/images/productos/176403372272424904354838.jpg | https://euchelperu.com/images/productos/176412149909921634146791.png | https://euchelperu.com/images/productos/176418441168154996565521.jpg | https://euchelperu.com/images/productos/17641846061390292956118.jpg,https://euchelperu.com/producto.php?id=583,2026-09-18T01:01:10Z
584,VESTDO FLAVIA SHINE,Vestidos,8,79.0,,PEN,584VES93948,584,Basic 21 Perú,ambos,Este vestido aporta una silueta estilizada y sensual con un toque de glamour gracias a su tela brillante. ¡Serás el centro de atención!,,,Beige (1876),XS | S,https://euchelperu.com/images/productos/176403429216314713079090.jpg,https://euchelperu.com/producto.php?id=584,2026-09-18T01:01:25Z
586,TOP FLOR TUL,Tops,3,45.0,,PEN,586  TOP29193,586,Basic 21 Perú,barrido,Top con detalle de flor blanca 3D. con forro en el busto. Perfecto para looks de verano y estilo Y2K.,,,Amarillo (1880),S,https://euchelperu.com/images/productos/176403498367008392623759.jpg,https://euchelperu.com/producto.php?id=586,2026-09-18T01:01:28Z
587,VESTIDO ANNIA BOBOS,Vestidos,8,89.0,,PEN,587MAX733578,587,Basic 21 Perú,ambos,"Elegante vestido mini blanco de un solo hombro, ajustado y drapeado.",,,Blanco (1881) | Rojo (1897),XS,https://euchelperu.com/images/productos/17640902158875940089464.jpg | https://euchelperu.com/images/productos/176419819961904751749340.png,https://euchelperu.com/producto.php?id=587,2026-09-18T01:01:58Z
588,SET MAYRA SHINE,Set,10,99.0,,PEN,588MAX733573,588,Basic 21 Perú,barrido,"Set de falda y top en tejido shimmer color nude, con detalle anudado en la cintura y sensual abertura frontal.",,,Beige (1882),XS,https://euchelperu.com/images/productos/17640909103638223547671.jpg,https://euchelperu.com/producto.php?id=588,2026-09-18T01:02:02Z
589,VESTIDO MIRANDA ENCAJE,Vestidos,8,99.0,,PEN,589MAX733578,589,Basic 21 Perú,ambos,Mini vestido halter en tul nude con delicados bordados florales en relieve de tono amarillo suave.,,,Nude (1883) | Amarillo (2607) | Negro (2608) | Vino (2609) | Marron (2610),S | M,https://euchelperu.com/images/productos/176409169015779892065979.jpg | https://euchelperu.com/images/productos/17691219222280555282138.png | https://euchelperu.com/images/productos/176912213071414973436167.png | https://euchelperu.com/images/productos/176912271445818883685355.png | https://euchelperu.com/images/productos/176912281001555638162182.jpg,https://euchelperu.com/producto.php?id=589,2026-09-18T01:03:05Z
591,MINI VESTIDO SHAKY LENTEJUELAS,Vestidos,8,89.0,,PEN,591MAX733572,591,Basic 21 Perú,ambos,Mini vestido de lentejuelas doradas con escote halter y abertura frontal en forma de lágrima.,,,Dorado (1885),S | M,https://euchelperu.com/images/productos/17640924274670733671408.jpg,https://euchelperu.com/producto.php?id=591,2026-09-18T01:03:08Z
595,TOP BUTTERFLY,Tops,3,45.0,,PEN,595PAN57398-347,595,Basic 21 Perú,ambos,Top de encaje color amarillo pálido con tirantes finos y detalle de lazo frontal anudado.,,,Amarillo (1889) | Rojo (3083),S,https://euchelperu.com/images/productos/176409488677525621318650.jpg | https://euchelperu.com/images/productos/177411988769199151215252.jpg,https://euchelperu.com/producto.php?id=595,2026-09-18T01:04:02Z
596,TOP SHAKY LENTEJUELAS,Tops,3,59.0,,PEN,596LEN107189,596,Basic 21 Perú,ambos,Top halter de lentejuelas doradas con escote pronunciado y abertura frontal con detalle de corazón.,,,Dorado (1890) | Rosado (2637),S | Standard,https://euchelperu.com/images/productos/17640958070200051088998.jpg | https://euchelperu.com/images/productos/17692135083788440550123.jpg,https://euchelperu.com/producto.php?id=596,2026-09-18T01:04:44Z
597,VESTIDO ANIMAL PRINT,Vestidos,8,85.0,,PEN,597MAX733578798,597,Basic 21 Perú,barrido,"Vestido midi con animal print de leopardo, tirantes finos y escote drapeado",,,Animal Print (1891),XS | S | M,https://euchelperu.com/images/productos/176409657388638743357101.jpg,https://euchelperu.com/producto.php?id=597,2026-09-18T01:04:47Z
598,VESTIDO TATI ESPALDA,Vestidos,8,69.0,,PEN,598MAX73357879,598,Basic 21 Perú,ambos,Vestido largo color vino de corte sirena con tirantes delgados y elegante escote desbocado.,,,Vino (1892) | Rojo (1893),S,https://euchelperu.com/images/productos/176409862462558997843399.jpg | https://euchelperu.com/images/productos/17654711205194440064446.jpg,https://euchelperu.com/producto.php?id=598,2026-09-18T01:04:53Z
599,VESTIDO BRISSA SATIN,Vestidos,8,120.0,,PEN,599VES89124,599,Basic 21 Perú,ambos,"Un diseño de ensueño con corpiño estilo corset y delicados bordados florales transparentes, combinado con una falda larga de caída sedosa. ¡Perfecto para deslumbrar!",,,Rosa (1903) | Azul (1904) | Acero (1905) | Vino (1906),Standar,https://euchelperu.com/images/productos/17642838038160430246039.jpg | https://euchelperu.com/images/productos/176530298764429490078501.jpg | https://euchelperu.com/images/productos/17653031797194530986944.jpg | https://euchelperu.com/images/productos/176530320805235616338062.jpg,https://euchelperu.com/producto.php?id=599,2026-09-18T01:05:30Z
600,VESTIDO DANI BRILLOS,Vestidos,8,120.0,,PEN,600VES9801,600,Basic 21 Perú,ambos,"Vestido de noche en satín con top bustier semitransparente, delicadamente bordado con motivos florales. Su falda de satín de seda cae con gracia y presenta una sensual abertura alta para un movimiento espectacular.",,,Rosa (1907) | Azul (1908) | Acero (1909) | Beige (1910) | Verde (1911),Standar,https://euchelperu.com/images/productos/17642840830846794384053.jpg | https://euchelperu.com/images/productos/17652963359781215393484.jpg | https://euchelperu.com/images/productos/176530223505301105975330.jpg | https://euchelperu.com/images/productos/176530281298992112411827.jpg,https://euchelperu.com/producto.php?id=600,2026-09-18T01:06:10Z
602,FALDA HANNA ENCAJE,Faldas,7,69.0,,PEN,602FALE8920,602,Basic 21 Perú,ambos,Un diseño audaz con volantes en cascada en la parte superior y un tejido semitransparente con detalles en puntilla. Perfecta para un estilo boho-chic de festival o playa.,,,Blanco (1918) | Negro (1919),Standar,https://euchelperu.com/images/productos/176428508616121270316481.jpg | https://euchelperu.com/images/productos/176436610251918830310951.png,https://euchelperu.com/producto.php?id=602,2026-09-18T01:06:17Z
604,TOP MELY SATIN,Tops,3,50.0,,PEN,604TOP95465,604,Basic 21 Perú,barrido,Top de satín con escote halter pronunciado y efecto drapeado. El corte en la cintura crea una silueta entallada. La pieza clave para un look de noche minimalista y chic.,,,Acero (1924) | Vino (1925) | Beige (1926) | Negro (1927) | Blanco (3092),Standar,https://euchelperu.com/images/productos/176428613134039324540077.jpg | https://euchelperu.com/images/productos/176437524904361853952924.png | https://euchelperu.com/images/productos/176437526516792844245602.png | https://euchelperu.com/images/productos/176437528292049733791380.png | https://euchelperu.com/images/productos/17741212451579546443423.jpg,https://euchelperu.com/producto.php?id=604,2026-09-18T01:07:32Z
605,MINI VESTIDO ORIANA,Vestidos,8,59.0,,PEN,605MIN97441,605,Basic 21 Perú,ambos,Diseño strapless con detalles de cut-out frontal y un anillo metálico central. El fruncido (drapeado) en todo el cuerpo define la silueta.,,,Amarillo (1928) | Blanco (1929) | Marrón (1931),Standar,https://euchelperu.com/images/productos/17642865907156223765947.jpg | https://euchelperu.com/images/productos/176436530687576734070447.png | https://euchelperu.com/images/productos/176436546211971954078852.png,https://euchelperu.com/producto.php?id=605,2026-09-18T01:08:17Z
608,VESTIDO IVANA BRILLOS,Vestidos,8,79.0,,PEN,608VES66566,608,Basic 21 Perú,ambos,Su tejido texturizado con sutiles destellos glitter y el escote corazón realzan la figura con un toque de glamour y sofisticación para la noche.,,,Dorado (1942) | Plateado (1943) | Vino (1944) | Negro (1945),Standar,https://euchelperu.com/images/productos/176428830457787178684503.jpg | https://euchelperu.com/images/productos/176437339022107120984514.png | https://euchelperu.com/images/productos/176530112645754626817146.jpg | https://euchelperu.com/images/productos/176530153009548763883358.jpg,https://euchelperu.com/producto.php?id=608,2026-09-18T01:09:06Z
609,MINI VESTIDO MARIANA COPA,Vestidos,8,59.0,,PEN,609MIN67962,609,Basic 21 Perú,ambos,Diseño ajustado bodycon con escote corazón tipo bustier y un favorecedor drapeado (fruncido) en la falda. ¡La pieza clave para brillar en la pista de baile!,,,Negro (1948),Standar,https://euchelperu.com/images/productos/176529587034632782763831.jpg,https://euchelperu.com/producto.php?id=609,2026-09-18T01:09:09Z
611,TOP NUBE,Tops,3,49.0,,PEN,611TOP86566,611,Basic 21 Perú,ambos,El diseño presenta un escote fruncido con un volante en cascada que le da un vuelo espectacular y un toque romántico. ¡Ideal para un look dulce!,,,Celeste (1953) | Blanco (1956),Standar,https://euchelperu.com/images/productos/176429031579753983448257.jpg | https://euchelperu.com/images/productos/176437478573239715993296.png,https://euchelperu.com/producto.php?id=611,2026-09-18T01:09:15Z
612,CORSET DUA LENTEJUELAS,Tops,3,55.0,,PEN,612  COR85482,612,Basic 21 Perú,barrido,"Top corset sin tirantes. Completamente cubierto de lentejuelas brillantes, este diseño incluye varillas y copas estructuradas para un ajuste perfecto. ¡La pieza ideal para un look de fiesta inolvidable!",,,Rojo (1957) | Verde (1958) | Negro (1959) | Blanco (1960),Standar,https://euchelperu.com/images/productos/176429052287307868435660.jpg | https://euchelperu.com/images/productos/176437453414441756661807.png | https://euchelperu.com/images/productos/176437456946919827436642.png | https://euchelperu.com/images/productos/176530617195349945393728.jpg,https://euchelperu.com/producto.php?id=612,2026-09-18T01:09:28Z
613,MINI VESTIDO ZENDAYA,Vestidos,8,75.0,,PEN,613MIN88974,613,Basic 21 Perú,ambos,Minivestido de lentejuelas con un dramático escote halter tipo cowl (drapeado). ¡Diseñado para brillar! La pieza perfecta para la fiesta y para acaparar todas las miradas.,,,Negro (1961) | Beige (1962) | Dorado (1963),S | M,https://euchelperu.com/images/productos/176429082671577141330671.jpg | https://euchelperu.com/images/productos/17643740646587932166640.png | https://euchelperu.com/images/productos/176437409998034433981221.png,https://euchelperu.com/producto.php?id=613,2026-09-18T01:09:38Z
615,VESTIDO CAROL BLONDA,Vestidos,8,75.0,,PEN,615VES61543,615,Basic 21 Perú,ambos,Vestido slip dress asimétrico. Su escote corazón y el delicado encaje en el bajo de la falda le dan un aire lencero y sofisticado.,,,Negro (1968) | Blanco (1969),S | M,https://euchelperu.com/images/productos/17642925775784095413400.jpg | https://euchelperu.com/images/productos/176436502834667358913999.png,https://euchelperu.com/producto.php?id=615,2026-09-18T01:10:21Z
617,SHORT MAFER ELASTICO,Shorts,20,59.0,,PEN,617SHO528 66,617,Basic 21 Perú,ambos,Su diseño de corte tailoring con pinzas en el frente y pernera ancha garantiza una caída impecable y una silueta estilizada. ¡Perfecto para un look de oficina o casual chic!,,,Marrón (1976) | Negro (1977) | Blanco (1978) | Beige (1979),S | M,https://euchelperu.com/images/productos/176429359183079265835796.jpg | https://euchelperu.com/images/productos/176437057329946833327952.png | https://euchelperu.com/images/productos/176437082043538757861143.png | https://euchelperu.com/images/productos/176437084123973837937945.png,https://euchelperu.com/producto.php?id=617,2026-09-18T01:10:58Z
618,SHORT CHLOE LINO,Shorts,20,59.0,,PEN,618SHO47431,618,Basic 21 Perú,ambos,Short de lino. Diseño de tiro alto con corte de pinzas y pierna suelta. ¡Un básico perfecto para los días de verano!,,,Celeste (1980) | Perla (1981) | Chocolate (1982) | Negro (1983),S | M | L,https://euchelperu.com/images/productos/1764293838612682756348.jpg | https://euchelperu.com/images/productos/176436761608270583458701.png | https://euchelperu.com/images/productos/176436897047196876656910.png | https://euchelperu.com/images/productos/176436927166973553679887.png,https://euchelperu.com/producto.php?id=618,2026-09-18T01:11:11Z
621,CHALECO MELISSA SASTRE,Chaquetas,9,65.0,,PEN,621CHA31025,621,Basic 21 Perú,barrido,"Chaleco sastre clásico con corte entallado y botones frontales, ideal para combinar con pantalón de vestir o jeans.",,,Blanco (1997) | Beige (1998) | Marrón (1999) | Negro (2000),S | M,,https://euchelperu.com/producto.php?id=621,2026-09-18T01:11:24Z
623,BIKINI AURA,BIKINIS,21,99.0,,PEN,623BKN152,623,Basic 21 Perú,ambos,"Diseño sensual y confortable, ideal para playa, piscina o vacaciones.",,,Azul (2012) | Fucsia (2013),S,https://euchelperu.com/images/productos/1764460642836711012943.jpg | https://euchelperu.com/images/productos/176446182578579566470702.jpg,https://euchelperu.com/producto.php?id=623,2026-09-18T01:11:31Z
624,BIKINI SUNNY,BIKINIS,21,99.0,,PEN,624BKN15282,624,Basic 21 Perú,ambos,"Bikini cómodo y moderno, ideal para destacar este verano.",,,Beige (2014) | Negro (3138),S | S-M,https://euchelperu.com/images/productos/176446178216625344859172.jpg | https://euchelperu.com/images/productos/177437588172946698752748.jpg,https://euchelperu.com/producto.php?id=624,2026-09-18T01:12:02Z
625,BIKINI HAWAI,BIKINIS,21,99.0,,PEN,625BKN15274,625,Basic 21 Perú,ambos,Detalles únicos que hacen la diferencia en tu look.,,,Blanco c/ fucsia (2015),S,https://euchelperu.com/images/productos/176446221403616672426652.jpg,https://euchelperu.com/producto.php?id=625,2026-09-18T01:12:16Z
626,BIKINI LISSA,BIKINIS,21,99.0,,PEN,626BKN15236,626,Basic 21 Perú,ambos,Diseño favorecedor con acabado suave y ajuste perfecto.,,,Rosado (2016),S,https://euchelperu.com/images/productos/176446322666710795940406.jpg,https://euchelperu.com/producto.php?id=626,2026-09-18T01:12:55Z
627,BIKINI FLOWER,BIKINIS,21,99.0,,PEN,627BKN15291,627,Basic 21 Perú,ambos,"Bikini cómodo y moderno, ideal para destacar este verano.",,,Amarillo (2017),S,https://euchelperu.com/images/productos/176446448763360803142411.jpg,https://euchelperu.com/producto.php?id=627,2026-09-18T01:13:47Z
628,BIKINI STAR,BIKINIS,21,99.0,,PEN,628BKN15227,628,Basic 21 Perú,ambos,"Perfecto para lucir fresca, segura y con estilo.",,,Beige (2018),S,https://euchelperu.com/images/productos/17644642026927236880251.jpg,https://euchelperu.com/producto.php?id=628,2026-09-18T01:14:03Z
629,BIKINI BRISA,BIKINIS,21,99.0,,PEN,629BKN152,629,Basic 21 Perú,ambos,Diseño favorecedor con acabado suave y ajuste perfecto.,,,Negro c/ blanco (2019),S,https://euchelperu.com/images/productos/176446524511208495186944.jpg,https://euchelperu.com/producto.php?id=629,2026-09-18T01:14:43Z
630,BIKINI LARA,BIKINIS,21,99.0,,PEN,630BKN152,630,Basic 21 Perú,ambos,Detalles únicos que hacen la diferencia en tu look.,,,Marrón rayado (2020),S,https://euchelperu.com/images/productos/176446566653926343079967.jpg,https://euchelperu.com/producto.php?id=630,2026-09-18T01:14:46Z
631,SANDALIA LOVE,Calzado,22,85.0,,PEN,631SAN559106,631,Basic 21 Perú,ambos,"Estas elegantes sandalias love son el complemento perfecto para cualquier atuendo de clima cálido, desde un look casual hasta uno más sofisticado.",,,Blanco (2021) | Negro (2022),35 | 37 | 38,https://euchelperu.com/images/productos/176486812359037776985745.jpg | https://euchelperu.com/images/productos/17648693988519420099091.jpg,https://euchelperu.com/producto.php?id=631,2026-09-18T01:14:52Z
632,SANDALIA LADY,Calzado,22,95.0,,PEN,632LADY8884,632,Basic 21 Perú,ambos,"Estas sandalias son un accesorio de impacto, perfectas para eventos elegantes, fiestas o cualquier ocasión donde se busque un toque de glamour y sofisticación.",,,Dorado (2023) | Blanco (2024) | Negro (2025) | Plateado (2026),36 | 37 | 38 | 39,https://euchelperu.com/images/productos/176486990887431886494173.jpg | https://euchelperu.com/images/productos/17648706228976593279616.jpg | https://euchelperu.com/images/productos/17648708759648300741150.jpg | https://euchelperu.com/images/productos/176487161784667821080351.jpg,https://euchelperu.com/producto.php?id=632,2026-09-18T01:15:40Z
633,SANDALIA SHINE,Calzado,22,85.0,,PEN,633SAN4471065,633,Basic 21 Perú,ambos,"Estas sandalias son perfectas para quienes buscan un calzado que combine comodidad con un toque de glamour y brillo. Son ideales para fiestas, bodas o cualquier evento que requiera un estilo festivo.",,,Dorado (2027) | Plateado (2028),35 | 36 | 37 | 38 | 39,https://euchelperu.com/images/productos/176487206371605124497050.jpg | https://euchelperu.com/images/productos/17648721645139665480920.jpg,https://euchelperu.com/producto.php?id=633,2026-09-18T01:16:11Z
634,SANDALIA CLEXIA,Calzado,22,85.0,,PEN,634SAN99387,634,Basic 21 Perú,ambos,,,,Hueso (2029) | Negro (2030),35 | 36 | 37 | 39,https://euchelperu.com/images/productos/176489666022542668145426.jpg | https://euchelperu.com/images/productos/17648967357331204025284.png,https://euchelperu.com/producto.php?id=634,2026-09-18T01:16:42Z
635,SANDALIA SUECO,Calzado,22,85.0,,PEN,635SAN23794,635,Basic 21 Perú,barrido,,,,Hueso (2031) | Negro (2032),36 | 37 | 38,https://euchelperu.com/images/productos/176524309999885152599511.jpg,https://euchelperu.com/producto.php?id=635,2026-09-18T01:17:00Z
636,SANDALIA CHAROL,Calzado,22,95.0,,PEN,636SAN46403,636,Basic 21 Perú,barrido,,,,Vino (2033) | Negro (2034) | Blanco (2035),36 | 37 | 38 | 39 | 35,,https://euchelperu.com/producto.php?id=636,2026-09-18T01:17:34Z
637,SANDALIA EQUIS,Calzado,22,95.0,,PEN,637SAN041225,637,Basic 21 Perú,ambos,,,,Vino (2036) | Negro (2037) | Blanco (2038),36 | 37 | 39 | 35 | 38,https://euchelperu.com/images/productos/176524063484771746089134.jpg | https://euchelperu.com/images/productos/176524229373229343276305.jpg | https://euchelperu.com/images/productos/176524246993097384678759.jpg,https://euchelperu.com/producto.php?id=637,2026-09-18T01:17:44Z
638,TOTE NUDO CLASICO,Carteras,12,85.0,,PEN,6380007,638,Basic 21 Perú,barrido,"Esta cartera tote es la compañera ideal para el día a día. Material resistente y ligero, combinado con el detalle del nudo escultural, la convierte en un clásico moderno que no querrás dejar de usar.",,,Negro (2040) | Vino (2041) | Marrón (2042) | Beige (2043),Standar,https://euchelperu.com/images/productos/17649519951256917536953.jpg | https://euchelperu.com/images/productos/17649521928903791312116.jpg | https://euchelperu.com/images/productos/17649523755665771683894.jpg | https://euchelperu.com/images/productos/176495404044500273736573.jpg,https://euchelperu.com/producto.php?id=638,2026-09-18T01:18:10Z
641,BOLSO NOVA,Carteras,12,69.0,,PEN,6410017,641,Basic 21 Perú,barrido,"Es una cartera de hombro pequeña (estilo baguette) con un acabado brillante. El acabado es charol liso. Una cartera elegante y sofisticada, perfecta para realzar cualquier oufit. Su acabado brillante la hacen ideal para ocasiones especiales.",,,Negro (2050) | Vino (2051),Standar,https://euchelperu.com/images/productos/176495512563852442155194.jpg | https://euchelperu.com/images/productos/176495515307599715539794.jpg,https://euchelperu.com/producto.php?id=641,2026-09-18T01:18:28Z
642,Diva Animal Print,Carteras,12,65.0,,PEN,6420017,642,Basic 21 Perú,barrido,Un bolso de personalidad fuerte y estilo moderno. Su diseño estructurado y su asa cómoda la convierten en la pieza ideal para quienes quieren destacar con un look atrevido y fashion.,,,animal print (2052),Standar,https://euchelperu.com/images/productos/17649556902827070954466.jpg,https://euchelperu.com/producto.php?id=642,2026-09-18T01:18:31Z
644,BOLSO CHERRY CLASSIC,Carteras,12,75.0,,PEN,6440019,644,Basic 21 Perú,barrido,Es una cartera de hombro con un estilo tote o bandolera. Se distingue por su material suave y su diseño practico con los bolsillos laterales lo hacen ideal para llevar lo esencial con un toque dulce y elegante.,,,Vino (2055) | Marrón (2056),Standar,https://euchelperu.com/images/productos/17649576066681136089396.jpg | https://euchelperu.com/images/productos/17649576332468248506196.jpg,https://euchelperu.com/producto.php?id=644,2026-09-18T01:18:38Z
645,BOLSO GOLDEN LINK,Carteras,12,75.0,,PEN,6450021,645,Basic 21 Perú,ambos,Es una cartera de hombro tipo hobo con un estilo moderno y suave. Su forma curva y su diseño minimalista lo convierten en una pieza elegante para elevar looks casuales o más formales.,,,Marrón (2057) | Hueso (2058) | Negro (2059),Standar,https://euchelperu.com/images/productos/17649584933762943542479.jpg | https://euchelperu.com/images/productos/176495856553031672374899.jpg | https://euchelperu.com/images/productos/176495858216829462785153.jpg,https://euchelperu.com/producto.php?id=645,2026-09-18T01:18:48Z
646,ATHENA BAG,Carteras,12,75.0,,PEN,6460024,646,Basic 21 Perú,barrido,Presenta un efecto que parece ser de terciopelo o pana con rayas verticales y tiene detalles de ribetes de material liso. El material es semimate con un aspecto desgastado o texturizado.,,,Negro (2060) | Marrón (2089),Standar,https://euchelperu.com/images/productos/17649589139712680602914.jpg | https://euchelperu.com/images/productos/17654783546281890824756.jpg,https://euchelperu.com/producto.php?id=646,2026-09-18T01:18:55Z
647,PERLA BOW BAG,Carteras,12,75.0,,PEN,6470025,647,Basic 21 Perú,barrido,Es una cartera de hombro de color beige muy claro con un estilo clásico y elegante. Las hebillas y el encantador detalle de encaje con perlas la hacen una pieza única y versátil.,,,Hueso (2061),Standar,https://euchelperu.com/images/productos/176495931237240844393557.jpg,https://euchelperu.com/producto.php?id=647,2026-09-18T01:18:58Z
649,BOHO SEQUIN BAG,Carteras,12,75.0,,PEN,6490026,649,Basic 21 Perú,barrido,El cuerpo principal es de color blanco o crema y está cubierto con lentejuelas discretas que le dan un brillo suave.,,,Blanco (2064),Standar,https://euchelperu.com/images/productos/176496004352115768562526.jpg,https://euchelperu.com/producto.php?id=649,2026-09-18T01:19:01Z
650,MINI CESTA BOHO,Carteras,12,75.0,,PEN,6500027,650,Basic 21 Perú,ambos,Está hecha de paja o rafia trenzada en un color natural,,,crema (2065),Standar,https://euchelperu.com/images/productos/176496093574293159329558.jpg,https://euchelperu.com/producto.php?id=650,2026-09-18T01:19:28Z
651,ÁMBAR SHINE,Carteras,12,49.0,,PEN,6510028,651,Basic 21 Perú,barrido,La cartera está completamente cubierta de brillantina o pedrería en un deslumbrante color dorado cobrizo. Es el accesorio imprescindible para la mujer que ama destacar en la oscuridad.,,,dorado (2066),Standar,https://euchelperu.com/images/productos/176496122381320754356889.jpg,https://euchelperu.com/producto.php?id=651,2026-09-18T01:20:10Z
652,Siena glam,Carteras,12,55.0,,PEN,6520029,652,Basic 21 Perú,barrido,,,,plateado (2067),Standar,https://euchelperu.com/images/productos/176496147655444952715008.jpg,https://euchelperu.com/producto.php?id=652,2026-09-18T01:20:49Z
653,BOLSO LIA,Carteras,12,55.0,,PEN,653CAR09061,653,Basic 21 Perú,barrido,"Es una cartera de mano de color negro con un diseño rectangular alargado. La solapa superior tiene una textura de punto o tejido, mientras que el cuerpo principal parece ser de un material liso.",,,Negro (2068) | Plateado (2069),Standar,https://euchelperu.com/images/productos/176496587211670292959496.jpg | https://euchelperu.com/images/productos/176497296842279196956734.jpg,https://euchelperu.com/producto.php?id=653,2026-09-18T01:21:18Z
654,TRINITY TOTE,Carteras,12,85.0,,PEN,654CAR48292,654,Basic 21 Perú,barrido,Es una cartera tipo tote con un acabado texturizado y un lazo decorativo. Combina un diseño clasica con un material moderno y un accesorio que le inyecta personalidad.,,,Negro (2070),Standar,https://euchelperu.com/images/productos/176498543203368763632886.jpg,https://euchelperu.com/producto.php?id=654,2026-09-18T01:21:33Z
656,CARTERA SUMMER,Carteras,12,59.0,,PEN,656CAR9472,656,Basic 21 Perú,barrido,Es una cartera de hombro grande (estilo hobo o bucket bag) con un diseño de verano. Su diseño espacioso y sus cómodas asas de cuerda la convierten en la compañera ideal para tus dias de sol y arena.,,,Beige (2073),Standar,https://euchelperu.com/images/productos/176498580986544952145303.jpg,https://euchelperu.com/producto.php?id=656,2026-09-18T01:21:36Z
659,TOP ITALLY,Tops,3,49.0,,PEN,659TOP63243,659,Basic 21 Perú,ambos,"La capa presenta un corte suelto, fluidez y un diseño asimétrico que deja un hombro al descubierto, aportando un toque elegante y ligero.",,,Blanco (2093) | Marrón (2129) | Negro (2130) | Verde (2513) | Rojo (2514) | Rosado (2515),Standar | Standard,https://euchelperu.com/images/productos/176584749013311393971422.jpg | https://euchelperu.com/images/productos/176591935616283270642246.jpg | https://euchelperu.com/images/productos/176591939653760469097840.jpg | https://euchelperu.com/images/productos/176824968425484873442986.png | https://euchelperu.com/images/productos/176824992741440866412567.png | https://euchelperu.com/images/productos/176825013372467308836206.png,https://euchelperu.com/producto.php?id=659,2026-09-18T01:21:55Z
660,MINI VESTIDO FRANCESCA,Vestidos,8,70.0,,PEN,660MIN95376,660,Basic 21 Perú,ambos,"Presenta un diseño drapeado en el cuerpo y los laterales, y una capa inferior transparente con un volante en el bajo. Destaca un panel de tela de malla que cae desde el lateral, añadiendo un toque dramático y sensual.",,,Verde (2094),Standar,https://euchelperu.com/images/productos/176584766367834158383742.jpg,https://euchelperu.com/producto.php?id=660,2026-09-18T01:22:00Z
661,TOP GIGI BROCHE,Tops,3,45.0,,PEN,661TOP70590,661,Basic 21 Perú,ambos,"Presenta una banda ancha con efecto smock o fruncido en la cintura para definir la silueta, creando una forma ajustada y favorecedora.",,,Azul (2095) | Marrón (2111) | Negro (2112) | Blanco (2113) | Amarillo (2114),Standar,https://euchelperu.com/images/productos/17658478419529890420090.jpg | https://euchelperu.com/images/productos/176591251761024218459309.jpg | https://euchelperu.com/images/productos/1765912558748315236468.jpg | https://euchelperu.com/images/productos/176591262387596693630461.jpg | https://euchelperu.com/images/productos/176591299105392635695446.jpg,https://euchelperu.com/producto.php?id=661,2026-09-18T01:22:39Z
662,TOP MIRI BOBOS,Tops,3,49.0,,PEN,662TOP55121,662,Basic 21 Perú,ambos,"Presenta volantes delicados que bordean el escote y el centro frontal, donde incluye un detalle de amarre o lazo que añade un toque romántico y femenino.",,,Rosa (2096) | Blanco (2104) | Rojo (2105) | Verde (2106) | Celeste (2107) | Verde olivo (2379) | Amarillo (2380) | Negro (2381) | Marrón (3102),Standar,https://euchelperu.com/images/productos/176584797486261882113850.jpg | https://euchelperu.com/images/productos/176591109141726185421156.jpg | https://euchelperu.com/images/productos/17659111765934284068746.jpg | https://euchelperu.com/images/productos/176591130906279754993894.jpg | https://euchelperu.com/images/productos/176771847164747701232665.jpg | https://euchelperu.com/images/productos/176771853213990220021490.jpg | https://euchelperu.com/images/productos/176771858043497709537051.jpg | https://euchelperu.com/images/productos/177412337653153863385375.jpg,https://euchelperu.com/producto.php?id=662,2026-09-18T01:25:10Z
665,Top Jane,Tops,3,49.0,,PEN,665023,665,Basic 21 Perú,ambos,,,,Marrón (2116) | Blanco (2117) | Negro (2118) | Rojo (2119),Standar,https://euchelperu.com/images/productos/17659136356714656097316.jpg | https://euchelperu.com/images/productos/17659137608795298760469.jpg | https://euchelperu.com/images/productos/176591378993846127920054.jpg | https://euchelperu.com/images/productos/17659138078293498350158.jpg,https://euchelperu.com/producto.php?id=665,2026-09-18T01:25:34Z
666,Mini vestido plus corrugado,Vestidos,8,59.0,,PEN,666032,666,Basic 21 Perú,ambos,,,,Rojo (2122) | Blanco (2128),Standar,https://euchelperu.com/images/productos/176591435207497641968067.jpg | https://euchelperu.com/images/productos/176591899478460358229203.jpg,https://euchelperu.com/producto.php?id=666,2026-09-18T01:25:41Z
667,Conjunto Emma,Vestidos,8,85.0,,PEN,6670031,667,Basic 21 Perú,ambos,,,,Verde olivo (2123) | Blanco (2131) | Negro (2132) | Beige (2133),Standar,https://euchelperu.com/images/productos/176591468608846883959917.jpg | https://euchelperu.com/images/productos/176592113733061913347786.jpg | https://euchelperu.com/images/productos/176592115271395977297313.jpg | https://euchelperu.com/images/productos/176592116766644435360495.jpg,https://euchelperu.com/producto.php?id=667,2026-09-18T01:26:17Z
669,Vestido Alejandra Encaje,Vestidos,8,79.0,,PEN,669027,669,Basic 21 Perú,ambos,,,,Rojo (2125) | Blanco (2126),Standar,https://euchelperu.com/images/productos/17659158212170375741453.jpg | https://euchelperu.com/images/productos/17659182888840473287236.jpg,https://euchelperu.com/producto.php?id=669,2026-09-18T01:26:59Z
670,SET LISA BRILLOS ARO,Set,10,79.0,,PEN,670SET99968,670,Basic 21 Perú,ambos,"Espectacular conjunto de dos piezas confeccionado en tela con destellos brillantes. El top de cuello halter presenta un escote profundo y un diseño drapeado que cae en ondas delicadas. La minifalda ajustada a juego destaca por su detalle de cinturón con una hebilla metálica en forma de corazón, creando un look audaz y sofisticado.",,,Vino (2134) | Blanco (2152) | Negro (2153),Standar,https://euchelperu.com/images/productos/176600773595647666648266.jpg | https://euchelperu.com/images/productos/176601717459643341273832.png | https://euchelperu.com/images/productos/176601722598382254846744.png,https://euchelperu.com/producto.php?id=670,2026-09-18T01:27:33Z
671,MINI VESTIDO TAMMY COPA,Vestidos,8,65.0,,PEN,671MIN40298,671,Basic 21 Perú,ambos,"Presenta un corpiño estructurado de estilo corset que realza la silueta, complementado con tirantes finos y un detalle de lazo frontal en el busto fruncido. Su falda con vuelo ligero crea un look romántico, femenino y fresco, ideal para el día.",,,Beige (2135),Standar,https://euchelperu.com/images/productos/17660080561264232047711.jpg,https://euchelperu.com/producto.php?id=671,2026-09-18T01:27:36Z
672,MINI VESTIDO LUA,Vestidos,8,59.0,,PEN,672MIN32218,672,Basic 21 Perú,ambos,Vestido corto y ajustado confeccionado en una tela tipo satén con un acabado brillante y sofisticado. Presenta un elegante escote drapeado y tirantes finos que resaltan los hombros.,,,Azul (2136),Standar,https://euchelperu.com/images/productos/176600822066595128292924.jpg,https://euchelperu.com/producto.php?id=672,2026-09-18T01:27:39Z
677,MINI VESTIDO VENUS BROCHE,Vestidos,8,59.0,,PEN,677MIN40703,677,Basic 21 Perú,barrido,"La prenda presenta un delicado drapeado fruncido en todo el cuerpo que se une en una llamativa hebilla dorada central, la cual ciñe la cintura y estiliza la silueta de forma elegante.",,,Blanco (2141) | Negro (2148) | Rojo (2149) | Vino (2150) | Marrón (2151) | Chocolate (2290),Standar,https://euchelperu.com/images/productos/176601219012974350866048.jpg | https://euchelperu.com/images/productos/176601618991105384367780.png | https://euchelperu.com/images/productos/176601650829431820973244.png | https://euchelperu.com/images/productos/176601690112285377511759.png | https://euchelperu.com/images/productos/176601699632402861349343.png | https://euchelperu.com/images/productos/17668552652462631014362.png,https://euchelperu.com/producto.php?id=677,2026-09-18T01:28:10Z
678,Bikini Emily,BIKINIS,21,110.0,,PEN,678BKN11078,678,Basic 21 Perú,ambos,,,,Blanco (2160),XS | S | M | L,https://euchelperu.com/images/productos/176624636831216173585580.jpg | https://euchelperu.com/images/productos/17662464070773480073445.jpg | https://euchelperu.com/images/productos/176624641482591954378746.jpg,https://euchelperu.com/producto.php?id=678,2026-09-18T01:28:14Z
679,Bikini Janet,BIKINIS,21,110.0,,PEN,679BKN110786,679,Basic 21 Perú,ambos,,,,Amarillo (2161),XS | S | M | L,https://euchelperu.com/images/productos/17662472540610988647391.jpg | https://euchelperu.com/images/productos/176624726331537359685714.jpg,https://euchelperu.com/producto.php?id=679,2026-09-18T01:28:17Z
680,Bikini 99,BIKINIS,21,99.0,,PEN,680BKN1528989,680,Basic 21 Perú,ambos,,,,Azul (2162),XS | S | M | L,https://euchelperu.com/images/productos/176624754098155961717760.jpg | https://euchelperu.com/images/productos/176624756181888331552304.jpg,https://euchelperu.com/producto.php?id=680,2026-09-18T01:28:20Z
681,Bikini Chyna,BIKINIS,21,110.0,,PEN,681BKN15287298,681,Basic 21 Perú,ambos,,,,Celeste (2163),XS | S | M | L,https://euchelperu.com/images/productos/176624811516361760555441.jpg,https://euchelperu.com/producto.php?id=681,2026-09-18T01:28:23Z
682,Bikini Lexie,BIKINIS,21,99.0,,PEN,682BKN15265,682,Basic 21 Perú,ambos,,,,Negro (2164),XS | S | M | L,https://euchelperu.com/images/productos/176624824515349824616531.jpg,https://euchelperu.com/producto.php?id=682,2026-09-18T01:28:26Z
683,Bikini Amelia,BIKINIS,21,99.0,,PEN,683BKN15276,683,Basic 21 Perú,ambos,,,,Negro (2165),XS | S | M | L,https://euchelperu.com/images/productos/176624869423906551046699.jpg,https://euchelperu.com/producto.php?id=683,2026-09-18T01:28:30Z
684,Bikini Maxxine,BIKINIS,21,110.0,,PEN,684BKN15298,684,Basic 21 Perú,ambos,,,,Negro (2166),XS | S | M | L,https://euchelperu.com/images/productos/176624938187087263421198.jpg,https://euchelperu.com/producto.php?id=684,2026-09-18T01:28:45Z
685,Bikini Blake,BIKINIS,21,110.0,,PEN,685BKN15276,685,Basic 21 Perú,ambos,,,,Rojo (2167),XS | S | M | L,https://euchelperu.com/images/productos/176624992693943118788301.jpg | https://euchelperu.com/images/productos/176624995259519889211325.jpg,https://euchelperu.com/producto.php?id=685,2026-09-18T01:29:12Z
686,Bikini Lilly,BIKINIS,21,110.0,,PEN,686BKN15200,686,Basic 21 Perú,ambos,,,,Blanco (2168),XS | S | M | L,https://euchelperu.com/images/productos/17662503369576149812167.jpg | https://euchelperu.com/images/productos/176625035566265804915293.jpg | https://euchelperu.com/images/productos/17662503730445144880947.jpg,https://euchelperu.com/producto.php?id=686,2026-09-18T01:29:27Z
687,Bikini April,BIKINIS,21,99.0,,PEN,687BKN15287,687,Basic 21 Perú,ambos,,,,Rosado (2169),XS | S | M | L,https://euchelperu.com/images/productos/176625168301178662235641.jpg,https://euchelperu.com/producto.php?id=687,2026-09-18T01:30:06Z
688,Bikini Kendra,BIKINIS,21,110.0,,PEN,688BKN1528,688,Basic 21 Perú,ambos,,,,Azul (2170),XS | S | M | L,https://euchelperu.com/images/productos/17662518405577081285889.jpg,https://euchelperu.com/producto.php?id=688,2026-09-18T01:30:34Z
689,Bikini Tracy,BIKINIS,21,110.0,,PEN,689BKN15287,689,Basic 21 Perú,ambos,,,,Verde Olivo (2171),XS | S | M | L,https://euchelperu.com/images/productos/1766252298599714485919.jpg | https://euchelperu.com/images/productos/176625230583566331468547.jpg | https://euchelperu.com/images/productos/176625232926280113692538.jpg,https://euchelperu.com/producto.php?id=689,2026-09-18T01:30:37Z
690,Bikini Addison,BIKINIS,21,110.0,,PEN,690BKN152987,690,Basic 21 Perú,ambos,,,,Negro c/ puntos (2172),XS | S | M | L,https://euchelperu.com/images/productos/176625286859266660847053.jpg,https://euchelperu.com/producto.php?id=690,2026-09-18T01:30:40Z
691,Bikini Izzie,BIKINIS,21,99.0,,PEN,691BKN15244,691,Basic 21 Perú,ambos,,,,Morado (2173),XS | S | M | L,https://euchelperu.com/images/productos/176625311487236894311712.jpg,https://euchelperu.com/producto.php?id=691,2026-09-18T01:30:43Z
692,Bikini Cristina,BIKINIS,21,99.0,,PEN,692BKN152098,692,Basic 21 Perú,ambos,,,,Rojo (2174),XS | S | M | L,https://euchelperu.com/images/productos/176625556004194370615835.jpg | https://euchelperu.com/images/productos/176625556854533767328687.jpg | https://euchelperu.com/images/productos/176625559277738251446542.jpg | https://euchelperu.com/images/productos/176625559268902555293305.jpg,https://euchelperu.com/producto.php?id=692,2026-09-18T01:30:48Z
693,Bikini Meredith,BIKINIS,21,99.0,,PEN,693BKN15276,693,Basic 21 Perú,ambos,,,,Verde Pistacho (2175),XS | S | M | L,https://euchelperu.com/images/productos/17662558964853985379206.jpg | https://euchelperu.com/images/productos/176625590606171420436519.jpg,https://euchelperu.com/producto.php?id=693,2026-09-18T01:30:51Z
694,VESTIDO CARIBE FLOR,Vestidos,8,69.0,,PEN,694VES54448,694,Basic 21 Perú,ambos,"Descubre nuestro vestido largo con un estampado floral impactante en rojo sobre fondo negro, diseñado para resaltar con sofisticación y estilo. Con tirantes finos y silueta ceñida, este vestido combina elegancia y feminidad para ocasiones especiales, eventos nocturnos o salidas donde quieras lucir espectacular. Su tejido fluido y el diseño moderno hacen que sea fácil de llevar y favorecedor para distintas figuras. Un must-have en tu guardarropa si buscas una pieza que mezcle arte y moda con un toque atrevido.",,,NEGRO (2176),Standar,https://euchelperu.com/images/productos/17663541292504470752879.jpg,https://euchelperu.com/producto.php?id=694,2026-09-18T01:30:54Z
696,MINI VESTIDO KATH COPA,Vestidos,8,70.0,,PEN,696MIN24621,696,Basic 21 Perú,barrido,"Este vestido corto en un vibrante tono amarillo es perfección para quienes buscan un look fresco, sensual y lleno de estilo. Con escote en V suave, tirantes finos y una silueta ajustada que realza la figura, este diseño se complementa con tiras largas laterales tipo cascada que le dan movimiento y un toque único con cada paso. Ideal para eventos especiales, salidas nocturnas o momentos donde quieras destacar con elegancia y personalidad, este vestido combina feminidad y tendencia en una sola pieza.",,,Amarillo (2180) | Negro (2181) | Blanco (2182),Standar,https://euchelperu.com/images/productos/176635762049380826359829.jpg,https://euchelperu.com/producto.php?id=696,2026-09-18T01:32:03Z
697,VESTIDO CANDICE TORTUGA,Vestidos,8,85.0,,PEN,697VES50873,697,Basic 21 Perú,ambos,"Haz una entrada inolvidable con este vestido largo en un vibrante tono rojo, diseñado para resaltar tu figura con elegancia y sofisticación. Su escote profundo drapeado aporta un toque sensual y moderno, mientras que la silueta estilizada y fluida alarga visualmente la figura y ofrece un look femenino y distintivo. Ideal para eventos especiales, celebraciones nocturnas o cualquier ocasión en la que quieras destacar con estilo y confianza.",,,blanco (2183) | Amarillo (2184) | verde agua (3053),Standar | Standard,https://euchelperu.com/images/productos/177335186225025799579768.jpg | https://euchelperu.com/images/productos/177335193265453473983868.jpg | https://euchelperu.com/images/productos/177335221693580502930495.jpg,https://euchelperu.com/producto.php?id=697,2026-09-18T01:32:24Z
698,VESTIDO ISA BOBOS,Vestidos,8,79.0,,PEN,698VES77467,698,Basic 21 Perú,ambos,"Destaca con este vestido negro sofisticado y moderno, ideal para ocasiones donde quieres un look atrevido pero con clase. Su diseño combina una silueta ajustada en la parte superior con detalles de malla transparente en la falda, creando un equilibrio perfecto entre sensualidad y elegancia. Los detalles laterales en gasa ligera aportan movimiento y fluidez al caminar, haciendo de esta pieza una elección ideal para eventos nocturnos o celebraciones especiales donde el estilo es protagonista.",,,Negro (2185) | Blanco (2186),Standar,https://euchelperu.com/images/productos/176636117074659111585140.jpg,https://euchelperu.com/producto.php?id=698,2026-09-18T01:33:07Z
700,SET GABRIELA CAPA,Set,10,89.0,,PEN,700SET50525,700,Basic 21 Perú,ambos,"Este vestido corto en tono marrón chocolate destaca por su diseño sofisticado y moderno. Cuenta con una base ajustada al cuerpo que realza la silueta, combinada con una capa superior de malla translúcida que aporta movimiento, elegancia y un efecto visual único. El diseño incluye cuello alto, mangas largas en tela transparente y un corte en capas asimétricas, logrando un equilibrio perfecto entre sensualidad y sofisticación. Ideal para quienes buscan una pieza diferente, elegante y con personalidad.",,,Negro (2190) | Vino (2191) | Amarillo (2498),Standar | Standard,https://euchelperu.com/images/productos/17682439602344741144680.png | https://euchelperu.com/images/productos/17682441944489899959652.png | https://euchelperu.com/images/productos/176824439876492930194059.png,https://euchelperu.com/producto.php?id=700,2026-09-18T01:33:28Z
701,SET IRINA SATIN,Set,10,110.0,,PEN,701SIS00,701,Basic 21 Perú,ambos,"Este vestido corto en tono rojo intenso combina sensualidad y estilo moderno en un diseño único. Presenta un escote profundo en V que realza el busto con elegancia, acompañado de un cuello tipo choker integrado, creando un look sofisticado y llamativo. Su diseño de dos capas en la parte superior aporta estructura y originalidad, mientras que la falda corta de corte recto equilibra el conjunto, estilizando la figura y ofreciendo un ajuste cómodo y favorecedor. Ideal para quienes buscan destacar con un look atrevido y femenino.",,,Vino (2193) | Negro (2194) | Blanco (2195),Standar,https://euchelperu.com/images/productos/176636489368436607114093.jpg | https://euchelperu.com/images/productos/17733490228213438559645.jpg | https://euchelperu.com/images/productos/177334917824333919050004.jpg,https://euchelperu.com/producto.php?id=701,2026-09-18T01:34:14Z
703,MINI VESTIDO GIOVANNA,Vestidos,8,59.0,,PEN,703MIN58781,703,Basic 21 Perú,ambos,"Este vestido corto blanco destaca por su diseño minimalista con un toque romántico. Presenta tirantes finos y un escote recto que aportan una estética limpia y elegante, mientras que su corte ajustado al cuerpo realza la silueta de forma sutil y favorecedora. El detalle protagonista es su terminación con volado en el ruedo, que añade movimiento y un aire delicado al diseño, creando un equilibrio perfecto entre sencillez y feminidad. Ideal para looks frescos y sofisticados.",,,Blanco (2197),Standar,https://euchelperu.com/images/productos/176636682076177480593780.jpg,https://euchelperu.com/producto.php?id=703,2026-09-18T01:34:41Z
704,SET HILLARY ARO TUL,Set,10,79.0,,PEN,704SET45584,704,Basic 21 Perú,ambos,"Este vestido corto blanco combina sensualidad y elegancia en un diseño moderno y sofisticado. Presenta un escote halter profundo con caída tipo drapeado, que se une al centro mediante un aro metálico que aporta un detalle protagonista y llamativo. La parte superior está confeccionada en tela translúcida, creando un contraste delicado con el cuerpo del vestido, que es ajustado y liso, realzando la silueta de forma estilizada. Su diseño equilibra lo atrevido con lo elegante, ideal para destacar sin perder refinamiento.",,,Blanco (2198),Standar,https://euchelperu.com/images/productos/1766367611222303318857.jpg,https://euchelperu.com/producto.php?id=704,2026-09-18T01:34:44Z
705,MAXI VESTIDO LISBETH ENCAJE,Vestidos,8,110.0,,PEN,705MAX82941,705,Basic 21 Perú,barrido,"Descubre nuestro vestido largo negro con delicado encaje, diseñado para realzar tu figura con sofisticación y estilo. Con un corte ceñido que abraza suavemente las curvas y tirantes finos, este modelo combina feminidad y elegancia minimalista. Su tejido semitransparente con patrón floral aporta un toque romántico y chic, ideal para eventos nocturnos, cenas especiales o celebraciones donde quieres lucir única y elegante.",,,Negro (2199) | Rojo (2200) | Blanco (2201),Standar,https://euchelperu.com/images/productos/176644161698920792422217.jpg,https://euchelperu.com/producto.php?id=705,2026-09-18T01:35:06Z
706,VESTIDO ANGELA LOMA,Vestidos,8,79.0,,PEN,706VANG55,706,Basic 21 Perú,ambos,"Descubre este vestido corto en tono vino tinto, confeccionado en loma, un material suave, ligero y con excelente caida que brinda confort y un look sofisticado. Su diseño sin mangas y corte ligeramente evasé lo convierten en una prenda versátil y favorecedora para múltiples ocasiones.",,,Vino (2202) | Rojo (2203) | Camel (2204) | Negro (2205),Standar,https://euchelperu.com/images/productos/176644295433502616098469.jpg | https://euchelperu.com/images/productos/176825570135563403674572.png,https://euchelperu.com/producto.php?id=706,2026-09-18T01:35:42Z
708,MINI VESTIDO SABRINA,Vestidos,8,55.0,,PEN,708MIN49572,708,Basic 21 Perú,ambos,"Este vestido mini blanco destaca por su diseño halter con cuello alto, que aporta un aire moderno y elegante mientras realza hombros y espalda de forma delicada. Su corte ajustado define la silueta con sutileza, logrando un balance perfecto entre sensualidad y sofisticación. Una prenda limpia y minimalista, ideal para quienes buscan un look refinado sin esfuerzo. Gracias a su diseño versátil, es una pieza clave que se adapta a diferentes ocasiones, convirtiéndose en un imprescindible del clóset femenino.",,,Blanco (2211),Standar,https://euchelperu.com/images/productos/176644740742967280746973.jpg,https://euchelperu.com/producto.php?id=708,2026-09-18T01:35:45Z
709,SET FLAVIA LENTEJUELAS,Set,10,79.0,,PEN,709SET33081,709,Basic 21 Perú,ambos,"Este vestido mini plateado está diseñado para robar miradas. Confeccionado en un tejido cubierto de lentejuelas brillantes, aporta un efecto luminoso y glamuroso perfecto para la noche. Su escote profundo en V con delicado detalle central realza el busto de forma sensual, mientras que el diseño halter estiliza hombros y espalda, creando una silueta femenina y sofisticada. La caída fluida y el juego de capas añaden movimiento y un toque moderno, convirtiéndolo en una pieza ideal para ocasiones especiales donde el brillo es protagonista.",,,Plateado (2212) | Negro (2493) | Beige (2494),Standar | Standard,https://euchelperu.com/images/productos/17664494703472261167958.jpg | https://euchelperu.com/images/productos/176824284538825563670815.png | https://euchelperu.com/images/productos/176824288527451318032591.png,https://euchelperu.com/producto.php?id=709,2026-09-18T01:35:55Z
710,TOP BROCHE CUELLO AMARRABLE,Tops,3,39.0,,PEN,710TOP57255,710,Basic 21 Perú,barrido,"Blusa en color azul profundo, diseñada con un sofisticado escote en V pronunciado que realza el busto de forma elegante y femenina. Su diseño halter estiliza hombros y espalda, aportando un look moderno y sensual sin perder sofisticación. Incorpora un detalle decorativo metálico al frente, que define la cintura y añade un toque distintivo y refinado. Su corte ajustado y estructura favorecedora la convierten en una prenda versátil, ideal para combinar tanto con faldas como con pantalones y crear looks de día o de noche.",,,Acero (2213) | Blanco (2214),Standar,https://euchelperu.com/images/productos/176645177992047718029405.jpg,https://euchelperu.com/producto.php?id=710,2026-09-18T01:36:02Z
711,Corset Vanessa,Tops,3,59.0,,PEN,71100023,711,Basic 21 Perú,ambos,,,,Marrón (2215) | Blanco (2216) | Vino (2217) | Negro (2218) | Amarillo (2482),Standar,https://euchelperu.com/images/productos/176653628973214116020381.jpg | https://euchelperu.com/images/productos/176823618782711315358897.png | https://euchelperu.com/images/productos/176823641806972383450456.png | https://euchelperu.com/images/productos/176823644339205834185812.png,https://euchelperu.com/producto.php?id=711,2026-09-18T01:37:24Z
712,Pantalon Extasis bolsillo,Pantalones,6,95.0,,PEN,7120032,712,Basic 21 Perú,ambos,,,,Azul (2219),Standar,https://euchelperu.com/images/productos/176653661175714327585431.jpg,https://euchelperu.com/producto.php?id=712,2026-09-18T01:37:27Z
713,Pantalon Thiarys,Pantalones,6,95.0,,PEN,7130025,713,Basic 21 Perú,ambos,,,,Azul (2220),Standar,https://euchelperu.com/images/productos/176653742616640188993564.jpg,https://euchelperu.com/producto.php?id=713,2026-09-18T01:38:06Z
714,Top Arely Encaje,Tops,3,45.0,,PEN,7140012,714,Basic 21 Perú,barrido,,,,Marrón (2221) | Rojo (2288) | Acero (2289),Standar,https://euchelperu.com/images/productos/176653799205992682480806.jpg | https://euchelperu.com/images/productos/176685459304482826427697.png | https://euchelperu.com/images/productos/176685495069747802139227.png,https://euchelperu.com/producto.php?id=714,2026-09-18T01:38:27Z
717,Mini vestido shine jala pita,Vestidos,8,59.0,,PEN,717MIN99893,717,Basic 21 Perú,ambos,,,,Plateado (2497),Standard,https://euchelperu.com/images/productos/176824364778982292918957.png,https://euchelperu.com/producto.php?id=717,2026-09-18T01:38:30Z
718,Vestido Fiorella brillo,Vestidos,8,69.0,,PEN,7180035,718,Basic 21 Perú,ambos,,,,Azul (2226),Standar,https://euchelperu.com/images/productos/176653902821924324525843.jpg,https://euchelperu.com/producto.php?id=718,2026-09-18T01:39:11Z
720,Top plus lazo,Tops,3,39.0,,PEN,7200037,720,Basic 21 Perú,ambos,,,,Amarillo (2228) | negro (3095) | Celeste (3096) | Rosado pastel (3097) | Blanco (3098) | Verde esmeralda (3099) | Turquesa (3100),Standar,https://euchelperu.com/images/productos/17665392464618387108841.jpg | https://euchelperu.com/images/productos/177412215565517704519852.jpg | https://euchelperu.com/images/productos/177412249287433628299122.jpg | https://euchelperu.com/images/productos/177412264915351975747185.jpg | https://euchelperu.com/images/productos/17741227097597920530936.jpg | https://euchelperu.com/images/productos/177412285023023190410087.jpg,https://euchelperu.com/producto.php?id=720,2026-09-18T01:40:46Z
721,Top Brenda espalda,Tops,3,45.0,,PEN,7210038,721,Basic 21 Perú,ambos,,,,Vino (2229) | Blanco (2241) | Marrón (2242) | Amarillo (2243) | Negro (2244) | Rojo (2245),Standar,https://euchelperu.com/images/productos/176653938156132858056706.jpg | https://euchelperu.com/images/productos/17665400636797780233080.jpg | https://euchelperu.com/images/productos/17665409504136786149100.jpg | https://euchelperu.com/images/productos/176654099925536617253044.jpg | https://euchelperu.com/images/productos/176654105586049832076950.jpg | https://euchelperu.com/images/productos/176654113803999846672508.jpg | https://euchelperu.com/images/productos/176654118615772132199685.jpg,https://euchelperu.com/producto.php?id=721,2026-09-18T01:42:41Z
723,Maxi vestido Liss brillo,Vestidos,8,69.0,,PEN,7230042,723,Basic 21 Perú,ambos,,,,Plateado (2233),Standar,https://euchelperu.com/images/productos/176653987325902195585035.jpg,https://euchelperu.com/producto.php?id=723,2026-09-18T01:42:44Z
724,Top Larissa Shine,Tops,3,49.0,,PEN,7240043,724,Basic 21 Perú,ambos,,,,Rosado (2234) | Negro (2235) | Celeste (2236),Standar,https://euchelperu.com/images/productos/176653995689435559236435.jpg,https://euchelperu.com/producto.php?id=724,2026-09-18T01:43:53Z
725,Corset Ursula Satin,Tops,3,79.0,,PEN,7250044,725,Basic 21 Perú,ambos,,,,Negro (2237) | Blanco (2238) | Beige (2239) | Dorado (3077),Standar,https://euchelperu.com/images/productos/176654028311178987353960.jpg | https://euchelperu.com/images/productos/17665404530708550668628.jpg | https://euchelperu.com/images/productos/1766540526041209853463.jpg,https://euchelperu.com/producto.php?id=725,2026-09-18T01:44:19Z
726,Top Estrella bobo,Tops,3,45.0,,PEN,7260047,726,Basic 21 Perú,ambos,,,,Marron (2240) | Amarillo pastel (3101),Standar,https://euchelperu.com/images/productos/176654060288669207159788.jpg | https://euchelperu.com/images/productos/177412320497778592493238.jpg,https://euchelperu.com/producto.php?id=726,2026-09-18T01:44:25Z
728,TOP MELISSA,Tops,3,50.0,,PEN,728MEL99,728,Basic 21 Perú,ambos,"Destaca con este sofisticado top halter en un vibrante tono azul cobalto, perfecto para elevar cualquier look. Su diseño fluido y minimalista abraza la silueta con elegancia, combinando un cuello halter suavemente drapeado con una caída ligera que crea movimiento y estilo. Confeccionado en una tela suave y fluida que ofrece comodidad y un acabado refinado, este top es ideal tanto para un outfit casual chic como para un look más formal acompañado de accesorios brillantes y prendas estructuradas.",,,Acero (2252) | Negro (2253) | Rosa palo (2254) | Blanco (2255) | Plateado (2256) | Dorado (2257),Standar,https://euchelperu.com/images/productos/17667736626185699739491.jpg | https://euchelperu.com/images/productos/17668526055827927784905.png | https://euchelperu.com/images/productos/176685270464140252022159.png | https://euchelperu.com/images/productos/17668528324814230714939.png | https://euchelperu.com/images/productos/176685292556196912837428.png | https://euchelperu.com/images/productos/176685319221045305419850.png,https://euchelperu.com/producto.php?id=728,2026-09-18T01:44:44Z
730,VESTIDO MIA SASTRE,Vestidos,8,65.0,,PEN,730VES73147,730,Basic 21 Perú,ambos,"Descubre la elegancia simple y moderna con este vestido recto en tono verde salvia, una pieza versátil que combina comodidad y estilo sin esfuerzo. Su diseño de líneas limpias y corte entallado realza la figura de manera sutil, aportando un look sofisticado y natural. Con tirantes finos y un escote recto que aporta minimalismo chic, este vestido es ideal tanto para un día casual con sandalias como para una salida nocturna con accesorios más llamativos.",,,Negro (2258) | Celeste (2528) | Marrón (2766) | Blanco (2767),Standar | Standard,https://euchelperu.com/images/productos/176990150927898270980506.jpg | https://euchelperu.com/images/productos/176833770398277875554880.jpg | https://euchelperu.com/images/productos/17699014045175322441096.jpg | https://euchelperu.com/images/productos/176990144312124855085358.jpg,https://euchelperu.com/producto.php?id=730,2026-09-18T01:45:20Z
735,MINI VESTIDO TESSA COPA,Vestidos,8,59.0,,PEN,735MIN38311,735,Basic 21 Perú,ambos,"Deslumbra con este mini vestido ajustado con textura brillante, una pieza que combina estilo sofisticado y actitud moderna. Su corte ceñido al cuerpo realza la silueta con elegancia, mientras que los brillos sutiles en tonos metálicos aportan un toque de glamour perfecto para noches especiales o eventos festivos. Las tiras laterales ajustables con fruncido permiten personalizar la caída del vestido y añadir un detalle trendy que realza el diseño. Con tirantes finos y escote corazón, este vestido es la opción ideal si buscas un look sexy, elegante y con impacto.",,,Plateado (2271),Standar,,https://euchelperu.com/producto.php?id=735,2026-09-18T01:45:47Z
736,PANTALON THAIRY PALAZZO,Pantalones,6,95.0,,PEN,736PAN73156,736,Basic 21 Perú,ambos,"Renueva tu armario con estos jeans de corte wide leg en azul denim clásico, una pieza atemporal que combina comodidad, estilo y versatilidad. Su diseño de pierna ancha da un look moderno y relajado, ideal para crear outfits desde casuales hasta urbanos con un toque sofisticado. Con un lavado azul medio y costuras visibles que aportan carácter, estos jeans se adaptan a cualquier estilo: puedes combinarlos con una blusa elegante para un look más arreglado o con una camiseta básica para un outfit diario lleno de estilo.",,,UNICO (2274),28 | 30 | 32 | 34,https://euchelperu.com/images/productos/176679317186530831271569.jpg,https://euchelperu.com/producto.php?id=736,2026-09-18T01:45:50Z
737,PANTALON GIANELLA SASTRE,Pantalones,6,95.0,,PEN,737PAN061225,737,Basic 21 Perú,ambos,"Añade un toque elegante y sofisticado a tu guardarropa con este pantalón recto en tono beige neutro, ideal para crear outfits versátiles desde oficina hasta un look casual chic. Su corte recto aporta una silueta limpia y moderna, mientras que los detalles de cinturón con botones decorativos en la pretina elevan su diseño con un estilo distintivo. Confeccionado en una tela suave y fluida que garantiza comodidad durante todo el día, este pantalón se combina fácilmente con blusas, camisas estructuradas o tops más relajados para un look completo y lleno de estilo.",,,Beige (2275) | Negro (2276) | Gris (2277),S | M | s,https://euchelperu.com/images/productos/17667942862492695410540.jpg | https://euchelperu.com/images/productos/176685139072057185790444.png | https://euchelperu.com/images/productos/17668514630771195702691.png,https://euchelperu.com/producto.php?id=737,2026-09-18T01:46:23Z
738,TOP SANDRA,Tops,3,55.0,,PEN,738TOP241225,738,Basic 21 Perú,ambos,"Añade un toque elegante y moderno a tu colección con este top halter en un sofisticado tono rojo vinotinto, diseñado para destacar con estilo. Su corte entallado y silueta femenina realzan la figura de forma delicada, mientras que las rayas finas en contraste aportan un detalle sutil y actual. El diseño con cuello halter crea un escote favorecedor que combina a la perfección con looks tanto casuales como más arreglados. Gracias a su tejido suave y estructurado, este top es ideal para combinar con faldas, pantalones de talle alto o jeans, creando conjuntos versátiles para múltiples ocasiones.",,,Amarillo (2278) | Vino (2279) | Azul Noche (2280),S | M,https://euchelperu.com/images/productos/176685104245779122245804.png | https://euchelperu.com/images/productos/176679758832170762947779.jpg | https://euchelperu.com/images/productos/17668511788640216141562.png,https://euchelperu.com/producto.php?id=738,2026-09-18T01:46:56Z
739,FALDA LENTEJUELA,Faldas,7,69.0,,PEN,739FAL74060,739,Basic 21 Perú,ambos,"Luce un estilo audaz y glamuroso con esta mini falda con estampado animal print y detalles en lentejuelas, perfecta para destacar en tus salidas nocturnas o eventos especiales. Su diseño corto y ceñido realza la figura con un toque atrevido y moderno, mientras que las lentejuelas brillantes aportan un efecto luminoso que capta todas las miradas. El estampado de leopardo combina tonos tierra y negro, creando un look salvaje y sofisticado que puedes combinar con blusas lisas, tops básicos o prendas neutras para equilibrar y realzar tu outfit.",,,Leopardo (2281),S | M,https://euchelperu.com/images/productos/176679796604691342544934.jpg,https://euchelperu.com/producto.php?id=739,2026-09-18T01:47:11Z
740,SHORT LENTEJUELA,Shorts,20,60.0,,PEN,740SHO62470,740,Basic 21 Perú,ambos,"Eleva tu look con estos shorts cortos en color rojo intenso, completamente adornados con lentejuelas brillantes, perfectos para noches de fiesta, eventos especiales o salidas donde quieres destacar con estilo propio. Su diseño ceñido y corto resalta las piernas, mientras que el brillo de las lentejuelas aporta un toque glamuroso que capta todas las miradas. Esta prenda es ideal para combinar con tops lisos o más discretos, permitiendo que los shorts sean el centro de atención del outfit. Además, su acabado brillante hace que sean una pieza versátil para looks festivos y urbanos.",,,Rojo (2282) | Negro (2283) | Plateado (2284),S | M,https://euchelperu.com/images/productos/176679859356178230564645.jpg | https://euchelperu.com/images/productos/176679883552048588522726.jpg | https://euchelperu.com/images/productos/176685058713802643476805.png,https://euchelperu.com/producto.php?id=740,2026-09-18T01:48:21Z
741,TOP TAMMY SATIN,Tops,3,55.0,,PEN,741TTS55,741,Basic 21 Perú,ambos,"Este top halter rosa pastel combina elegancia y estilo moderno en una pieza delicada y femenina.Con un escote halter profundo y cuello alto drapeado, resalta el área del busto de forma sutil y sofisticada. Su corte ajustado al cuerpo define la silueta sin perder comodidad, convirtiéndolo en una prenda versátil para looks tanto casuales como más arreglados. El tono rosa suave aporta un toque de dulzura y frescura, perfecto para combinar con faldas, pantalones o jeans para salidas de día o noche.",,,Rosado (2291) | Celeste (2292) | Blanco (2293) | Beige (2294) | Chocolate (2295) | Vino (2296) | Negro (2297),Standar,https://euchelperu.com/images/productos/176685678026691692190406.jpg | https://euchelperu.com/images/productos/176685701282577901144510.png | https://euchelperu.com/images/productos/176685712102681433366485.png | https://euchelperu.com/images/productos/176685720543034635950598.png | https://euchelperu.com/images/productos/176685726633396675924960.png | https://euchelperu.com/images/productos/176685785541598726975408.png | https://euchelperu.com/images/productos/176685794469665978782021.png,https://euchelperu.com/producto.php?id=741,2026-09-18T01:48:43Z
743,SHORT ULTRA CADERA PERCEPTION,Shorts,20,75.0,,PEN,7432SHO73104,743,Basic 21 Perú,ambos,"Estos shorts de mezclilla gris oscuro son el básico perfecto para un look casual con estilo. Con un diseño clásico de corte bajo, cinco bolsillos funcionales y costuras visibles, combinan comodidad y estética urbana. Su tono gris versátil permite múltiples combinaciones: desde camisetas holgadas y tenis, hasta tops ajustados con sandalias para un outfit más trabajado.",,,Negro (2302) | Gris (2303),26 | 28 | 30 | 32 | 34,https://euchelperu.com/images/productos/176686190719652730913437.jpg | https://euchelperu.com/images/productos/17668619901319585942767.png,https://euchelperu.com/producto.php?id=743,2026-09-18T01:48:49Z
744,VESTIDO VALERI,Vestidos,8,65.0,,PEN,744VES58700,744,Basic 21 Perú,barrido,"Este vestido largo de silueta fluida es perfecto para looks veraniegos y ocasiones especiales. Confeccionado en un tejido ligero con textura suave, presenta un estampado floral delicado en tonos blanco y gris sobre un fondo cálido color óxido. El diseño incluye un detalle frontal anudado que crea un sutil escote y añade un toque femenino y moderno. Los tirantes finos ajustables y la caída elegante hasta el tobillo hacen de esta prenda una opción cómoda y chic para el día o la noche.",,,Rosa palo (2305) | Anaranjado (2306) | Verde (2307),Standar,https://euchelperu.com/images/productos/17670452437602029567875.png | https://euchelperu.com/images/productos/176704528793796491848838.jpg | https://euchelperu.com/images/productos/176704562278887116237526.png,https://euchelperu.com/producto.php?id=744,2026-09-18T01:48:59Z
745,PANTALON EXTASIS BOLSILLO,Pantalones,6,95.0,,PEN,745EXBOL,745,Basic 21 Perú,barrido,"Estos pantalones de mezclilla son un básico moderno que combina estilo y comodidad. Con un corte recto, ofrecen una silueta relajada y versátil que se adapta fácilmente a distintos looks, desde casuales hasta más arreglados. El tono azul oscuro intenso aporta elegancia y facilita su combinación con camisetas, blusas o suéteres. Cuentan con cinturilla con cierre y botón, así como los clásicos bolsillos frontales y traseros típicos de los jeans.",,,UNICO (2308),28 | 30 | 32 | 34,https://euchelperu.com/images/productos/176704666713922465483731.jpg,https://euchelperu.com/producto.php?id=745,2026-09-18T01:49:02Z
746,SET ALEJANDRA,Set,10,89.0,,PEN,746SET96497,746,Basic 21 Perú,ambos,"Añade un toque fresco y moderno a tu colección con este mono corto estampado floral. Confeccionado en un tejido suave y cómodo, presenta un diseño sin hombros con un detalle de nudo en el pecho que resalta la silueta y aporta un estilo femenino y chic. El estampado floral en tonos claros sobre fondo oscuro crea un contraste elegante ideal para looks de verano o días informales con estilo.",,,Negro (2309) | Celeste (2438),Standar,https://euchelperu.com/images/productos/176704941971268331221994.jpg | https://euchelperu.com/images/productos/176774668132131109110606.png,https://euchelperu.com/producto.php?id=746,2026-09-18T01:50:40Z
747,SET VANESSA LENTEJUELA,Set,10,89.0,,PEN,747SET36538,747,Basic 21 Perú,ambos,"Este conjunto de dos piezas es ideal para quienes buscan un look sofisticado y lleno de estilo. Confeccionado en un tejido cubierto de lentejuelas que reflejan la luz con movimiento, el conjunto incluye un top ajustado con tirantes finos y un corte recto al frente, que aporta un toque moderno y femenino, así como una falda larga recta que estiliza la figura. El tono champán brillante le da un aire elegante perfecto para fiestas, eventos nocturnos o celebraciones especiales.",,,Dorado (2310),Standar,https://euchelperu.com/images/productos/176705212261961990872761.jpg,https://euchelperu.com/producto.php?id=747,2026-09-18T01:50:43Z
748,VESTIDO ZOE STRAPLESS:,Vestidos,8,65.0,,PEN,748VES89157,748,Basic 21 Perú,ambos,"Este elegante vestido largo destaca por su diseño moderno y sofisticado. Confeccionado en un tejido suave y ligeramente elástico, presenta una silhouette ceñida que realza la figura, acompañado de un detalle cut-out lateral que aporta un toque de tendencia y sensualidad sutil. Su tono marrón profundo lo convierte en una pieza versátil y chic, ideal para eventos nocturnos, fiestas o salidas especiales.",,,Marrón (2311) | Amarillo (2476) | Negro (2477),Standar,https://euchelperu.com/images/productos/17670524584322249204341.jpg | https://euchelperu.com/images/productos/176792138938688542129597.png,https://euchelperu.com/producto.php?id=748,2026-09-18T01:50:52Z
749,FALDA RAINBOW,Faldas,7,59.0,,PEN,749FAL94313,749,Basic 21 Perú,ambos,"Dale un toque fresco y moderno a tu catálogo con esta mini falda confeccionada en tejido de punto suave y estructurado. Presenta un diseño de rayas horizontales en una paleta de azules y blancos, que le da personalidad y versatilidad para combinar con camisetas, blusas o tops lisos. Su corte recto y ajustado, junto con una longitud corta, la convierte en una prenda ideal para looks casuales y juveniles.",,,AZULADO (2312),Standar,https://euchelperu.com/images/productos/176705259219450421721461.jpg,https://euchelperu.com/producto.php?id=749,2026-09-18T01:51:07Z
751,VESTIDO HILO BICO,Vestidos,8,75.0,,PEN,751VES90669,751,Basic 21 Perú,ambos,"Este elegante vestido largo combina un diseño sofisticado y un estilo moderno, ideal para eventos especiales y ocasiones nocturnas. Confeccionado en un tejido elástico y ceñido, realza la figura mientras ofrece comodidad y un ajuste favorecedor. El detalle en contraste blanco en el escote halter y bajo el busto aporta un toque de elegancia y definición, destacando la silueta de manera sutil pero impactante.",,,Negro (2314) | Blanco (2580) | Beige (2581),Standar | Standard,https://euchelperu.com/images/productos/176705298368280536675059.jpg | https://euchelperu.com/images/productos/176851231485782552731365.png | https://euchelperu.com/images/productos/176851247654328643821226.png,https://euchelperu.com/producto.php?id=751,2026-09-18T01:51:28Z
753,VESTIDO LOTTO LOMA,Vestidos,8,75.0,,PEN,753VES77628,753,Basic 21 Perú,ambos,"Este vestido corto es una pieza elegante y femenina, perfecto para ocasiones especiales o salidas nocturnas. Confeccionado en un tejido suave y estructurado, presenta un escote en V profundo que realza el busto y finos tirantes ajustables con lazo, añadiendo un toque delicado. El detalle metálico con forma de sol en el centro aporta un elemento distintivo y sofisticado que eleva el look, convirtiéndolo en una opción ideal para eventos con estilo.",,,Azul Noche (2316),Standar,https://euchelperu.com/images/productos/176705498288849675761866.jpg,https://euchelperu.com/producto.php?id=753,2026-09-18T01:51:55Z
755,SET KATHERINE,Set,10,120.0,,PEN,755SET28715,755,Basic 21 Perú,ambos,"Añade un toque de elegancia fresca y veraniega a tu catálogo con este conjunto en tono amarillo pastel suave. Confeccionado en un tejido ligero y fluido, este set combina un top corto con escote halter drapeado, que crea un efecto delicado y femenino en el busto, con un pantalón palazzo de pierna ancha que aporta movimiento y sofisticación. Una opción ideal para eventos de día, salidas casual chic o looks urbanos con estilo.",,,Amarillo (2318) | Negro (2478),Standar,https://euchelperu.com/images/productos/176705570566699923693150.jpg | https://euchelperu.com/images/productos/176792159839028184160201.png,https://euchelperu.com/producto.php?id=755,2026-09-18T01:52:14Z
756,SET LUCIANA,Set,10,120.0,,PEN,756SET48556,756,Basic 21 Perú,ambos,"Este conjunto elegante en tono verde menta suave es ideal para crear un look sofisticado y femenino. La blusa presenta un diseño con volantes en cascada que aporta movimiento y un aire delicado, complementado con tirantes finos que destacan el escote con suavidad. El pantalón palazzo de pierna ancha ofrece una caída fluida y cómoda, añadiendo un toque moderno y versátil al outfit. Perfecto para eventos de día, salidas casual chic o combinaciones más formales con accesorios.",,,Verde Pistacho (2319) | Rojo (2412) | Negro (2413) | Marrón (2414) | Verde (2415),Standar,https://euchelperu.com/images/productos/176705633005324862683783.jpg | https://euchelperu.com/images/productos/176772920558885929615220.jpg | https://euchelperu.com/images/productos/17677292557638521680062.jpg | https://euchelperu.com/images/productos/176772928604852325052461.jpg | https://euchelperu.com/images/productos/176772933825524886012888.jpg,https://euchelperu.com/producto.php?id=756,2026-09-18T01:52:53Z
758,VESTIDO HALTER,Set,10,65.0,,PEN,758VES92909,758,Basic 21 Perú,ambos,"Este vestido largo combina un estilo bohemio chic con un diseño sofisticado y favorecedor. Confeccionado en un tejido de punto calado, presenta un patrón de bloques de color alternando tonos marrón y beige que aportan profundidad y originalidad al look. El corte ajustado al cuerpo con cuello halter realza la figura, mientras que la textura calada ofrece un aire ligero y elegante, ideal para ocasiones especiales, eventos al aire libre o salidas con estilo.",,,Marrón (2321) | Marfil / Azul marino (2917) | Gris (3135),Standar,https://euchelperu.com/images/productos/176705662854128175449661.jpg | https://euchelperu.com/images/productos/177170296616329839622327.jpg | https://euchelperu.com/images/productos/177437290784048780765944.png,https://euchelperu.com/producto.php?id=758,2026-09-18T01:54:02Z
764,TOP ALONDRA HILO,Tops,3,39.0,,PEN,764TOP59143,764,Basic 21 Perú,ambos,"Este top en un encantador tono amarillo brillante está confeccionado en tejido tipo crochet, que le aporta una textura delicada y un estilo fresco ideal para el buen clima. Su diseño halter con cuello alto le da un toque moderno y favorecedor, dejando los hombros al descubierto y realzando la figura de manera elegante. Perfecto para combinar con jeans, faldas o shorts y crear looks veraniegos cómodos y con onda.",,,Amarillo Maíz (2327),Standar,https://euchelperu.com/images/productos/176705887316232397454630.jpg,https://euchelperu.com/producto.php?id=764,2026-09-18T01:54:05Z
767,VESTIDO STRAPLESS PRETINA,Vestidos,8,79.0,,PEN,767VES21552,767,Basic 21 Perú,ambos,"Deslumbra con este sofisticado vestido largo strapless en un elegante tono chocolate que combina sensualidad y clase. Su diseño ajustado realza la silueta de forma delicada, mientras que la abertura lateral alta aporta un toque atrevido y moderno, perfecto para ocasiones especiales o noches de evento.",,,vino (2800) | Negro (2802) | Blanco (2962) | verde olivo (3052),standar | Standard,https://euchelperu.com/images/productos/176990032612617832033187.jpg | https://euchelperu.com/images/productos/176990035377841376894934.jpg | https://euchelperu.com/images/productos/177222095788454796658449.jpg | https://euchelperu.com/images/productos/177335160758301817553494.jpg,https://euchelperu.com/producto.php?id=767,2026-09-18T01:54:19Z
768,Vestido Rebecca,Vestidos,8,89.0,,PEN,76800054,768,Basic 21 Perú,ambos,,,,Vino (2331) | Negro (2474) | Beige (2475),Standar,https://euchelperu.com/images/productos/176745958413522851823347.jpg | https://euchelperu.com/images/productos/176792086636050147649871.png | https://euchelperu.com/images/productos/176792092379312885547096.png,https://euchelperu.com/producto.php?id=768,2026-09-18T01:55:43Z
769,Top Moana,Tops,3,45.0,,PEN,7690034,769,Basic 21 Perú,ambos,,,,Verde (2332) | Marrón (2382) | Celeste (2383) | Borgoña (2384),Standar,https://euchelperu.com/images/productos/176745968094173580762001.jpg | https://euchelperu.com/images/productos/176771874053843570516659.jpg | https://euchelperu.com/images/productos/17677187733562323833259.jpg | https://euchelperu.com/images/productos/176771887869327952633142.jpg,https://euchelperu.com/producto.php?id=769,2026-09-18T01:56:54Z
770,Top Luciana amarrable,Tops,3,45.0,,PEN,7700035,770,Basic 21 Perú,ambos,,,,Plateado (2333) | Negro (2409) | Vino (2410) | Rojo (2411),Standar,https://euchelperu.com/images/productos/1767459793334643677936.jpg | https://euchelperu.com/images/productos/176772724664868615242266.jpg | https://euchelperu.com/images/productos/176772731446588127684249.jpg | https://euchelperu.com/images/productos/176772905385112883991573.jpg,https://euchelperu.com/producto.php?id=770,2026-09-18T01:57:18Z
771,Set Martina,Set,10,110.0,,PEN,7710036,771,Basic 21 Perú,ambos,,,,Camel (2334) | Negro (2502) | Beige (2503),Standar | Standard,https://euchelperu.com/images/productos/17674599129307945899694.jpg | https://euchelperu.com/images/productos/17682456945871918374970.png | https://euchelperu.com/images/productos/176824572078060668010182.png,https://euchelperu.com/producto.php?id=771,2026-09-18T01:58:17Z
772,Corset Victoria,Tops,3,65.0,,PEN,7720037,772,Basic 21 Perú,barrido,,,,Negro (2335) | Blanco (2439),Standar,https://euchelperu.com/images/productos/176746000039527626118888.jpg | https://euchelperu.com/images/productos/17677476094533567058487.png,https://euchelperu.com/producto.php?id=772,2026-09-18T01:59:12Z
773,Vestido Esther Shine,Vestidos,8,85.0,,PEN,7730038,773,Basic 21 Perú,ambos,,,,Negro (2336) | Beige (2472) | Rojo (2473),Standar,https://euchelperu.com/images/productos/176746009055983691467322.jpg | https://euchelperu.com/images/productos/176791969535548596947571.png | https://euchelperu.com/images/productos/176791976856283516515506.png,https://euchelperu.com/producto.php?id=773,2026-09-18T02:00:37Z
774,Top broche lazo,Tops,3,45.0,,PEN,7740039,774,Basic 21 Perú,ambos,,,,Amarillo (2337),Standar,https://euchelperu.com/images/productos/176746016045384402572273.jpg,https://euchelperu.com/producto.php?id=774,2026-09-18T02:00:52Z
776,Body Corset Satin,Tops,3,65.0,,PEN,7760040,776,Basic 21 Perú,ambos,,,,Negro (2339) | Blanco (2470),Standar,https://euchelperu.com/images/productos/176746037668616807318443.jpg | https://euchelperu.com/images/productos/176791889564061753461023.png,https://euchelperu.com/producto.php?id=776,2026-09-18T02:01:34Z
777,Top lina,Tops,3,45.0,,PEN,7770041,777,Basic 21 Perú,ambos,,,,Beige (2340) | Negro (2392) | Rosado (2529) | Blanco (3078),Standar | Standard,https://euchelperu.com/images/productos/17674604767907853145272.jpg | https://euchelperu.com/images/productos/176771981406190381495193.jpg | https://euchelperu.com/images/productos/17683379262363535777907.jpg | https://euchelperu.com/images/productos/177411855532679591047295.png,https://euchelperu.com/producto.php?id=777,2026-09-18T02:03:10Z
778,Top Bri Shine,Tops,3,55.0,,PEN,7780048,778,Basic 21 Perú,ambos,,,,Dorado (2341),Standar,https://euchelperu.com/images/productos/17674606583847454497473.jpg,https://euchelperu.com/producto.php?id=778,2026-09-18T02:03:13Z
779,Top Zoe broche,Tops,3,45.0,,PEN,7790046,779,Basic 21 Perú,ambos,,,,Vino (2342) | Negro (2440),Standar,https://euchelperu.com/images/productos/176746642623502492322236.jpg | https://euchelperu.com/images/productos/176780698276514573683817.jpg,https://euchelperu.com/producto.php?id=779,2026-09-18T02:04:19Z
780,Top Lucero asimetrico,Tops,3,45.0,,PEN,7800047,780,Basic 21 Perú,ambos,,,,Acero (2343) | Vino (2466) | Rojo (2467) | Negro (2468) | Marrón (2469),Standar,https://euchelperu.com/images/productos/176746653572608491155287.jpg | https://euchelperu.com/images/productos/17679182876748964861361.png | https://euchelperu.com/images/productos/176791830163911488591328.png | https://euchelperu.com/images/productos/176791831322645782218507.png | https://euchelperu.com/images/productos/176791832761763366822209.png,https://euchelperu.com/producto.php?id=780,2026-09-18T02:04:35Z
783,Vestido Hellen blonda,Vestidos,8,95.0,,PEN,7830050,783,Basic 21 Perú,barrido,,,,Amarillo (2346) | Moca (2463) | Negro (2464) | Anaranjado (2465),Standar,https://euchelperu.com/images/productos/176746692578764319769739.jpg | https://euchelperu.com/images/productos/17679177473938040965208.png | https://euchelperu.com/images/productos/176791776643336649277737.png | https://euchelperu.com/images/productos/176791786523506840621128.png,https://euchelperu.com/producto.php?id=783,2026-09-18T02:06:16Z
784,Vestido Xiomara blonda,Vestidos,8,89.0,,PEN,7840051,784,Basic 21 Perú,barrido,,,,Rojo terracota (2347) | Azul Marino (2462),Standar,https://euchelperu.com/images/productos/176746724736489530466058.jpg | https://euchelperu.com/images/productos/176791704961446619832159.png,https://euchelperu.com/producto.php?id=784,2026-09-18T02:07:10Z
785,Top Vania encaje,Tops,3,49.0,,PEN,785052,785,Basic 21 Perú,ambos,,,,Verde olivo (2348) | Negro (2387) | Blanco (2388) | Amarillo (2389) | Marrón (2390) | Vino (2391) | Celeste (2488),Standar | Standard,https://euchelperu.com/images/productos/17674674159550911763926.jpg | https://euchelperu.com/images/productos/176771938413434398188169.jpg | https://euchelperu.com/images/productos/176771946875651911860958.jpg | https://euchelperu.com/images/productos/17677195658761265060167.jpg | https://euchelperu.com/images/productos/176771966609097868341824.jpg | https://euchelperu.com/images/productos/176771969531978267581978.jpg | https://euchelperu.com/images/productos/17682396735616583520615.png,https://euchelperu.com/producto.php?id=785,2026-09-18T02:09:37Z
787,Cherry Bomb,Carteras,12,75.0,,PEN,787CAR47379,787,Basic 21 Perú,barrido,,,,Cherry Bomb (2350),Standar,https://euchelperu.com/images/productos/176747491995614986086798.jpg,https://euchelperu.com/producto.php?id=787,2026-09-18T02:09:40Z
788,Camelia Bag,Carteras,12,69.0,,PEN,788CAR79778,788,Basic 21 Perú,ambos,"El básico que no puede faltar en tu armario. Nuestra nueva cartera en tono nude es la definición de elegancia atemporal. Con su acabado brillante y su estructura estructurada, es el toque final perfecto para un look impecable.",,,Beige (2351) | Negro (2358),Standar,https://euchelperu.com/images/productos/176747537413210519973604.jpg | https://euchelperu.com/images/productos/176748136624452257248415.jpg,https://euchelperu.com/producto.php?id=788,2026-09-18T02:10:10Z
789,Ibiza Bag,Carteras,12,79.0,,PEN,789CAR48873,789,Basic 21 Perú,ambos,El accesorio indispensable para tus días de sol. Nuestra nueva cartera combina la calidez de la fibra tejida con la elegancia del cuero en tono terracota. Es la pieza que llevará tu outfit de verano al siguiente nivel.,,,Beige (2352),Standar,https://euchelperu.com/images/productos/176747599411472244434901.jpg,https://euchelperu.com/producto.php?id=789,2026-09-18T02:10:13Z
793,Sand Hobo,Carteras,12,79.0,,PEN,793Beige oscuro,793,Basic 21 Perú,ambos,Nuestra cartera en tono arena es el accesorio perfecto para quienes aman los colores neutros y las texturas naturales. Un diseño minimalista que eleva cualquier outfit diario.,,,Beige oscuro (2359),CAR48873,https://euchelperu.com/images/productos/17674820849999238399225.jpg,https://euchelperu.com/producto.php?id=793,2026-09-18T02:10:16Z
794,Vestido Carolina,Vestidos,8,89.0,,PEN,794VES02012026,794,Basic 21 Perú,barrido,,,,Celeste (2360) | Negro (2416) | Amarillo (2417) | Blanco (2418) | Crema (2441),Standar,https://euchelperu.com/images/productos/176748444074083731229531.jpg | https://euchelperu.com/images/productos/17677295668258430245324.jpg | https://euchelperu.com/images/productos/176780724511627930847618.jpg | https://euchelperu.com/images/productos/17678074374416739691318.jpg | https://euchelperu.com/images/productos/176780783042077698053343.jpg,https://euchelperu.com/producto.php?id=794,2026-09-18T02:10:43Z
795,Luna Velvet,Carteras,12,75.0,,PEN,795CAR47379443,795,Basic 21 Perú,barrido,"Nuestra cartera Luna Velvet combina la suavidad de la gamuza negra con acabados en cuero sintético premium, creando una pieza que se siente tan bien como se ve.",,,Negro (2361) | Beige claro (2362),Standar,https://euchelperu.com/images/productos/17674880850190198532147.jpg | https://euchelperu.com/images/productos/17674882804258259712204.jpg,https://euchelperu.com/producto.php?id=795,2026-09-18T02:10:49Z
796,Top Aldama hilo,Tops,3,45.0,,PEN,7960055,796,Basic 21 Perú,ambos,,,,Blanco (2363) | Negro (2385) | Beige (2386),Standar,https://euchelperu.com/images/productos/176771318253672186424382.jpg | https://euchelperu.com/images/productos/176771913534399617635964.jpg | https://euchelperu.com/images/productos/176771915636639790737059.jpg,https://euchelperu.com/producto.php?id=796,2026-09-18T02:11:48Z
798,Vestido Ross rib,Vestidos,8,55.0,,PEN,7980057,798,Basic 21 Perú,barrido,,,,Celeste (2365) | Amarillo (2461),Standar,https://euchelperu.com/images/productos/176771354717718581692971.jpg | https://euchelperu.com/images/productos/17679162668746255815169.png,https://euchelperu.com/producto.php?id=798,2026-09-18T02:11:54Z
799,Vestido Cami broche,Vestidos,8,95.0,,PEN,7990058,799,Basic 21 Perú,ambos,,,,Negro (2366) | Blanco (2393) | Rojo (2394) | Marron (2964) | Amarillo (2965),Standar,https://euchelperu.com/images/productos/176771388291510724497249.jpg | https://euchelperu.com/images/productos/176771994973903252062395.jpg | https://euchelperu.com/images/productos/176772003151754525617804.jpg | https://euchelperu.com/images/productos/177222190699393865594555.jpg | https://euchelperu.com/images/productos/17722219962683364382662.jpg,https://euchelperu.com/producto.php?id=799,2026-09-18T02:13:12Z
801,Conjunto Vania satin,Set,10,110.0,,PEN,8010060,801,Basic 21 Perú,ambos,,,,Champagne (2368) | Blanco (2435),Standar,https://euchelperu.com/images/productos/17677153064401069301051.jpg | https://euchelperu.com/images/productos/17677434881532333566823.png,https://euchelperu.com/producto.php?id=801,2026-09-18T02:13:54Z
802,Mini vestido Olenka,Vestidos,8,59.0,,PEN,8029583,802,Basic 21 Perú,barrido,,,,Blanco (2433) | Negro (2434),Standar,https://euchelperu.com/images/productos/1767742192250662144875.png | https://euchelperu.com/images/productos/176774290462635447184586.png,https://euchelperu.com/producto.php?id=802,2026-09-18T02:14:52Z
804,Falda nudo suplex,Faldas,7,50.0,,PEN,8040063,804,Basic 21 Perú,ambos,,,,Negro (2371),Standar,https://euchelperu.com/images/productos/176771590328445670477346.jpg,https://euchelperu.com/producto.php?id=804,2026-09-18T02:15:07Z
805,Falda Zendaya lentejuela,Faldas,7,49.0,,PEN,8050064,805,Basic 21 Perú,ambos,,,,Azul (2372) | Negro (2444) | Dorado (2445) | Beige (2446),Standar,https://euchelperu.com/images/productos/176771612329041284595576.jpg | https://euchelperu.com/images/productos/17678105167259520480056.jpg | https://euchelperu.com/images/productos/176781069271885687152366.jpg,https://euchelperu.com/producto.php?id=805,2026-09-18T02:16:31Z
806,Short perception,Shorts,20,75.0,,PEN,8060065,806,Basic 21 Perú,ambos,,,,Celeste (2373),Standar,https://euchelperu.com/images/productos/176771622116057496759313.jpg,https://euchelperu.com/producto.php?id=806,2026-09-18T02:16:58Z
808,Set Mireya brillos,Set,10,110.0,,PEN,8080067,808,Basic 21 Perú,barrido,,,,Plateado (2375),Standar,https://euchelperu.com/images/productos/176771663527757611047917.jpg,https://euchelperu.com/producto.php?id=808,2026-09-18T02:17:01Z
810,Vestido Margaret corrugado,Vestidos,8,59.0,,PEN,8100068,810,Basic 21 Perú,ambos,,,,Vino (2377) | Negro (2427) | Blanco (2448),Standar,https://euchelperu.com/images/productos/176771764129672476931591.jpg | https://euchelperu.com/images/productos/176773864482450148098581.png | https://euchelperu.com/images/productos/176790883867479286454814.png,https://euchelperu.com/producto.php?id=810,2026-09-18T02:17:46Z
811,Top strapless suplex,Tops,3,19.0,,PEN,8110069,811,Basic 21 Perú,ambos,,,,Negro (2378) | Blanco (2424) | Rojo (2425) | Marron (2426),Standar,https://euchelperu.com/images/productos/176771777934049290697525.jpg | https://euchelperu.com/images/productos/176773786095357984339406.png | https://euchelperu.com/images/productos/17677378936226540858849.png | https://euchelperu.com/images/productos/17677379095459303465881.png,https://euchelperu.com/producto.php?id=811,2026-09-18T02:18:22Z
812,Salida de playa Michelly,Enterizos,16,65.0,,PEN,8120070,812,Basic 21 Perú,ambos,,,,Blanco (2397) | Beige (2423),Standar,https://euchelperu.com/images/productos/176772073215604321828718.jpg | https://euchelperu.com/images/productos/176773630574415692027475.png,https://euchelperu.com/producto.php?id=812,2026-09-18T02:18:52Z
814,Falda short bolsillo BL,Faldas,7,95.0,,PEN,8140072,814,Basic 21 Perú,barrido,,,,Azul (2399),Standar,https://euchelperu.com/images/productos/176772155923512536154193.jpg,https://euchelperu.com/producto.php?id=814,2026-09-18T02:18:55Z
815,Top Claudia bobos,Tops,3,49.0,,PEN,8150073,815,Basic 21 Perú,ambos,,,,Vino (2400) | Negro (2406) | Beige (2407),Standar,https://euchelperu.com/images/productos/176772168041281588835597.jpg | https://euchelperu.com/images/productos/176772335335057162544780.jpg | https://euchelperu.com/images/productos/176772341798244861213768.jpg,https://euchelperu.com/producto.php?id=815,2026-09-18T02:20:04Z
817,Sandalia summer,Calzado,22,85.0,,PEN,8170075,817,Basic 21 Perú,ambos,,,,Marrón (2402) | Blanco (2403),36-37 | 35-37,https://euchelperu.com/images/productos/176772268131855259395497.jpg | https://euchelperu.com/images/productos/176772270738418666340721.jpg,https://euchelperu.com/producto.php?id=817,2026-09-18T02:20:22Z
818,Sandalia Angely,Calzado,22,85.0,,PEN,8180076,818,Basic 21 Perú,ambos,,,,Animal print (2404) | Vino (2405),36-37-39 | 36-37,https://euchelperu.com/images/productos/176772301232596199095380.jpg | https://euchelperu.com/images/productos/176772302283516380891509.jpg,https://euchelperu.com/producto.php?id=818,2026-09-18T02:20:29Z
820,MAXI VESTIDO MICAELA HILO,Vestidos,8,85.0,,PEN,820MAX070126,820,Basic 21 Perú,ambos,"Eleva tu estilo de verano con este espectacular vestido largo de punto calado. Diseñado con un cautivador patrón de ondas en degradé. Su diseño entallado realza la silueta, mientras que el escote pronunciado con detalle de herraje dorado añade un toque de lujo sofisticado. Ideal para un día de beach club o una cena frente al mar.",,,Azul (2449) | Marrón (2450) | Negro (2451),Standar,https://euchelperu.com/images/productos/176790905957246277399144.jpg | https://euchelperu.com/images/productos/17679092933485415614435.png | https://euchelperu.com/images/productos/176790935756476522443735.png,https://euchelperu.com/producto.php?id=820,2026-09-18T02:21:14Z
822,FALDA SHORT ZENIT,Shorts,20,75.0,,PEN,822FAL260109,822,Basic 21 Perú,ambos,"Un básico elevado que no puede faltar en tu maleta de fin de semana. Esta skort de tiro medio-alto define la silueta gracias a su corte en ""A"" y su acabado liso. El cierre frontal con botón a tono le da un aire minimalista y moderno. Combínala con una camisa blanca de lino para un estilo safari o con un top ajustado para una salida nocturna relajada.",,,Negro (2455) | Marrón (2456) | Plomo (2457) | Beige (2458) | Vino (2459) | Crema (2460),S | M,https://euchelperu.com/images/productos/176791248682474512223884.png | https://euchelperu.com/images/productos/176791250734488629189617.png | https://euchelperu.com/images/productos/17679125382922131332615.png | https://euchelperu.com/images/productos/176791411224570556257634.png | https://euchelperu.com/images/productos/17679153406600171455299.png | https://euchelperu.com/images/productos/176791591457564265181259.png,https://euchelperu.com/producto.php?id=822,2026-09-18T02:22:45Z
823,Corset greicy cadena,Tops,3,50.0,,PEN,823TOP31686,823,Basic 21 Perú,barrido,"Esta pieza no es simplemente una prenda de vestir; es una joya arquitectónica diseñada para la mujer que busca ser el centro de todas las miradas. Inspirado en el lujo de las noches de gala y la estética vibrante del vintage glam, este top redefine el concepto de brillo y sofisticación.",,,Dorado (2485) | Plateado (2486) | Negro (2487),Standard,https://euchelperu.com/images/productos/176823936995670408649907.jpg | https://euchelperu.com/images/productos/17682384444530215240039.png | https://euchelperu.com/images/productos/176823937937612245042445.png,https://euchelperu.com/producto.php?id=823,2026-09-18T02:22:54Z
824,STRAPLESS SOF ENCAJE,Tops,3,29.0,,PEN,824STR72325,824,Basic 21 Perú,ambos,"Este delicado crop top de encaje floral en tono rosa pastel presenta un diseño tipo bandeau con un elegante drapeado central que realza el busto y bordes festoneados elásticos, convirtiéndolo en la pieza romántica y versátil ideal para crear looks femeninos de tendencia.",,,Rosado (2489) | celeste (2490) | Vino (2491) | Blanco (2492),Standar | Standard,https://euchelperu.com/images/productos/176824086846136910817282.jpg | https://euchelperu.com/images/productos/176824116517783920261960.png | https://euchelperu.com/images/productos/176824205881270313697891.png | https://euchelperu.com/images/productos/17682421160285891068851.png,https://euchelperu.com/producto.php?id=824,2026-09-18T02:24:20Z
825,falda shor zenit,Faldas,7,75.0,,PEN,825FAL260108,825,Basic 21 Perú,ambos,"Destaca por su diseño estructural de corte limpio y minimalista, confeccionada en una tela de apariencia firme que integra la sofisticación de una minifalda con la comodidad funcional de un short interior, incluyendo detalles de sastrería como pretina con trabillas para cinturón, un cierre frontal con botón a tono y bolsillos laterales discretos que la convierten en una pieza básica y versátil para cualquier guardarropa moderno.",,,Verde Olivo (2504) | Hueso (2505) | Plomo (2506) | Marrón (2507) | Vino (2508) | Negro (2509),S | M,https://euchelperu.com/images/productos/1768246787457691818604.jpg | https://euchelperu.com/images/productos/176824700955445318659651.png | https://euchelperu.com/images/productos/176824713578499719996788.png | https://euchelperu.com/images/productos/176824717733951834415222.png | https://euchelperu.com/images/productos/176824736994575487231744.png,https://euchelperu.com/producto.php?id=825,2026-09-18T02:25:38Z
827,VESTIDO NAHOMY,Vestidos,8,85.0,,PEN,827VES241225,827,Basic 21 Perú,ambos,"Este espectacular set de dos piezas en color amarillo pastel destaca por su diseño fluido y sofisticado, compuesto por un top de cuello alto estilo halter con elegantes pliegues drapeados que aportan volumen y movimiento, junto con una falda mini de talle alto que presenta un delicado detalle de fruncido lateral para esculpir la silueta, logrando un equilibrio perfecto entre frescura veraniega y elegancia moderna.",,,Amarillo (2516) | Blanco (2517) | Negro (2518),Standard,https://euchelperu.com/images/productos/176825090133803221080200.jpg | https://euchelperu.com/images/productos/176825152323325865942169.png | https://euchelperu.com/images/productos/176825215537407428218334.png,https://euchelperu.com/producto.php?id=827,2026-09-18T02:27:07Z
828,TOP ESTRELLA AMARRABLE,Tops,3,45.0,,PEN,828TOP89732,828,Basic 21 Perú,ambos,"Este top estilo halter de silueta fluida destaca por su profundo escote en V realzado por un llamativo broche central en forma de estrella de mar dorada, el cual une las copas y da paso a una caída asimétrica de volantes en cascada que, junto a su tono vino intenso, crea una pieza sofisticada y audaz ideal para looks de verano o eventos especiales de noche.",,,Vino (2521) | verde (2755),Standard,https://euchelperu.com/images/productos/17683352878824385136691.jpg | https://euchelperu.com/images/productos/17698998110805925404670.jpg,https://euchelperu.com/producto.php?id=828,2026-09-18T02:27:13Z
829,PANTALON HILO,Pantalones,6,55.0,,PEN,829PAN73748,829,Basic 21 Perú,ambos,"Estos pantalones de malla en color blanco marfil presentan un diseño de tejido calado con textura de red que aporta una estética artesanal y bohemia, destacando por su silueta de talle alto con pretina elástica y bota ligeramente acampanada que ofrece una caída fluida y fresca, convirtiéndolos en la prenda cover-up ideal para superponer sobre trajes de baño en días de playa o piscina con un toque de sofisticación relajada.",,,Blanco (2522),Standard,https://euchelperu.com/images/productos/176833585239767421957423.jpg,https://euchelperu.com/producto.php?id=829,2026-09-18T02:27:16Z
830,VESTIDO MELODY HILO,Vestidos,8,79.0,,PEN,830VES14446,830,Basic 21 Perú,ambos,"Este elegante vestido largo de corte asimétrico en tono crema destaca por su intrincado tejido de encaje con motivos geométricos y calados que aportan una textura artesanal única, presentando un diseño de un solo hombro realzado por un llamativo broche de estrella de mar dorada que añade un toque de lujo costero a su silueta entallada y sofisticada.",,,Beige (2523) | Blanco (2761) | Camell (2762),Standard,https://euchelperu.com/images/productos/176833616096635534536136.jpg | https://euchelperu.com/images/productos/17699026975148823677728.jpg | https://euchelperu.com/images/productos/176990276032353317525051.jpg,https://euchelperu.com/producto.php?id=830,2026-09-18T02:28:26Z
833,MINI VESTIDO THAISSA HILO,Vestidos,8,59.0,,PEN,833MIN13200,833,Basic 21 Perú,ambos,"Este espectacular vestido corto de tejido calado en color azul cielo destaca por su diseño audaz de cuello halter y espalda descubierta, el cual integra amplias aberturas laterales que estilizan la silueta y una textura de red artesanal que finaliza en un delicado ruedo festoneado, convirtiéndolo en la pieza perfecta para un look de playa sofisticado y moderno.",,,Celeste (2526) | Negro (2757) | Blanco (2758) | Beige (2759),Standard,https://euchelperu.com/images/productos/176833707581583849099669.jpg | https://euchelperu.com/images/productos/176990188998335604483484.jpg | https://euchelperu.com/images/productos/17699019036393398830806.jpg | https://euchelperu.com/images/productos/176990192443343315759897.jpg,https://euchelperu.com/producto.php?id=833,2026-09-18T02:29:26Z
834,MINI VESTIDO ESTRELLA BLONDA,Vestidos,8,79.0,,PEN,834MIN58730,834,Basic 21 Perú,ambos,"Este encantador vestido corto de encaje blanco marfil destaca por su romántica estética bohemia y femenina, presentando un diseño de cuello halter con un sugerente escote unido por un broche de estrella de mar dorada, que se complementa perfectamente con atrevidas aberturas laterales (cut-outs) en la cintura y una falda terminada en un delicado volante con bordados florales calados, ideal para un evento veraniego de día o una ocasión especial frente al mar.",,,Crema (2527),Standard,https://euchelperu.com/images/productos/176833744409901273726272.jpg,https://euchelperu.com/producto.php?id=834,2026-09-18T02:30:46Z
837,TOP SAMY STRAPLESS ASIMETRICO,Tops,3,39.0,,PEN,837TOP59447,837,Basic 21 Perú,ambos,"Esta blusa estilo strapless en color celeste pastel presenta un diseño minimalista y moderno confeccionado en una tela de punto elástica que se amolda suavemente al cuerpo, destacando por su corte asimétrico en punta y un delicado detalle de fruncido lateral que crea un drapeado elegante y dinámico, convirtiéndola en la prenda básica perfecta para elevar cualquier look casual con un toque de sofisticación contemporánea.",,,Celeste (2532) | Negro (2748) | Blanco (2749) | Marrón (2750) | Amarillo (2751) | Azul noche (2752),Standard,https://euchelperu.com/images/productos/17683393517277797883674.jpg | https://euchelperu.com/images/productos/17698988229643186965587.jpg | https://euchelperu.com/images/productos/176989884058510461777317.jpg | https://euchelperu.com/images/productos/176989885492673413599500.jpg | https://euchelperu.com/images/productos/176989886848897480994039.jpg | https://euchelperu.com/images/productos/176989888992094811780514.jpg,https://euchelperu.com/producto.php?id=837,2026-09-18T02:31:40Z
839,TOP FLORENCIA,Tops,3,59.0,,PEN,839TOP29359,839,Basic 21 Perú,ambos,"Esta blusa asimétrica de un solo hombro en color amarillo pastel destaca por su diseño de silueta amplia y fluida tipo capa, confeccionada en una tela ligera de caída natural que aporta movimiento y frescura, ideal para crear un look moderno y sofisticado al combinarla con prendas ajustadas como minifaldas de denim o pantalones sastreros.",,,Amarillo (2535) | Blanco (2571) | Verde (2572) | Negro (2573) | Marrón (2574) | Azul (2575),Standard,https://euchelperu.com/images/productos/176834082586036973559206.jpg | https://euchelperu.com/images/productos/17685020969283537425630.png | https://euchelperu.com/images/productos/176850236771692775585280.png | https://euchelperu.com/images/productos/176850264631976645731298.png | https://euchelperu.com/images/productos/176850271624308970465715.png | https://euchelperu.com/images/productos/17685028938313474615653.png,https://euchelperu.com/producto.php?id=839,2026-09-18T02:32:59Z
840,VESTIDO RENATA ALGODON,Vestidos,8,89.0,,PEN,840VES32373,840,Basic 21 Perú,ambos,"Esta sofisticada prenda de una sola pieza en color vino tinto destaca por su moderno diseño de escote asimétrico ""off-the-shoulder"", que combina una parte superior de silueta holgada y drapeada con mangas largas ajustadas, contrastando perfectamente con una falda mini de acabado fruncido que se ciñe al cuerpo para resaltar la figura, logrando un equilibrio ideal entre elegancia relajada y sensualidad contemporánea para un evento de noche.",,,Vino (2536) | Marrón (2582) | Negro (2583),Standard,https://euchelperu.com/images/productos/176834126598401923141012.jpg | https://euchelperu.com/images/productos/176857779487012231280445.png | https://euchelperu.com/images/productos/176857780894698215920836.png,https://euchelperu.com/producto.php?id=840,2026-09-18T02:33:10Z
841,MINI VESTIDO KYLIE HILO BLONDA,Vestidos,8,55.0,,PEN,841MIN16745,841,Basic 21 Perú,barrido,"Este vibrante vestido corto de tejido de punto en color amarillo brillante destaca por su diseño de inspiración artesanal y femenina, presentando un delicado escote en V con tirantes finos que dan paso a una silueta entallada, la cual se transforma en la parte inferior con una llamativa falda de tres niveles de volantes texturizados que aportan volumen, movimiento y un toque lúdico ideal para eventos veraniegos o cócteles al aire libre.",,,Amarillo (2537) | Verde olivo (2584) | Blanco (2585) | Negro (2586),Standard,https://euchelperu.com/images/productos/176834159398669364777423.jpg | https://euchelperu.com/images/productos/17685784083867949195969.png | https://euchelperu.com/images/productos/176857842933705894470887.png | https://euchelperu.com/images/productos/176990108976050314854809.jpg,https://euchelperu.com/producto.php?id=841,2026-09-18T02:33:22Z
842,SET ISABELLA HILO,Set,10,79.0,,PEN,842SET67688,842,Basic 21 Perú,ambos,"Este espectacular conjunto de dos piezas confeccionado en tejido de punto calado destaca por su vibrante diseño de ondas horizontales en tonos azul cielo, verde musgo y blanco marfil, compuesto por un top estilo bandeau de corte recto y una falda maxi de talle alto que abraza la silueta, ofreciendo una textura artesanal rica en detalles que combina la frescura del estilo bohemio con una estética moderna y sofisticada, ideal para lucir impecable en destinos de playa o eventos veraniegos exclusivos.",,,Celeste/Verde (2539) | Negro/Plomo (2587) | Marrón/Crema (3136) | Negro/Beige (3137),Standard | Standar,https://euchelperu.com/images/productos/176834256672385243097784.jpg | https://euchelperu.com/images/productos/176857869284672543285902.png | https://euchelperu.com/images/productos/177437370649645920171198.png | https://euchelperu.com/images/productos/177437396908933278332140.png,https://euchelperu.com/producto.php?id=842,2026-09-18T02:33:34Z
843,BLUSA LEONOR AMARRABLE,Blusas,18,45.0,,PEN,843BLU76430,843,Basic 21 Perú,ambos,"Este delicado top estilo halter en color azul cielo destaca por su diseño audaz y femenino, presentando un escote en V profundo que se extiende hasta la cintura, donde se ajusta mediante un cordón funcional que crea un favorecedor efecto de fruncido y una caída fluida tipo peplum, ideal para combinar con prendas de tiro alto y lograr un look veraniego fresco y sofisticado.",,,Celeste (2540) | Celeste rayitas (2613) | Beige c/ rayas blancas (3146) | Marrón (3147),Standard | Standar,https://euchelperu.com/images/productos/17683432725271476831648.jpg | https://euchelperu.com/images/productos/176912480463620667182290.jpg,https://euchelperu.com/producto.php?id=843,2026-09-18T02:34:23Z
844,TOP MARY LAZOS,Tops,3,49.0,,PEN,844TOP96281,844,Basic 21 Perú,ambos,"Este encantador top de tirantes con estampado de rayas verticales en azul y blanco destaca por su diseño fresco y juvenil, presentando un pronunciado escote en V realzado por dos delicados lazos frontales ajustables que crean aberturas estratégicas (cut-outs), logrando una silueta romántica y ligera que es ideal para combinar con prendas de denim en un look veraniego impecable.",,,Celeste (2541) | negro (2746) | Beige (2747),Standard,https://euchelperu.com/images/productos/176834372385351794128129.jpg | https://euchelperu.com/images/productos/177007180651520459967696.png | https://euchelperu.com/images/productos/177007222799582836056410.png,https://euchelperu.com/producto.php?id=844,2026-09-18T02:34:35Z
845,COTTON (PEQUEÑO),Cuidado personal,15,8.0,,PEN,845COT16534,845,Basic 21 Perú,ambos,"Estos discos de algodón absorbentes, presentados en un práctico paquete cilíndrico de 70 unidades, están fabricados con algodón 100% natural para ofrecer una textura suave y delicada sobre la piel, convirtiéndose en el aliado esencial para una rutina de belleza impecable al facilitar la aplicación de tónicos o la remoción suave de maquillaje y esmalte de uñas sin dejar residuos.",,,Blanco (2542),Standard,https://euchelperu.com/images/productos/176843185644717625755075.jpg,https://euchelperu.com/producto.php?id=845,2026-09-18T02:35:02Z
846,COTTON (GRANDE),Cuidado personal,15,11.0,,PEN,846COT68911,846,Basic 21 Perú,ambos,"Estos discos de algodón súper absorbentes, presentados en un conveniente paquete de 120 unidades, están elaborados con algodón 100% natural para garantizar una textura suave y libre de impurezas, siendo el complemento perfecto para tu rutina diaria de cuidado facial al permitir una limpieza profunda, la aplicación precisa de lociones o la remoción eficaz de maquillaje y esmalte de uñas sin irritar la piel.",,,Blanco (2543),Standard,https://euchelperu.com/images/productos/176843351676256787210216.jpg,https://euchelperu.com/producto.php?id=846,2026-09-18T02:36:38Z
847,PEINE,Cuidado personal,15,9.0,,PEN,847PEI59092,847,Basic 21 Perú,ambos,"Este cepillo para el cabello de diseño ergonómico está confeccionado en madera natural con un acabado pulido que resalta sus vetas orgánicas, incorporando una base de almohadilla flexible con cerdas de madera de punta redondeada que proporcionan un suave masaje al cuero cabelludo mientras desenredan eficazmente el cabello, reduciendo el frizz y la estática para un acabado sedoso y saludable.",,,Beige (2544),Standard,https://euchelperu.com/images/productos/176843367866884709349427.jpg,https://euchelperu.com/producto.php?id=847,2026-09-18T02:36:41Z
848,TOALLAS HUMEDAS,Cuidado personal,15,4.0,,PEN,848TOA76319,848,Basic 21 Perú,ambos,"Estas toallitas húmedas para desmaquillar, presentadas en un práctico empaque portátil de 25 unidades, están especialmente formuladas para ofrecer una limpieza profunda y eficaz que remueve el maquillaje e impurezas del rostro de manera suave, dejando la piel fresca e hidratada gracias a su textura resistente y amigable con el cutis, ideal para llevar siempre contigo en tu bolso o kit de viaje.",,,Rosado (2545),Standard,https://euchelperu.com/images/productos/176843384688803190919186.jpg,https://euchelperu.com/producto.php?id=848,2026-09-18T02:37:32Z
849,SET COLET CORAZON,Accesorios,19,3.0,,PEN,849SET55424,849,Basic 21 Perú,ambos,"Este set de tres ligas para el cabello en tonos tierra (chocolate, café y beige) presenta un sofisticado diseño de tejido texturizado de alta resistencia, adornado cada uno con un delicado dije en forma de corazón con detalles de strass brillantes, combinando funcionalidad y estilo para sujetar tu melena con suavidad mientras añades un toque romántico y femenino a cualquier peinado diario.",,,Marrón (2548),Standard,https://euchelperu.com/images/productos/176843452752073573526368.jpg,https://euchelperu.com/producto.php?id=849,2026-09-18T02:37:35Z
850,COLET,Accesorios,19,3.0,,PEN,850COL76330,850,Basic 21 Perú,ambos,"Esta elegante coleta para el cabello (scrunchie) en color marrón chocolate destaca por su diseño de tejido acanalado de alta calidad, realzado por un delicado ribete blanco en contraste que bordea sus pliegues, ofreciendo una sujeción suave y firme que evita el quiebre de la fibra capilar mientras añade un toque de sofisticación clásica y versátil a cualquier peinado casual.",,,Marrón (2549),Standard,https://euchelperu.com/images/productos/17684347020282600471683.jpg,https://euchelperu.com/producto.php?id=850,2026-09-18T02:38:02Z
851,CLIP ORQUIDEA,Accesorios,19,5.0,,PEN,851CLI57552,851,Basic 21 Perú,barrido,"Estos encantadores clips para el cabello en forma de orquídea destacan por su vibrante color fucsia y detalles realistas en los pétalos, incorporando una elegante perla central que añade un toque de sofisticación tropical, convirtiéndolos en el accesorio perfecto para realzar peinados recogidos o sueltos con un estilo exótico y romántico.",,,Turquesa (2550) | Rojo/Amarillo/Celeste (2551) | Colores Pasteles (2552),Standard,https://euchelperu.com/images/productos/17684351356854076472986.jpg | https://euchelperu.com/images/productos/176843524203254437997426.jpg | https://euchelperu.com/images/productos/176843530989232872528473.jpg,https://euchelperu.com/producto.php?id=851,2026-09-18T02:38:36Z
852,GANCHO MARMOL,Accesorios,19,5.0,,PEN,852GAN77506,852,Basic 21 Perú,barrido,"Este encantador set de tres mini pinzas para el cabello en forma de estrella de mar destaca por su delicado acabado marmoleado en tonos oceánicos (azul lila, menta y blanco perla), ofreciendo una sujeción práctica y estilizada con un diseño de inspiración marina que es ideal para añadir un toque refrescante y veraniego a cualquier peinado.",,,azul lila/menta/blanco perla (2553),Standard,https://euchelperu.com/images/productos/1768435859340447619805.jpg,https://euchelperu.com/producto.php?id=852,2026-09-18T02:38:39Z
853,Sienna Bag,Carteras,12,85.0,,PEN,853CAR06085,853,Basic 21 Perú,ambos,"Este espectacular bolso de mano tejido en paja natural combina una textura artesanal con detalles contemporáneos, presentando un diseño estructurado de base firme que se complementa con una elegante solapa de cuero sintético en color camel y un cierre de hebilla metálica ajustable, convirtiéndose en el accesorio imprescindible para elevar cualquier atuendo veraniego o de playa con un toque de sofisticación rústica.",,,Marrón/Beish (2554) | Azul/Amarillo/Beish (2560),Standard,https://euchelperu.com/images/productos/176843617548954595173695.jpg | https://euchelperu.com/images/productos/176843735533685590090342.jpg,https://euchelperu.com/producto.php?id=853,2026-09-18T02:38:45Z
854,Eclipse Bag,Carteras,12,89.0,,PEN,854CAR51216,854,Basic 21 Perú,barrido,"Este elegante bolso de hombro con silueta de media luna destaca por su sofisticada combinación de texturas, presentando un cuerpo confeccionado en un tejido técnico con un sutil patrón de espiga en tonos crema y beige, complementado por una estructurada asa ajustable y detalles en cuero sintético de color marfil, que se integran mediante un cierre central de solapa mínima para ofrecer un accesorio moderno y versátil ideal para elevar cualquier atuendo de diario.",,,Crema (2555) | Negro (2556),Standard,https://euchelperu.com/images/productos/176843639928942386012111.jpg | https://euchelperu.com/images/productos/17684369822489980239378.jpg,https://euchelperu.com/producto.php?id=854,2026-09-18T02:39:03Z
855,Cherry Night,Carteras,12,69.0,,PEN,855CAR79778,855,Basic 21 Perú,ambos,"Este sofisticado bolso de hombro con silueta de media luna destaca por su acabado en charol de alto brillo en un profundo tono vino tinto, presentando un diseño estructurado y minimalista con un sutil detalle metálico plateado en el centro y una asa delgada ajustable, convirtiéndose en el accesorio de tendencia perfecto para añadir un toque de elegancia retro y nocturna a cualquier atuendo.",,,Vino (2557) | Crema (2558) | Blanco (2559),Standard,https://euchelperu.com/images/productos/17684371718161445597012.jpg | https://euchelperu.com/images/productos/176843724005395211352946.jpg,https://euchelperu.com/producto.php?id=855,2026-09-18T02:39:36Z
857,Amalfi Bag,Carteras,12,79.0,,PEN,857CAR48873,857,Basic 21 Perú,ambos,"Este sofisticado bolso de hombro con estampado de leopardo destaca por su diseño de silueta estructurada en media luna y herrajes dorados, complementado con una elegante pañoleta decorativa anudada al cierre y una asa larga ajustable en color negro que lo convierte en el accesorio de tendencia ideal para añadir un toque audaz y glamuroso a cualquier atuendo básico.",,,Beige (2565) | Blanco (2566) | Beige (2567),Standard,https://euchelperu.com/images/productos/176843794914649442330955.jpg | https://euchelperu.com/images/productos/17684380360973553736544.jpg | https://euchelperu.com/images/productos/176843812832400525517891.jpg,https://euchelperu.com/producto.php?id=857,2026-09-18T02:39:57Z
858,Midnight Bag,Carteras,12,79.0,,PEN,858CAR48873,858,Basic 21 Perú,ambos,"Este elegante bolso de hombro rectangular en color vino tinto destaca por su sofisticado acabado texturizado tipo cuero craquelado, presentando una silueta minimalista y alargada realzada por una fina asa superior y un audaz pañuelo decorativo con estampado de leopardo anudado lateralmente, logrando una pieza de tendencia que fusiona la elegancia clásica con un toque moderno y atrevido.",,,Vino (2568) | Negro (2569) | Marrón (2570),Standard,https://euchelperu.com/images/productos/17684386154496817452350.jpg | https://euchelperu.com/images/productos/176843863796171938689607.jpg,https://euchelperu.com/producto.php?id=858,2026-09-18T02:40:19Z
859,short sara,Shorts,20,85.0,,PEN,859SHO130126,859,Basic 21 Perú,ambos,"se define por su favorecedor diseño de tiro alto y estructura clásica de cinco bolsillos, confeccionado en un tejido firme que garantiza durabilidad y estilo; además, su acabado con ruedo doblado aporta un toque casual y sofisticado que lo convierte en el básico de fondo de armario perfecto para crear looks frescos y versátiles.",,,Blanco (2576),26 | 28 | 30 | 32,https://euchelperu.com/images/productos/176850673158050599374258.jpg,https://euchelperu.com/producto.php?id=859,2026-09-18T02:40:23Z
860,top dany escote,Tops,3,39.0,,PEN,860TOP50573,860,Basic 21 Perú,ambos,"Este elegante top de diseño asimétrico es la pieza definitiva para quienes buscan sofisticación y estilo en una sola prenda, destacando por su favorecedor escote de un solo hombro y una caída drapeada que aporta movimiento y un aire de lujo discreto. Confeccionado con un tejido suave que se adapta delicadamente a la silueta, cuenta con mangas largas y un acabado minimalista que lo convierte en el aliado perfecto para combinar con pantalones de talle alto o faldas ajustadas en cualquier evento especial o salida nocturna.",,,Amarillo (2591) | Blanco (2592) | Turqueza (2593) | Negro (2594) | Rojo (2595) | Marrón (2596) | Mostaza (2597) | Rosado (2598),Standard,https://euchelperu.com/images/productos/17685810341518440891304.jpg | https://euchelperu.com/images/productos/176858125617772735531778.png | https://euchelperu.com/images/productos/176858142443829897285657.png | https://euchelperu.com/images/productos/176858174405575422252464.png | https://euchelperu.com/images/productos/176858190552272799926501.png | https://euchelperu.com/images/productos/17685820487829725842599.png | https://euchelperu.com/images/productos/176858217277740747296894.png,https://euchelperu.com/producto.php?id=860,2026-09-18T02:41:59Z
861,top aby star,Tops,3,39.0,,PEN,861TOP23161,861,Basic 21 Perú,ambos,n diseño romántico y fresco que combina un favorecedor fruncido en el pecho con un delicado acabado en volantes para un look femenino y moderno.,,,Amarillo (2599) | Negro (2600) | Blanco (2601) | Turqueza (2602) | Azul acero (3108),Standard,https://euchelperu.com/images/productos/176858245849454348948304.jpg | https://euchelperu.com/images/productos/176858307241283223033516.png | https://euchelperu.com/images/productos/1768583236637496583678.png | https://euchelperu.com/images/productos/176858329558840417980046.png | https://euchelperu.com/images/productos/177428538561419638528308.jpg,https://euchelperu.com/producto.php?id=861,2026-09-18T02:42:15Z
862,MINI VESTIDO SOLANGE BRILLO,Vestidos,8,110.0,,PEN,862MIN190126,862,Basic 21 Perú,ambos,"Deslumbra con este cautivador vestido corto en tono crema. Su diseño destaca por un exquisito bordado de lentejuelas doradas con motivos de lunas y estrellas que capturan la luz en cada movimiento. Silueta: Ajuste bodycon que realza la figura. Detalles: Tirantes finos tipo espagueti y escote en V. Ocasión: Perfecto para fiestas, cócteles o eventos donde quieras brillar con luz propia.",,,NEGRO (2605) | ROJO (2606),Standard,https://euchelperu.com/images/productos/17691213422903163119600.png | https://euchelperu.com/images/productos/17691214253765521161512.png,https://euchelperu.com/producto.php?id=862,2026-09-18T02:42:21Z
863,TOP SOLANGE LENTEJUELA,Tops,3,59.0,,PEN,863TOP260119,863,Basic 21 Perú,barrido,"Eleva tu estilo con esta pieza mágica y llena de luz. Este top es el equilibrio perfecto entre un diseño fresco y un acabado de lujo. Diseño: Estilo halter en tono crema suave con un deslumbrante bordado de lentejuelas doradas que forman motivos de soles, lunas y estrellas. Corte: Presenta un favorecedor escote en V cruzado que estiliza la figura y deja la espalda descubierta para un look veraniego y chic. Versatilidad: Ideal para combinar con prendas de tiro alto, como faldas blancas o pantalones de lino, creando un outfit perfecto para eventos especiales o noches de cóctel.",,,Amarillo (2611),Standard,https://euchelperu.com/images/productos/17691232128124925917173.jpg,https://euchelperu.com/producto.php?id=863,2026-09-18T02:42:25Z
864,BIKINI MARY,BIKINIS,21,99.0,,PEN,864BKN152,864,Basic 21 Perú,ambos,"Prepárate para destacar en la playa con este diseño que combina elegancia y frescura. Diseño: Top de estilo halter en color negro con ribetes blancos contrastantes que definen y realzan la figura. Detalle de Lujo: Incluye un sofisticado broche de concha dorada con una perla en el centro, agregando un toque chic y único al escote. Ajuste: Bottom de corte alto diseñado para estilizar y alargar visualmente las piernas. Estilo: La pieza perfecta para un look de playa glamuroso y moderno.",,,Negro (2614),Standard,https://euchelperu.com/images/productos/17691293809233461471087.jpg,https://euchelperu.com/producto.php?id=864,2026-09-18T02:42:28Z
865,BIKINI STEPHANY,BIKINIS,21,99.0,,PEN,865BKN153,865,Basic 21 Perú,ambos,"Captura la esencia del verano con este diseño de texturas únicas y detalles sofisticados. Diseño y Textura: Top tipo bandeau confeccionado en tela crema plisada, que aporta relieve y un toque de distinción. Detalle Central: Incluye un delicado broche de concha metálica en el centro del pecho, fusionando el estilo náutico con el lujo. Contraste: Tirantes y lazos laterales en un vibrante tono terracota, perfectos para resaltar el bronceado. Ajuste Personalizado: El bottom presenta lazos laterales ajustables, permitiendo una comodidad total y un ajuste a medida.",,,Beige (2615),Standard,https://euchelperu.com/images/productos/176912962291278698897685.jpg,https://euchelperu.com/producto.php?id=865,2026-09-18T02:42:31Z
866,BIKINI LUANA,BIKINIS,21,99.0,,PEN,866BKN154,866,Basic 21 Perú,ambos,"Conecta con la naturaleza y el lujo con este diseño de inspiración orgánica y tonos cálidos. Diseño: Top de corte triangular con un estampado geométrico que combina tonos tierra, blanco y ocre para un look bohemio y sofisticado. Detalles de Lujo: Presenta elegantes aros metálicos dorados en el centro del pecho y en los laterales de la cadera, añadiendo un toque de brillo bajo el sol. Ajuste: Bottom de tiro bajo con tiras finas y ajustables para resaltar la silueta de forma femenina. Estilo: La pieza perfecta para quienes buscan un estilo ""Resort"" exclusivo y atemporal.",,,UNICO COLOR (2616),Standard,https://euchelperu.com/images/productos/176912997093259615567570.jpg,https://euchelperu.com/producto.php?id=866,2026-09-18T02:42:36Z
867,BIKINI DANAE,BIKINIS,21,99.0,,PEN,867BKN155,867,Basic 21 Perú,ambos,"Luce un estilo bohemio y sofisticado con este diseño que celebra las texturas naturales y el detalle hecho a mano. Diseño y Textura: El conjunto presenta una base en tono marrón tierra con un intrincado tejido tipo red, decorado con bordados de cordón blanco en relieve que forman elegantes motivos orgánicos. Top Estructurado: Cuenta con copas con aro para brindar mayor soporte y realce, junto con tirantes delgados ajustables para un calce perfecto. Bottom Ajustable: La braga coordina con el mismo diseño artesanal y dispone de lazos laterales para adaptar el ajuste a tu comodidad. Vibe: Ideal para quienes buscan un look de playa exclusivo, con una estética artesanal que resalta sobre la arena.",,,Marrón (2617) | Negro (2618) | Rosado (2619),S | M | Standard,https://euchelperu.com/images/productos/176913020253287438636582.jpg | https://euchelperu.com/images/productos/176913024948084386664189.jpg | https://euchelperu.com/images/productos/176913028916735926712110.jpg,https://euchelperu.com/producto.php?id=867,2026-09-18T02:42:57Z
868,BIKINI VAQUERO,BIKINIS,21,120.0,,PEN,868BIK190126,868,Basic 21 Perú,ambos,"Luce un estilo impecable y glamuroso este verano con nuestro conjunto de tres piezas que redefine el lujo playero. Bikini de Dos Piezas: Presenta un top de triángulo clásico en tono crema que se complementa con un bottom de la misma tonalidad, diseñado para un ajuste cómodo y favorecedor. Salida de Baño ""Cover-Up"": El toque estrella es este vestido de malla en tejido tipo crochet calado que permite ver el bikini sutilmente, aportando textura y un aire bohemio. Detalle de Escote: El vestido cuenta con un escote tipo drapeado o ""cowl neck"" muy profundo que realza el busto de forma elegante y femenina. Accesorio de Lujo: Incluye un broche dorado en forma de flor en uno de los tirantes, añadiendo un destello de brillo sofisticado a tu look de resort.",,,UNICO COLOR (2620),S | M,https://euchelperu.com/images/productos/176913060853878470590797.jpg,https://euchelperu.com/producto.php?id=868,2026-09-18T02:43:24Z
869,BIKINI ANNY,BIKINIS,21,110.0,,PEN,869BKN110,869,Basic 21 Perú,ambos,"Impacta con un look audaz y sofisticado que combina la elegancia del negro con la frescura de los detalles florales. Diseño Innovador: Traje de baño de una pieza con un atrevido panel central de malla transparente (mesh) negra que crea un efecto visual de ""cut-out"" y estiliza la cintura. Estampado Vibrante: Destaca por sus grandes flores en tonos rosa y fucsia estratégicamente ubicadas en el top y la cadera para un contraste espectacular sobre el fondo negro. Corte Favorecedor: Presenta un cuello redondo con tirantes delgados y un bottom de corte alto que alarga visualmente las piernas. Estilo Versátil: Una pieza única que también puedes usar como ""body"" combinado con tus shorts favoritos para un look de playa completo.",,,UNICO COLOR (2621),S | M,https://euchelperu.com/images/productos/17691308683358547689155.jpg | https://euchelperu.com/images/productos/176913108801456588071864.jpg,https://euchelperu.com/producto.php?id=869,2026-09-18T02:44:03Z
870,BIKINI VANE,BIKINIS,21,110.0,,PEN,870BKN110,870,Basic 21 Perú,ambos,"Eleva tu estilo playero con este conjunto de tres piezas que captura la esencia del lujo bajo el sol. Diseño del Top: Bikini de estilo balconette en color crema, con tirantes anchos que brindan soporte y comodidad. Detalle Icónico: El centro del top destaca con un broche dorado en forma de sol con una perla central, aportando un toque de brillo sofisticado. Complemento Perfecto: Incluye una mini falda tipo pareo a juego, ajustable con lazos laterales y decorada con el mismo detalle de sol dorado en la cadera. Vibe: Ideal para un día de yate o un club de playa exclusivo, donde la elegancia y el confort se encuentran.",,,UNICO COLOR (2622),Standard,https://euchelperu.com/images/productos/176913125272138883218914.jpg,https://euchelperu.com/producto.php?id=870,2026-09-18T02:44:06Z
871,BIKINI CAROLINA,BIKINIS,21,110.0,,PEN,871BKN111,871,Basic 21 Perú,ambos,"Eleva tu look de playa con este conjunto de inspiración artesanal en tonos tierra, diseñado para quienes aman los detalles únicos y naturales. Diseño del Top: Bikini de corte triangular clásico en un cálido tono marrón terracota, con una textura de micro-panal que añade profundidad y estilo. Detalles Orgánicos: Tanto el top como el bottom están decorados con pequeñas conchas de mar naturales, creando un contraste artesanal y fresco. Complemento de Tendencia: Incluye una mini falda de malla (mesh) a juego, ideal para usar como salida de baño, con lazos laterales ajustables para un calce perfecto. Ajuste Personalizado: El diseño cuenta con tiras finas para amarrar al cuello y la espalda, permitiendo adaptar la prenda a tu silueta con total comodidad.",,,Marrón (2623),Standard,https://euchelperu.com/images/productos/176913154132129872727941.jpg,https://euchelperu.com/producto.php?id=871,2026-09-18T02:44:09Z
872,BIKINI SHEYLA,BIKINIS,21,110.0,,PEN,872BKN112,872,Basic 21 Perú,ambos,"Deslumbra con un look luminoso y artesanal que celebra la esencia del verano en un impecable tono crema. Diseño del Top: Bikini de triángulo clásico con una sofisticada textura de red calada, perfecto para un estilo bohemio y chic. Detalles Costeros: Tanto el top como el bottom están decorados con conchas naturales que añaden un toque orgánico y único a la prenda. Complemento Versátil: Incluye un pareo de malla (mesh) a juego con lazos ajustables, ideal para transicionar del agua al club de playa con total elegancia. Ajuste a Medida: Las tiras delgadas permiten un ajuste personalizado al cuello, espalda y cadera, resaltando tu silueta de forma delicada.",,,Perla (2624),Standard,https://euchelperu.com/images/productos/176913171407642133029512.jpg,https://euchelperu.com/producto.php?id=872,2026-09-18T02:44:24Z
873,BIKINI LIRI,BIKINIS,21,110.0,,PEN,873BKN113,873,Basic 21 Perú,ambos,"Añade un toque artístico y audaz a tu maleta de vacaciones con este conjunto de tres piezas que combina transparencia y color de forma espectacular. Bikini Base: Incluye un top de estilo triangular clásico en color negro sólido, diseñado para ofrecer un ajuste minimalista y elegante. Top de Malla: Se complementa con un crop top de manga corta confeccionado en malla negra semitransparente, que destaca por un impresionante estampado de lirio en tonos naranja y amarillo que cubre parte del pecho. Falda a Juego: El set se completa con una mini falda de mesh coordinada, con el mismo motivo floral en el lateral, perfecta para crear un look de playa sofisticado y con movimiento. Vibe: Una opción versátil y moderna, ideal para pasar del sol a un almuerzo frente al mar con total estilo.",,,Negro (2625),Standard,https://euchelperu.com/images/productos/176913205047782262398775.jpg,https://euchelperu.com/producto.php?id=873,2026-09-18T02:44:39Z
874,BIKINI RUBI,BIKINIS,21,110.0,,PEN,874BKN114,874,Basic 21 Perú,ambos,"Captura la magia del océano con este conjunto de tres piezas que combina elegancia, texturas delicadas y un toque náutico irresistible. Diseño del Top: Bikini de estilo halter en un suave tono crema, confeccionado con un tejido de encaje calado que aporta una textura romántica y femenina. Detalle Protagonista: El centro del pecho destaca con una espectacular estrella de mar dorada, convirtiéndose en el foco de atención de todo el look. Complemento Ideal: Incluye un pareo a juego en el mismo encaje ligero, perfecto para lucir un outfit coordinado y sofisticado a la orilla de la piscina o el mar. Estilo: Una pieza clave para quienes buscan un estilo ""Mermaid-core"" de lujo, resaltando el bronceado de forma natural y chic.",,,UNICO COLOR (2626),Standard,https://euchelperu.com/images/productos/176913284963861800356364.jpg,https://euchelperu.com/producto.php?id=874,2026-09-18T02:45:07Z
875,BIKINI ORQUIDEA,BIKINIS,21,110.0,,PEN,875BKN115,875,Basic 21 Perú,ambos,"Añade un toque romántico y artístico a tu estilo playero con este conjunto de tres piezas que destaca por su delicado estampado botánico. Bikini de Dos Piezas: Presenta un bottom de corte minimalista con tiras laterales y un top coordinado, ambos con un vibrante estampado de orquídeas en tonos rosa y fucsia. Cover-Up de Tendencia: Incluye un top de malla (mesh) semitransparente en color rosa pastel, diseñado con mangas cortas y detalles de lazos laterales ajustables para un look moderno y versátil. Detalle Artístico: La pieza de mesh cuenta con una impresión de flor de gran formato que se funde perfectamente con el diseño del bikini, creando un efecto visual sofisticado y femenino. Vibe: Es el conjunto perfecto para un ""beach club"" o una sesión de fotos al atardecer, combinando frescura y elegancia en cada detalle.",,,Rosado (2627),Standard,https://euchelperu.com/images/productos/176913303465780488527117.jpg,https://euchelperu.com/producto.php?id=875,2026-09-18T02:45:21Z
876,BIKINI ORIANA,BIKINIS,21,110.0,,PEN,876BKN116,876,Basic 21 Perú,ambos,"Enamórate de este conjunto que combina la dulzura del estilo coquette con la calidez de un atardecer de verano. Diseño del Top: Presenta un top de tirantes finos con un delicado vuelo tipo peplum y detalles de volantes en el pecho, brindando un aire retro y muy femenino. Estampado Floral: Confeccionado en una suave paleta de tonos melocotón y naranja, decorado con un estampado de flores silvestres que evoca un jardín en pleno verano. Detalles Delicados: El bottom de corte clásico incluye un pequeño lazo decorativo en el centro, manteniendo la estética detallista y romántica de todo el set. Vibe: La elección perfecta para quienes buscan un look de playa tierno, cómodo y lleno de estilo.",,,UNICO COLOR (2628),Standard,https://euchelperu.com/images/productos/176913454177457740620383.jpg | https://euchelperu.com/images/productos/17691345512343781918307.jpg,https://euchelperu.com/producto.php?id=876,2026-09-18T02:45:25Z
877,BKINI ROSSETA,BIKINIS,21,110.0,,PEN,877BKN116,877,Basic 21 Perú,ambos,"Lleva la elegancia a la orilla del mar con este diseño que juega con las texturas y la asimetría para un look de resort inigualable. Textura de Lujo: El bikini está confeccionado en un tejido con relieve de micro-perlas en tono crema, que aporta una sensación táctil exquisita y un brillo sutil bajo el sol. Diseño Vanguardista: Destaca por su top de estilo halter asimétrico, que se une a una delicada capa de malla (mesh) calada que cae sutilmente sobre el abdomen. Detalle Central: Presenta un elegante aro metálico dorado en forma de eslabón que une las piezas del busto, añadiendo un toque de alta costura playera. Ajuste Estilizado: El bottom coordina perfectamente con la misma textura, incluyendo lazos laterales delgados que permiten ajustar la prenda a tu medida mientras estilizan la cadera.",,,UNICO COLOR (2629),Standard,https://euchelperu.com/images/productos/17691354350150583167659.jpg | https://euchelperu.com/images/productos/176913544294006728820892.jpg,https://euchelperu.com/producto.php?id=877,2026-09-18T02:46:04Z
878,TOP BABI BROCHE,Tops,3,55.0,,PEN,878TOP80029,878,Basic 21 Perú,ambos,"Eleva tu estilo con esta pieza de diseño artístico que combina elegancia etérea y detalles marinos de lujo. Diseño Vanguardista: Top de estilo halter en un suave tono verde salvia con un sofisticado efecto drapeado que crea un movimiento fluido y elegante. Detalle Protagonista: Presenta un impactante broche de concha dorada en el cuello, que sirve como punto focal y añade un aire de exclusividad costera. Corte Atrevido: El diseño incluye una apertura central (cut-out) que estiliza el torso, aportando un toque moderno y audaz a la silueta. Versatilidad: Una prenda ideal para combinar con faldas mini blancas o pantalones de lino, perfecta para un evento especial frente al mar o una cena elegante.",,,Rosado marmoleado (2630) | Marrón marmoleado (2631) | Verde marmoleado (2632) | Celeste marmoleado (2633) | Fucsia marmoleado (2634) | verde olivo marmoleado (2797),Standard,https://euchelperu.com/images/productos/176921234523447853824096.png | https://euchelperu.com/images/productos/176921239815220641096010.png | https://euchelperu.com/images/productos/176921250197327351286034.png | https://euchelperu.com/images/productos/1769212588960751929760.png | https://euchelperu.com/images/productos/176981333261975658729941.jpg | https://euchelperu.com/images/productos/176981335576612807880420.jpg,https://euchelperu.com/producto.php?id=878,2026-09-18T02:47:24Z
879,TOP BELINDA LENTEJUELAS,Tops,3,59.0,,PEN,879BE1901,879,Basic 21 Perú,ambos,"Deslumbra en cada movimiento con este top diseñado para ser el centro de atención en tus noches de fiesta y eventos especiales. Diseño de Impacto: Top de estilo halter con un escote drapeado profundo que realza la silueta de forma sofisticada y audaz. Brillo Inigualable: Confeccionado totalmente en lentejuelas circulares que capturan la luz desde cualquier ángulo, en un elegante tono vino tinto o borgoña. Ajuste Favorecedor: Su corte crop y la caída fluida del tejido permiten combinarlo perfectamente con prendas de tiro alto para un look equilibrado y chic. Estilo Versátil: Úsalo con una minifalda blanca para un contraste fresco o con pantalones de cuero para un outfit más rebelde y nocturno.",,,Vino (2635) | Celeste (2636) | Beige (2745),Standard,https://euchelperu.com/images/productos/17692128459243164591578.jpg | https://euchelperu.com/images/productos/176921310435886613661258.png | https://euchelperu.com/images/productos/176988963711854867311235.png,https://euchelperu.com/producto.php?id=879,2026-09-18T02:48:59Z
880,TOP KARO ENCAJE,Tops,3,55.0,,PEN,880KARO1901,880,Basic 21 Perú,ambos,"Dale un toque de frescura y romanticismo a tu armario con este top que celebra la delicadeza de la naturaleza en cada detalle. Diseño Romántico: Top de estilo halter con escote en V, diseñado con un cuerpo ligero y fluido que aporta frescura y comodidad. Detalles Bordados: Destaca por su exquisito bordado de flores en 3D en color blanco, que resalta sobre el fondo verde oliva, creando una textura visual encantadora. Ajuste Delicado: Cuenta con un lazo frontal ajustable que permite personalizar el cierre y añade un detalle coqueto al diseño. Combinación Perfecta: Su tono verde vibrante lo hace ideal para lucir con faldas blancas o jeans claros, perfecto para un paseo por la tarde o una salida casual con estilo.",,,Verde (2638),Standard,https://euchelperu.com/images/productos/176921377045379108549804.jpg,https://euchelperu.com/producto.php?id=880,2026-09-18T02:49:02Z
882,BIKINI KENDAL,BIKINIS,21,99.0,,PEN,882BKN152,882,Basic 21 Perú,ambos,"Apuesta por la elegancia atemporal con este bikini que combina una silueta clásica con un acabado de lujo, ideal para destacar bajo el sol. Diseño del Top: Presenta un top de estilo triangular clásico con copas movibles, permitiendo un ajuste personalizado y cómodo. Corte del Bottom: La parte inferior es de corte alto y tipo tanga, diseñada para alargar visualmente las piernas y brindar una silueta estilizada y moderna. Tono y Textura: Confeccionado en un sofisticado color champagne con acabado satinado, que aporta un brillo sutil y resalta el bronceado de forma espectacular. Versatilidad: Su diseño de tiras delgadas para amarrar al cuello y la espalda lo convierte en un básico imprescindible y fácil de combinar con cualquier salida de baño.",,,UNICO COLOR (2640),S | M,https://euchelperu.com/images/productos/17692152080891412069141.jpg,https://euchelperu.com/producto.php?id=882,2026-09-18T02:49:05Z
883,BIKINI,BIKINIS,21,110.0,,PEN,883BKN110,883,Basic 21 Perú,barrido,"Siente la brisa del océano con este conjunto de tres piezas que combina un color refrescante con detalles de lujo inspirados en el mar. Diseño del Top: Bikini de estilo triangular en un delicado tono celeste pastel, con tirantes ajustables que garantizan un ajuste perfecto y cómodo. Detalles de Encanto: El conjunto destaca por sus aplicaciones de estrellas de mar doradas tanto en el centro del top como en la cintura del pareo, aportando un toque brillante y sofisticado. Pareo a Juego: Incluye una falda pareo larga confeccionada en una malla ligera y semitransparente, diseñada con un drapeado lateral que estiliza la figura. Estilo: Una pieza ideal para un ""look de sirena"" moderno, perfecta para destacar en un club de playa o en tus próximas fotos de vacaciones.",,,UNICO COLOR (2641),S | M,https://euchelperu.com/images/productos/176921538208966704022922.jpg,https://euchelperu.com/producto.php?id=883,2026-09-18T02:49:08Z
890,Top tessa sastre,Tops,3,59.0,,PEN,890top42991,890,Basic 21 Perú,ambos,,,,Rojo (2648) | Blanco (2693) | Negro (2694) | Amarillo (2695) | Celeste (2697),S-M,https://euchelperu.com/images/productos/176971016109849771322775.jpg | https://euchelperu.com/images/productos/177014761186382106484008.jpg | https://euchelperu.com/images/productos/177014762525928704761691.jpg | https://euchelperu.com/images/productos/177014763913550924213721.jpg | https://euchelperu.com/images/productos/177014767072879924937630.jpg,https://euchelperu.com/producto.php?id=890,2026-09-18T02:50:11Z
891,Top rose encaje,Tops,3,45.0,,PEN,891top77116,891,Basic 21 Perú,ambos,,,,Marrón (2649) | celeste pastel (2723) | rosa pastel (2725) | amarillo (2726),Standard,https://euchelperu.com/images/productos/176971273571023403570311.jpg | https://euchelperu.com/images/productos/176988424833385785794045.png | https://euchelperu.com/images/productos/176988872288384222049970.png | https://euchelperu.com/images/productos/176988882917218227152915.png,https://euchelperu.com/producto.php?id=891,2026-09-18T02:51:37Z
892,Set estrella broche,Vestidos,8,79.0,,PEN,892set65938,892,Basic 21 Perú,ambos,,,,rojo/blanco (2650) | negro/blanco (2733),Standar,https://euchelperu.com/images/productos/17697135178137078660860.jpg | https://euchelperu.com/images/productos/177007468457084868029304.png,https://euchelperu.com/producto.php?id=892,2026-09-18T02:51:43Z
893,Vestido Antonella,Vestidos,8,85.0,,PEN,893ves97338,893,Basic 21 Perú,ambos,,,,Rosado (2651) | Verde olivo (2711) | Blanco (2712) | Beige (2713) | Rojo (2714) | Celeste (2715) | Negro (2716),Standar,https://euchelperu.com/images/productos/176971369146640167586793.jpg | https://euchelperu.com/images/productos/177008200728952560575290.jpg | https://euchelperu.com/images/productos/177014235164101166910700.jpg | https://euchelperu.com/images/productos/177014237177009839837039.jpg | https://euchelperu.com/images/productos/17701423849212381224742.jpg | https://euchelperu.com/images/productos/177014240084574598745040.jpg | https://euchelperu.com/images/productos/177014245151720793830743.jpg,https://euchelperu.com/producto.php?id=893,2026-09-18T02:54:59Z
894,Vestido star hilo,Vestidos,8,59.0,,PEN,894VES12341,894,Basic 21 Perú,ambos,,,,Celeste (2652) | Blanco (2707) | Verde olivo (2708) | Beige (2709),Standar,https://euchelperu.com/images/productos/17697138825187160957639.jpg | https://euchelperu.com/images/productos/17701442316635387855250.jpg | https://euchelperu.com/images/productos/177014424461460549099745.jpg | https://euchelperu.com/images/productos/177014433324884370089538.jpg,https://euchelperu.com/producto.php?id=894,2026-09-18T02:56:49Z
895,Vestido rib ross,Vestidos,8,45.0,,PEN,895VES41679,895,Basic 21 Perú,ambos,,,,Verde (2653) | Celeste (2700) | Amarillo (2701) | Negro (2702),Standar,https://euchelperu.com/images/productos/176971420045029258691700.jpg,https://euchelperu.com/producto.php?id=895,2026-09-18T02:57:48Z
896,Mini vestido carol,Vestidos,8,69.0,,PEN,896MIN17695,896,Basic 21 Perú,ambos,,,,Amarillo (2654) | blanco (2728) | celeste (2729) | negro (2730),Standar,https://euchelperu.com/images/productos/17697144065445553090320.jpg | https://euchelperu.com/images/productos/177014627358406962356134.jpg | https://euchelperu.com/images/productos/177014637974780324433311.jpg | https://euchelperu.com/images/productos/177014651038326675060671.jpg,https://euchelperu.com/producto.php?id=896,2026-09-18T02:58:25Z
897,Arena tote,Carteras,12,89.0,,PEN,897car23241,897,Basic 21 Perú,ambos,,,,Beige (2655),Standar,https://euchelperu.com/images/productos/176971550429792999963638.jpg,https://euchelperu.com/producto.php?id=897,2026-09-18T02:58:40Z
899,vestido sharon amarre,Vestidos,8,85.0,,PEN,899VES85144,899,Basic 21 Perú,ambos,,,,azul (2657) | Negro (2717) | Amarillo (2718) | verde (2721),Standar,https://euchelperu.com/images/productos/176971742563212599747939.jpg | https://euchelperu.com/images/productos/177007750475216891847480.jpg | https://euchelperu.com/images/productos/177007835752484802119621.png,https://euchelperu.com/producto.php?id=899,2026-09-18T02:59:30Z
900,mini vestido cami broche,Vestidos,8,85.0,,PEN,900MIN93495,900,Basic 21 Perú,ambos,,,,Beige (2658) | Blanco (2719) | Celeste/Verde (2720),Standard,https://euchelperu.com/images/productos/176971767363560695475378.jpg | https://euchelperu.com/images/productos/17700768597857811078701.png | https://euchelperu.com/images/productos/17700769733306542773197.jpg,https://euchelperu.com/producto.php?id=900,2026-09-18T03:00:17Z
901,mini vestido rayza hilo,Vestidos,8,75.0,,PEN,901MIN87315,901,Basic 21 Perú,ambos,,,,Negro (2659) | Beige (2737),Standar,https://euchelperu.com/images/productos/176971787461009411175909.jpg | https://euchelperu.com/images/productos/176989997269098423262033.jpg,https://euchelperu.com/producto.php?id=901,2026-09-18T03:00:35Z
903,top blondy estrella,Tops,3,49.0,,PEN,903TOP31785,903,Basic 21 Perú,ambos,,,,Amarillo (2661) | Blanco (2687) | Celeste (2688),Standar,https://euchelperu.com/images/productos/176971966447400722963359.jpg | https://euchelperu.com/images/productos/177022795785733335040078.jpg | https://euchelperu.com/images/productos/177022797305708615275099.png,https://euchelperu.com/producto.php?id=903,2026-09-18T03:03:17Z
904,top lia sastre strapless,Tops,3,59.0,,PEN,904TOP58357,904,Basic 21 Perú,ambos,,,,Negro (2662) | Blanco (2681) | gris (2682) | azul (2738),Standar,https://euchelperu.com/images/productos/177022770321329767471321.jpg | https://euchelperu.com/images/productos/177022744944426102937725.png | https://euchelperu.com/images/productos/17702274679326990733019.png | https://euchelperu.com/images/productos/17702276312465218488433.png,https://euchelperu.com/producto.php?id=904,2026-09-18T03:04:28Z
906,set amanda capa,Set,10,65.0,,PEN,906SET93651,906,Basic 21 Perú,ambos,,,,Celeste (2664) | Azul (2698) | Crema con naranja (2699) | verde salvia (2731) | rosa palo (2732) | Crema con verde olivo (2768) | Blanco con acero (2769),Standar,https://euchelperu.com/images/productos/176972077376282200638554.jpg,https://euchelperu.com/producto.php?id=906,2026-09-18T03:05:25Z
908,maxi vestido luba hilo broche,Vestidos,8,89.0,,PEN,908MAX49903,908,Basic 21 Perú,ambos,,,,Beige (2666) | Azul (2680) | Blanco (2710),Standar,https://euchelperu.com/images/productos/176972113639871557542137.jpg | https://euchelperu.com/images/productos/17701433885559087124629.jpg | https://euchelperu.com/images/productos/177014340789772758299576.jpg,https://euchelperu.com/producto.php?id=908,2026-09-18T03:05:35Z
910,cartera NUBE URBAN,Carteras,12,79.0,,PEN,910CAR98732,910,Basic 21 Perú,ambos,,,,Blanco (2668),Standar,https://euchelperu.com/images/productos/176972582594287320613966.jpg,https://euchelperu.com/producto.php?id=910,2026-09-18T03:05:38Z
911,essential blue,Carteras,12,90.0,,PEN,911CAR09874,911,Basic 21 Perú,ambos,,,,Azul (2669),Standar,https://euchelperu.com/images/productos/176972617035480967975054.jpg,https://euchelperu.com/producto.php?id=911,2026-09-18T03:05:41Z
912,pacific soul,Carteras,12,85.0,,PEN,912CAR45673,912,Basic 21 Perú,ambos,,,,Beige (2670),Standar,https://euchelperu.com/images/productos/176972671971242558783730.jpg,https://euchelperu.com/producto.php?id=912,2026-09-18T03:05:44Z
913,moderna camel,Carteras,12,79.0,,PEN,913CAR98643,913,Basic 21 Perú,ambos,,,,Beige (2671),Standar,https://euchelperu.com/images/productos/17697269290555457308162.jpg,https://euchelperu.com/producto.php?id=913,2026-09-18T03:06:25Z
915,bikini cacao vintage,BIKINIS,21,110.0,,PEN,915Marrón ,915,Basic 21 Perú,ambos,,,,Marrón (2673),Standar,https://euchelperu.com/images/productos/176972915472884580037979.jpg,https://euchelperu.com/producto.php?id=915,2026-09-18T03:06:51Z
916,bikini zafiro real,BIKINIS,21,110.0,,PEN,916bik29872,916,Basic 21 Perú,ambos,,,,Azul (2674),Standar,https://euchelperu.com/images/productos/176972973968883724267107.jpg,https://euchelperu.com/producto.php?id=916,2026-09-18T03:06:54Z
917,bikini melocoton soft,BIKINIS,21,110.0,,PEN,917BIK98654,917,Basic 21 Perú,ambos,,,,naranja (2675),Standar,https://euchelperu.com/images/productos/176973052015441727217561.jpg,https://euchelperu.com/producto.php?id=917,2026-09-18T03:06:57Z
918,bikini lavander flora,BIKINIS,21,110.0,,PEN,918BIK98726,918,Basic 21 Perú,ambos,,,,Rosado (2676),Standar,https://euchelperu.com/images/productos/17697310751185728663448.jpg,https://euchelperu.com/producto.php?id=918,2026-09-18T03:07:00Z
919,bikini selva oscura,BIKINIS,21,110.0,,PEN,919bik54647,919,Basic 21 Perú,ambos,,,,Negro (2677),Standar,https://euchelperu.com/images/productos/176973129506267945181822.jpg,https://euchelperu.com/producto.php?id=919,2026-09-18T03:07:39Z
920,bikini arena gold,BIKINIS,21,110.0,,PEN,920bik37282,920,Basic 21 Perú,ambos,,,,Beige (2678),Standar,https://euchelperu.com/images/productos/176973151573073809613234.jpg,https://euchelperu.com/producto.php?id=920,2026-09-18T03:07:42Z
921,bikini choco pink,BIKINIS,21,99.0,,PEN,921bik94732,921,Basic 21 Perú,ambos,,,,Marrón (2679),Standar,https://euchelperu.com/images/productos/176973179116252340250387.jpg,https://euchelperu.com/producto.php?id=921,2026-09-18T03:07:46Z
922,top ale,Tops,3,45.0,,PEN,922TOP52736,922,Basic 21 Perú,ambos,,,,verde pacay (2770) | Amarillo (2771) | Blanco (2772) | Negro (2773) | Celeste (2774) | Beige (2776) | Marrón (2777) | Rojo (2778) | Rosado (2779) | Mostaza (2780),Standar,https://euchelperu.com/images/productos/176980282769357685987182.jpg | https://euchelperu.com/images/productos/17698028855750950251020.jpg | https://euchelperu.com/images/productos/176987863589492306311385.png | https://euchelperu.com/images/productos/176987905898947635440356.png | https://euchelperu.com/images/productos/176987922989573222072982.png | https://euchelperu.com/images/productos/177007515851411176037856.png | https://euchelperu.com/images/productos/17700761585789176845044.png | https://euchelperu.com/images/productos/177007618392393162328745.png | https://euchelperu.com/images/productos/177007626498409546649875.png | https://euchelperu.com/images/productos/177007628505602142275506.png,https://euchelperu.com/producto.php?id=922,2026-09-18T03:10:55Z
923,bikini pacific garden,BIKINIS,21,110.0,,PEN,923BIK83494,923,Basic 21 Perú,ambos,,,,Fucsia (2781),Standar,https://euchelperu.com/images/productos/17698075311714214205295.jpg,https://euchelperu.com/producto.php?id=923,2026-09-18T03:11:10Z
924,bikini aura classy,BIKINIS,21,110.0,,PEN,924bik09281,924,Basic 21 Perú,ambos,,,,borgoña/rojo (2782),Standar,https://euchelperu.com/images/productos/176980887988394537076214.jpg,https://euchelperu.com/producto.php?id=924,2026-09-18T03:11:36Z
925,bikini honey glow,BIKINIS,21,110.0,,PEN,925bik73829,925,Basic 21 Perú,ambos,,,,Amarillo (2783),Standar,https://euchelperu.com/images/productos/176980920859680379146746.jpg,https://euchelperu.com/producto.php?id=925,2026-09-18T03:11:51Z
926,bikini nectar bloom,BIKINIS,21,110.0,,PEN,926bik38891,926,Basic 21 Perú,ambos,,,,Amarillo (2784),Standar,https://euchelperu.com/images/productos/1769809423778429624042.jpg,https://euchelperu.com/producto.php?id=926,2026-09-18T03:11:54Z
927,bikini paradise petals,BIKINIS,21,110.0,,PEN,927bik76540,927,Basic 21 Perú,ambos,,,,amarillo/marmoleado (2785),Standar,https://euchelperu.com/images/productos/176980958113456230864964.jpg,https://euchelperu.com/producto.php?id=927,2026-09-18T03:11:57Z
928,bikini latte coast,BIKINIS,21,99.0,,PEN,928bik83748,928,Basic 21 Perú,ambos,,,,Marrón (2786),Standar,https://euchelperu.com/images/productos/176980973526473220893867.jpg,https://euchelperu.com/producto.php?id=928,2026-09-18T03:12:00Z
929,bikini rivera mosaic,BIKINIS,21,99.0,,PEN,929bik28373,929,Basic 21 Perú,ambos,,,,Amarillo (2787),Standar,https://euchelperu.com/images/productos/176980990032285804327800.jpg,https://euchelperu.com/producto.php?id=929,2026-09-18T03:12:05Z
930,bikini terra crochet,BIKINIS,21,110.0,,PEN,930bik76543,930,Basic 21 Perú,ambos,,,,Marrón (2788),Standar,https://euchelperu.com/images/productos/176981004052891822891959.jpg,https://euchelperu.com/producto.php?id=930,2026-09-18T03:12:08Z
931,bikini estela de mar,BIKINIS,21,110.0,,PEN,931bik87273,931,Basic 21 Perú,ambos,,,,Beige (2789),Standar,https://euchelperu.com/images/productos/176981028459264379548580.jpg,https://euchelperu.com/producto.php?id=931,2026-09-18T03:12:11Z
932,vestido aura lunar,Vestidos,8,,,PEN,932,932,Basic 21 Perú,barrido,,,,Beige (2790),,https://euchelperu.com/images/productos/176981058691130103315616.jpg,https://euchelperu.com/producto.php?id=932,2026-09-18T03:12:26Z
933,bikini moka dream,BIKINIS,21,99.0,,PEN,933bik64537,933,Basic 21 Perú,ambos,,,,Marrón (2791),Standar,https://euchelperu.com/images/productos/176981071982453583927183.jpg,https://euchelperu.com/producto.php?id=933,2026-09-18T03:12:29Z
934,falda taylor lentejuela,Faldas,7,69.0,,PEN,934FAL300126,934,Basic 21 Perú,ambos,,,,Celeste (2792) | Negro (2793) | rosa pastel (2794) | Blanco (2796) | verde claro (3629),Standar,https://euchelperu.com/images/productos/176981082452539924398414.jpg | https://euchelperu.com/images/productos/176981258544690665290350.jpg | https://euchelperu.com/images/productos/17698126679328133542443.jpg | https://euchelperu.com/images/productos/176981288841673909430745.jpg | https://euchelperu.com/images/productos/178214978445865888512036.jpg,https://euchelperu.com/producto.php?id=934,2026-09-18T03:13:44Z
935,top mia lentejuelas,Tops,3,49.0,,PEN,935TOP300126,935,Basic 21 Perú,ambos,,,,Beige (2795),Standar,https://euchelperu.com/images/productos/176981277133813424353051.jpg,https://euchelperu.com/producto.php?id=935,2026-09-18T03:13:47Z
936,set nautica,Set,10,79.0,,PEN,9365T1Y8U3I,936,Basic 21 Perú,ambos,,,,Amarillo (2803) | Blanco (2804) | Verde (2805) | Celeste (3236) | Negro (3237),Standar | standart | standar | Standard,https://euchelperu.com/images/productos/177144598882812236876937.jpg | https://euchelperu.com/images/productos/17714463037767113114117.jpg | https://euchelperu.com/images/productos/177534974977242372982614.jpg | https://euchelperu.com/images/productos/177534982419830220823880.jpg,https://euchelperu.com/producto.php?id=936,2026-09-18T03:14:03Z
938,Mini Vestido Dana,Vestidos,8,65.0,,PEN,938X1C9V2B9,938,Basic 21 Perú,ambos,,,,verde (2811),Standar,https://euchelperu.com/images/productos/177145787437602899470313.png,https://euchelperu.com/producto.php?id=938,2026-09-18T03:14:06Z
939,Vestido Jazmin Copa Aro,Vestidos,8,79.0,,PEN,939VES50202,939,Basic 21 Perú,ambos,,,,blanco (2813) | vino (2814) | rosado (2815) | negro (2816) | rojo (2817),Standar,https://euchelperu.com/images/productos/177146042066446631175301.png | https://euchelperu.com/images/productos/177146057127912178628012.png | https://euchelperu.com/images/productos/177146065236800562058305.png | https://euchelperu.com/images/productos/177146080094705987285692.png | https://euchelperu.com/images/productos/177146088021556884569128.png,https://euchelperu.com/producto.php?id=939,2026-09-18T03:14:45Z
940,Vestido Hilo Bico,Vestidos,8,75.0,,PEN,940VES90669,940,Basic 21 Perú,ambos,,,,negro (2820) | blanco (2821) | rojo (2822) | beige (2823),Standar,https://euchelperu.com/images/productos/177146135216387712951406.jpg | https://euchelperu.com/images/productos/177146155322372409736761.png | https://euchelperu.com/images/productos/177146166769515668495582.png | https://euchelperu.com/images/productos/177146174491477690339023.png,https://euchelperu.com/producto.php?id=940,2026-09-18T03:14:58Z
942,Vestido Salomé,Vestidos,8,79.0,,PEN,942J8K4L6Z7,942,Basic 21 Perú,ambos,,,,blanco (2831) | verde (2936) | amarillo (2959) | azul (2960),Standar | standar,https://euchelperu.com/images/productos/177146542758389115985030.png | https://euchelperu.com/images/productos/177214819054273571287438.jpg | https://euchelperu.com/images/productos/17722198131241585662925.jpg | https://euchelperu.com/images/productos/177221984667386324956941.jpg,https://euchelperu.com/producto.php?id=942,2026-09-18T03:15:46Z
943,Top Romi,Tops,3,45.0,,PEN,943A7S1K5J3,943,Basic 21 Perú,ambos,,,,rosado (2832) | rojo (2833) | amarillo (2834) | blanco (2835) | negro (2836) | marrón (2837) | Azul acero (3107),Standar,https://euchelperu.com/images/productos/177146576478250173052100.jpg | https://euchelperu.com/images/productos/17714659636681449820001.png | https://euchelperu.com/images/productos/17714660473551350383799.png | https://euchelperu.com/images/productos/177146612427945110190553.png | https://euchelperu.com/images/productos/177146620614149618474936.png | https://euchelperu.com/images/productos/17742846354856192562229.jpg | https://euchelperu.com/images/productos/177428492171728829847244.jpg,https://euchelperu.com/producto.php?id=943,2026-09-18T03:17:07Z
944,vestido florentina,Vestidos,8,59.0,,PEN,9444K7B2N9Z,944,Basic 21 Perú,barrido,,,,Blanco c/ marrón (2838) | Negro c/ marrón (2839) | Marron c/ beige (2840),Standar | standar,https://euchelperu.com/images/productos/177152441505157511935123.jpg | https://euchelperu.com/images/productos/17715302827889474381851.jpg | https://euchelperu.com/images/productos/17715306044621750379831.jpg,https://euchelperu.com/producto.php?id=944,2026-09-18T03:18:33Z
945,vestido maggie hilo,Vestidos,8,59.0,,PEN,945O9P1A3S5,945,Basic 21 Perú,ambos,,,,blanco c/ verde (2841) | blanco c/ celeste (2842) | amarillo c/ blanco (2843) | verde c/ blanco (2844),Standar | standar,https://euchelperu.com/images/productos/177153131951271776181140.jpg | https://euchelperu.com/images/productos/177153167918247905411356.jpg | https://euchelperu.com/images/productos/17716100224734954585885.jpg | https://euchelperu.com/images/productos/177161007903774559037146.jpg,https://euchelperu.com/producto.php?id=945,2026-09-18T03:18:57Z
946,vestido jedat,Vestidos,8,49.0,,PEN,946T2Y4U6I8,946,Basic 21 Perú,ambos,,,,blanco (2845),standar,https://euchelperu.com/images/productos/177153242362111402044994.jpg,https://euchelperu.com/producto.php?id=946,2026-09-18T03:19:00Z
947,SHORT LINA,Shorts,20,45.0,,PEN,947SHO25283,947,Basic 21 Perú,ambos,,,,marrón (2846) | crema (2847) | negro (2848) | amarillo (2849) | blanco (2850) | beige (2851),Standar,https://euchelperu.com/images/productos/177153950372260214840796.jpg | https://euchelperu.com/images/productos/1771539566915495491333.png | https://euchelperu.com/images/productos/177153968063949900743900.png | https://euchelperu.com/images/productos/177153973983863643663593.png | https://euchelperu.com/images/productos/177153982306195535861818.png | https://euchelperu.com/images/productos/177153990492795504611724.png,https://euchelperu.com/producto.php?id=947,2026-09-18T03:20:18Z
948,Blusa Broderi,Shorts,20,55.0,,PEN,948SHO25281,948,Basic 21 Perú,ambos,,,,celeste (2852) | blanco (2853) | negro (2854) | amarillo (2855) | Verde Pistacho (2856) | marrón (2857),Standar,https://euchelperu.com/images/productos/177154010591818508713206.jpg | https://euchelperu.com/images/productos/177154016843772496780368.png | https://euchelperu.com/images/productos/177154030638441453964866.png | https://euchelperu.com/images/productos/1771540424441139614847.png | https://euchelperu.com/images/productos/177154055343990494386640.png | https://euchelperu.com/images/productos/177154061792016191114003.png,https://euchelperu.com/producto.php?id=948,2026-09-18T03:21:01Z
949,Pantalón Lina,Pantalones,6,55.0,,PEN,949PAN56645,949,Basic 21 Perú,ambos,,,,blanco con rayas negras (2858),Standar,https://euchelperu.com/images/productos/177154226307515717688308.jpg,https://euchelperu.com/producto.php?id=949,2026-09-18T03:21:04Z
950,Camisa Summer Lino,Blusas,18,59.0,,PEN,950CAM97845,950,Basic 21 Perú,ambos,,,,palo rosa (2860) | blanco (2861) | crema (2862) | cafe (2863) | celeste (2864) | verde (2865),Standar,https://euchelperu.com/images/productos/177154327364333351813481.jpg | https://euchelperu.com/images/productos/177154339378778224618005.png | https://euchelperu.com/images/productos/17715434740293232697512.png | https://euchelperu.com/images/productos/17715435396787726039986.png | https://euchelperu.com/images/productos/177154364727998473911206.png | https://euchelperu.com/images/productos/177154372641617869448647.png,https://euchelperu.com/producto.php?id=950,2026-09-18T03:21:23Z
951,Short Luci,Shorts,20,59.0,,PEN,951A2S8D4F6,951,Basic 21 Perú,ambos,,,,marrón (2866) | mostaza (2869) | negro (2915) | blanco (2916),Standar,https://euchelperu.com/images/productos/17715442313350912597531.jpg | https://euchelperu.com/images/productos/177170040709089308978144.jpg | https://euchelperu.com/images/productos/177170050186470285783370.jpg | https://euchelperu.com/images/productos/177170053522352688717679.jpg,https://euchelperu.com/producto.php?id=951,2026-09-18T03:21:36Z
952,Correa Maite,Correas,14,25.0,,PEN,952COR30906,952,Basic 21 Perú,ambos,,,,"negro, marrón y café (2870)",Standar,https://euchelperu.com/images/productos/177154501192844605598460.jpg,https://euchelperu.com/producto.php?id=952,2026-09-18T03:21:39Z
953,Marfil Noir,Carteras,12,69.0,,PEN,953CAR79778,953,Basic 21 Perú,barrido,,,,beige con negro (2871),Standar,https://euchelperu.com/images/productos/177154539025836210232273.jpg,https://euchelperu.com/producto.php?id=953,2026-09-18T03:21:42Z
954,RUBY,Carteras,12,79.0,,PEN,954  CAR48873,954,Basic 21 Perú,ambos,,,,vino (2872),Standar,https://euchelperu.com/images/productos/177154562392106106159643.jpg,https://euchelperu.com/producto.php?id=954,2026-09-18T03:21:46Z
955,OLIVE,Carteras,12,65.0,,PEN,955CAR15367,955,Basic 21 Perú,ambos,,,,beige (2873),Standar,https://euchelperu.com/images/productos/17715457644456865428099.jpg,https://euchelperu.com/producto.php?id=955,2026-09-18T03:21:49Z
956,CLOUD,Carteras,12,99.0,,PEN,956CAR67641,956,Basic 21 Perú,ambos,,,,café (2874),Standar,https://euchelperu.com/images/productos/17715459124112336567570.jpg,https://euchelperu.com/producto.php?id=956,2026-09-18T03:21:54Z
957,BLACK MUSE,Carteras,12,99.0,,PEN,957CAR67641,957,Basic 21 Perú,ambos,,,,negro (2875),Standar,https://euchelperu.com/images/productos/177154803545010588985929.jpg,https://euchelperu.com/producto.php?id=957,2026-09-18T03:21:57Z
958,SET MARIBEL,Set,10,110.0,,PEN,958N3M5Q8W1,958,Basic 21 Perú,ambos,,,,VERDE (2876) | CELESTE (2877) | AMARILLO (2878) | NEGRO (2879) | BLANCO (2880),STANDAR,https://euchelperu.com/images/productos/177161148017729619752891.jpg | https://euchelperu.com/images/productos/177161188226114119046751.jpg | https://euchelperu.com/images/productos/177161193176725209470419.jpg | https://euchelperu.com/images/productos/177161197102501642672194.jpg | https://euchelperu.com/images/productos/177161201243861965742484.jpg,https://euchelperu.com/producto.php?id=958,2026-09-18T03:22:13Z
959,VESTIDO ADA,Vestidos,8,75.0,,PEN,959D7F5G2H1,959,Basic 21 Perú,ambos,,,,Amarillo (2881) | Azul petróleo (2884),standar | Standar,https://euchelperu.com/images/productos/177161235139070934225803.jpg | https://euchelperu.com/images/productos/177161399707983342090605.png,https://euchelperu.com/producto.php?id=959,2026-09-18T03:22:20Z
960,VESTIDO TAMMY COPAS,Vestidos,8,95.0,,PEN,960VES37400,960,Basic 21 Perú,ambos,,,,Beige claro floral (2885),Standar,https://euchelperu.com/images/productos/17716146894341573558879.jpg,https://euchelperu.com/producto.php?id=960,2026-09-18T03:22:23Z
961,TOP RAW,Tops,3,49.0,,PEN,961E4R6T9Y2,961,Basic 21 Perú,ambos,,,,Azul acero (2886),standar,https://euchelperu.com/images/productos/177161628642727175694524.jpg,https://euchelperu.com/producto.php?id=961,2026-09-18T03:22:26Z
962,TOP ENCAJE MINE,Tops,3,45.0,,PEN,962Q1W8E3R7,962,Basic 21 Perú,ambos,,,,Vino (2887) | Blanco (2888) | Amarillo (2889) | Negro (2890) | Marrón (2891),Standar,https://euchelperu.com/images/productos/177161680162499945937685.jpg | https://euchelperu.com/images/productos/177161739211376129353849.jpg | https://euchelperu.com/images/productos/17716174052247046917352.jpg | https://euchelperu.com/images/productos/1771617416814723237635.jpg | https://euchelperu.com/images/productos/177161742744884442885808.jpg,https://euchelperu.com/producto.php?id=962,2026-09-18T03:22:43Z
964,Top espalda manga corta,Tops,3,45.0,,PEN,964TOP29672,964,Basic 21 Perú,ambos,,,,celeste (2892) | marrón (2893) | rojo (2894) | blanco (2895) | amarillo (2896) | negro (2897) | Azul acero (3106),Standar,https://euchelperu.com/images/productos/177162225953759265222074.png | https://euchelperu.com/images/productos/17716229304376716671968.png | https://euchelperu.com/images/productos/177162316989213923072458.png | https://euchelperu.com/images/productos/177428415923289418889478.jpg | https://euchelperu.com/images/productos/177428444993552747547681.jpg | https://euchelperu.com/images/productos/17773985799961857495917.png | https://euchelperu.com/images/productos/1777400093146342399908.png,https://euchelperu.com/producto.php?id=964,2026-09-18T03:23:06Z
965,POLO MANGA CORTA,Tops,3,45.0,,PEN,965POL69741,965,Basic 21 Perú,ambos,,,,negro (2898) | blanco (2899) | plomo (2900) | rosado (2902) | marrón (2903) | Celeste (3085) | Amarillo (3086) | Vino (3699),Standar,https://euchelperu.com/images/productos/17716242573655696082221.jpg | https://euchelperu.com/images/productos/177162444901456635088838.png | https://euchelperu.com/images/productos/177162505376819132642978.png | https://euchelperu.com/images/productos/177162532178380624074703.png | https://euchelperu.com/images/productos/177162569713121114742358.png | https://euchelperu.com/images/productos/17741179787897731131648.png | https://euchelperu.com/images/productos/177411835065906829763456.jpg | https://euchelperu.com/images/productos/178240994518377665538481.jpg,https://euchelperu.com/producto.php?id=965,2026-09-18T03:23:32Z
966,Top Lexi,Tops,3,45.0,,PEN,966L9V4Q7W2,966,Basic 21 Perú,ambos,,,,Negro (2904) | celeste (2905) | verde olivo (2906),Standar,https://euchelperu.com/images/productos/177162619485999109289935.jpg | https://euchelperu.com/images/productos/177162708711821190450899.png | https://euchelperu.com/images/productos/17716272279828724222662.png,https://euchelperu.com/producto.php?id=966,2026-09-18T03:23:42Z
967,top Cesi,Tops,3,45.0,,PEN,967P3M8R1X6,967,Basic 21 Perú,ambos,,,,amarillo (2907) | gris (2908) | rosado (2909) | blanco (2910),Standar,https://euchelperu.com/images/productos/177162997356949695854324.jpg | https://euchelperu.com/images/productos/17716301368671090528479.png | https://euchelperu.com/images/productos/177163030119203893196108.png | https://euchelperu.com/images/productos/177163035011491748741174.png,https://euchelperu.com/producto.php?id=967,2026-09-18T03:23:55Z
968,VESTIDO VELVET,Vestidos,8,75.0,,PEN,968E8O2P0M9,968,Basic 21 Perú,ambos,,,,Marron (2911) | Celeste (2912) | Rojo (2913) | Blanco (2914),Standar,https://euchelperu.com/images/productos/177169527069530397113420.jpg | https://euchelperu.com/images/productos/17716969295125649020224.jpg | https://euchelperu.com/images/productos/177169694165635403930666.jpg | https://euchelperu.com/images/productos/177169695636362732172227.jpg,https://euchelperu.com/producto.php?id=968,2026-09-18T03:24:08Z
969,Vestido Pao,Vestidos,8,49.0,,PEN,969J7G3F1H8,969,Basic 21 Perú,ambos,,,,blanco con flores guindas (2918) | blanco con flores mostazas (2919),standar,https://euchelperu.com/images/productos/177214034236996635731237.jpg | https://euchelperu.com/images/productos/177214048854503997958587.png,https://euchelperu.com/producto.php?id=969,2026-09-18T03:24:15Z
970,Vestido Kiara Flecos,Vestidos,8,75.0,,PEN,970H6G2F9D4,970,Basic 21 Perú,ambos,,,,amarillo (2920) | celeste (2921) | blanco (2922) | marrón (2923) | rosado (2924) | verde (2925),standar,https://euchelperu.com/images/productos/177214071944478624560959.jpg | https://euchelperu.com/images/productos/1772140805727714199227.png | https://euchelperu.com/images/productos/177214094804146825591417.png | https://euchelperu.com/images/productos/177214104192976632278961.png | https://euchelperu.com/images/productos/17721413379431304257300.png,https://euchelperu.com/producto.php?id=970,2026-09-18T03:24:34Z
971,vestido multiaguja,Vestidos,8,79.0,,PEN,9719V2K4M7P,971,Basic 21 Perú,ambos,,,,azul (2926) | marrón (2927) | verde olivo (2928) | azul marino (2929) | celeste (2930) | blanco (2931) | cre (2932),standar,https://euchelperu.com/images/productos/177214196339490691938241.jpg | https://euchelperu.com/images/productos/17721424036399740723341.png | https://euchelperu.com/images/productos/177214256832034405592501.png | https://euchelperu.com/images/productos/177214303907324659456053.png | https://euchelperu.com/images/productos/177214327159302707266879.png | https://euchelperu.com/images/productos/177214339185871734685928.png | https://euchelperu.com/images/productos/17721434918626545581719.png,https://euchelperu.com/producto.php?id=971,2026-09-18T03:24:57Z
972,Vestido Elasty,Vestidos,8,49.0,,PEN,9726W9Q2L4Z,972,Basic 21 Perú,ambos,,,,blanco (2933) | negro (2934) | crem (2935),standar,https://euchelperu.com/images/productos/177214689356579558684637.jpg | https://euchelperu.com/images/productos/17721472051528921173173.png | https://euchelperu.com/images/productos/177214760415425240990394.png,https://euchelperu.com/producto.php?id=972,2026-09-18T03:25:07Z
973,Vestido Grecia,Vestidos,8,75.0,,PEN,973P8O1I4U7,973,Basic 21 Perú,ambos,,,,celeste (2937) | amarillo (2939) | negro (2941),standar,https://euchelperu.com/images/productos/177214850817530157637107.jpg | https://euchelperu.com/images/productos/17721488298932226840331.png | https://euchelperu.com/images/productos/1773357524462064616917.jpg,https://euchelperu.com/producto.php?id=973,2026-09-18T03:25:16Z
974,Vestido Anto,Vestidos,8,65.0,,PEN,974Z1X2C3V2,974,Basic 21 Perú,ambos,,,,blanco (2944),standar,https://euchelperu.com/images/productos/17721497368167762674816.png,https://euchelperu.com/producto.php?id=974,2026-09-18T03:25:20Z
977,VESTIDO LUA SIRENA,Vestidos,8,79.0,,PEN,9777G5F3D2S,977,Basic 21 Perú,ambos,,,,Blanco floral / Rosa pastel (2952) | Negro floral (3143) | Fucsia floral (3145),Standar,https://euchelperu.com/images/productos/177221631663387455433588.jpg,https://euchelperu.com/producto.php?id=977,2026-09-18T03:25:29Z
978,VESTIDO ALICE COPA,Vestidos,8,69.0,,PEN,978VES21693,978,Basic 21 Perú,ambos,,,,Nude y chocolate (2953) | Celeste c/ blanco (2954) | Crema c/ marron (2955) | Blanco c/ negro (2956) | Blanco c/ rosado (2957),Standar,https://euchelperu.com/images/productos/17722171556938482945164.jpg | https://euchelperu.com/images/productos/177221848026574732565591.jpg | https://euchelperu.com/images/productos/177221855754808686640833.jpg | https://euchelperu.com/images/productos/177221874295403884010546.jpg | https://euchelperu.com/images/productos/177221878457355981753700.jpg,https://euchelperu.com/producto.php?id=978,2026-09-18T03:25:46Z
979,VESTIDO PIA,Vestidos,8,69.0,,PEN,979N5M7P9L7,979,Basic 21 Perú,ambos,,,,verde loro (2967) | rojo (3051),Standar | Standard,https://euchelperu.com/images/productos/177222240996266721241069.jpg | https://euchelperu.com/images/productos/177335116348504941287588.jpg,https://euchelperu.com/producto.php?id=979,2026-09-18T03:25:52Z
980,VESTIDO LARISSA,Vestidos,8,79.0,,PEN,980K8L6J5H2,980,Basic 21 Perú,ambos,,,,Verde (2968) | Marron (3003) | Rojo (3004) | Azul turquesa (3005),Standar,https://euchelperu.com/images/productos/177222276968410389075065.jpg | https://euchelperu.com/images/productos/177230542998518577328006.jpg | https://euchelperu.com/images/productos/177230545735270607471895.jpg | https://euchelperu.com/images/productos/177230546844389986518623.jpg,https://euchelperu.com/producto.php?id=980,2026-09-18T03:26:05Z
981,Top Rubbe,Tops,3,49.0,,PEN,981S5A2W9E1,981,Basic 21 Perú,ambos,,,,crema (2969) | blanco (2970) | amarillo (2971) | vino (2972) | marrón (2973) | negro (2974) | Verde limón (3081),Standar,https://euchelperu.com/images/productos/17722292148897333991732.jpg | https://euchelperu.com/images/productos/17722292232982167039954.png | https://euchelperu.com/images/productos/177222948086124852199040.png | https://euchelperu.com/images/productos/177222951129515336624610.png | https://euchelperu.com/images/productos/177222962266526967650784.png | https://euchelperu.com/images/productos/17722296366264719862954.png | https://euchelperu.com/images/productos/177411680358463351754347.png,https://euchelperu.com/producto.php?id=981,2026-09-18T03:26:28Z
982,Top Strapless,Tops,3,39.0,,PEN,982L1K9J2H4,982,Basic 21 Perú,ambos,,,,vino (2975) | amarillo (2976) | marrón (2977) | negro (2978) | Acero (2979) | Rosado pastel (3139),Standar,https://euchelperu.com/images/productos/177222991604885542371411.jpg | https://euchelperu.com/images/productos/177222999167334851812307.png | https://euchelperu.com/images/productos/177223004572471761918571.png | https://euchelperu.com/images/productos/177223010155915322939007.png | https://euchelperu.com/images/productos/177223018406841360016003.png | https://euchelperu.com/images/productos/177437803648246816977017.jpg,https://euchelperu.com/producto.php?id=982,2026-09-18T03:26:59Z
983,Top Mariana Blonda,Tops,3,49.0,,PEN,983TOP66412,983,Basic 21 Perú,ambos,,,,beige (2980) | blanco con rayas azules (2981) | blanco con rayas café (2982) | Celeste (3103) | Negro (3104) | Blanco c/ rayas azules (3105),Standar,https://euchelperu.com/images/productos/177223037885729399940823.jpg | https://euchelperu.com/images/productos/177223054841177825380848.png | https://euchelperu.com/images/productos/177223060546840164188628.png | https://euchelperu.com/images/productos/177412400012272130468252.png | https://euchelperu.com/images/productos/177412412181769364481892.png,https://euchelperu.com/producto.php?id=983,2026-09-18T03:27:53Z
984,Top Chyna,Tops,3,45.0,,PEN,984A9S8D6F4,984,Basic 21 Perú,ambos,,,,amarillo (2983) | negro (2984) | blanco (2985) | vino (2986),Standar,https://euchelperu.com/images/productos/177223793459648173597408.jpg | https://euchelperu.com/images/productos/177223802151902204094835.jpg | https://euchelperu.com/images/productos/177223811543067823564813.jpg | https://euchelperu.com/images/productos/17722381301420885241020.png,https://euchelperu.com/producto.php?id=984,2026-09-18T03:28:07Z
986,Pantalón Zenit,Pantalones,6,95.0,,PEN,986PAN11575,986,Basic 21 Perú,ambos,,,,plomo (2987) | negro (2988) | crema (2989) | blanco (2990) | Beige (3669),Standar,https://euchelperu.com/images/productos/17722383224100442982904.jpg | https://euchelperu.com/images/productos/177223856494047372039341.jpg | https://euchelperu.com/images/productos/177223873393592657489358.jpg | https://euchelperu.com/images/productos/177223882127940436230385.jpg | https://euchelperu.com/images/productos/178232461991922269717839.jpg,https://euchelperu.com/producto.php?id=986,2026-09-18T03:28:23Z
987,Palazzo Divas,Pantalones,6,65.0,,PEN,987R5T1N8B3,987,Basic 21 Perú,ambos,,,,negro (2991) | vino (2992) | amarillo (2993) | celeste (2994) | crema (2995) | beige (2996),Standar,https://euchelperu.com/images/productos/177223911577229200420908.jpg | https://euchelperu.com/images/productos/177223915117168471095937.jpg | https://euchelperu.com/images/productos/177223930444808643781057.jpg | https://euchelperu.com/images/productos/177223933684470424453217.jpg | https://euchelperu.com/images/productos/177223937613758447390607.jpg | https://euchelperu.com/images/productos/177223940454852407169275.jpg,https://euchelperu.com/producto.php?id=987,2026-09-18T03:28:43Z
988,Cartera Odisea,Carteras,12,49.0,,PEN,988CAR62433,988,Basic 21 Perú,ambos,,,,negro (2997),Standar,https://euchelperu.com/images/productos/177223961752992389470757.jpg,https://euchelperu.com/producto.php?id=988,2026-09-18T03:28:46Z
990,Cartera Gaia Tote,Carteras,12,89.0,,PEN,990CAR51216,990,Basic 21 Perú,barrido,,,,beige con marrón (2999),Standar,https://euchelperu.com/images/productos/177224033732036287573445.jpg,https://euchelperu.com/producto.php?id=990,2026-09-18T03:28:50Z
991,Cartera Duna Bag,Carteras,12,69.0,,PEN,991CAR79778,991,Basic 21 Perú,barrido,,,,beige (3000),Standar,https://euchelperu.com/images/productos/17722405219952621359183.jpg,https://euchelperu.com/producto.php?id=991,2026-09-18T03:28:53Z
992,VESTIDO LIUBA,Vestidos,8,69.0,,PEN,9925T3R1E9f,992,Basic 21 Perú,ambos,,,,Vino (3006) | Blanco (3007) | Negro (3008),Standar,https://euchelperu.com/images/productos/177230793795618417959268.jpg | https://euchelperu.com/images/productos/177230887497399587477893.jpg | https://euchelperu.com/images/productos/177230888784375233412873.jpg,https://euchelperu.com/producto.php?id=992,2026-09-18T03:29:03Z
994,cartera bruma,Carteras,12,79.0,,PEN,994CART54666,994,Basic 21 Perú,ambos,,,,Beige (3010) | Negro (3012),Standar,https://euchelperu.com/images/productos/17724750841768608298666.jpg | https://euchelperu.com/images/productos/177247619273789113540456.jpg,https://euchelperu.com/producto.php?id=994,2026-09-18T03:29:10Z
996,top china,Tops,3,95.0,,PEN,996TOP11029,996,Basic 21 Perú,barrido,,,,Amarillo (3013),Standar,https://euchelperu.com/images/productos/177248331595480568914872.jpg,https://euchelperu.com/producto.php?id=996,2026-09-18T03:29:13Z
997,blusa belen,Tops,3,49.0,,PEN,997TOP67890,997,Basic 21 Perú,ambos,,,,Verde (3014) | negro (3015) | Blanco (3016) | azul (3017) | rosado (3018) | naranja (3019) | Beige (3079) | Celeste (3080),Standar,https://euchelperu.com/images/productos/177249089721686150482403.jpg | https://euchelperu.com/images/productos/177249208032088989776511.png | https://euchelperu.com/images/productos/17724921073549224184078.png | https://euchelperu.com/images/productos/177249213257480191428988.png | https://euchelperu.com/images/productos/177249215217752143897835.png | https://euchelperu.com/images/productos/177249217806397785730621.png | https://euchelperu.com/images/productos/177411631628081850587503.png | https://euchelperu.com/images/productos/177411643769483600478161.png,https://euchelperu.com/producto.php?id=997,2026-09-18T03:29:40Z
998,VESTIDO ASIA,Vestidos,8,99.0,,PEN,998ASIA55,998,Basic 21 Perú,ambos,,,,Marron (3020) | Negro (3021) | Blanco (3022) | Verde (3023),S-M,https://euchelperu.com/images/productos/17726501573931688823466.jpg | https://euchelperu.com/images/productos/177265154982165983737094.jpg | https://euchelperu.com/images/productos/17726515709370797439626.jpg | https://euchelperu.com/images/productos/177265165598742788958462.jpg,https://euchelperu.com/producto.php?id=998,2026-09-18T03:29:53Z
999,TOP SASTRE OLIVIA,Tops,3,55.0,,PEN,999ONJ22,999,Basic 21 Perú,ambos,,,,Amarillo (3024) | Rojo (3025) | Negro (3026) | Marrón (3027) | Verde pastel (3028) | Celeste (3029) | Blanco (3030),S-M,https://euchelperu.com/images/productos/177265244158968529197492.jpg | https://euchelperu.com/images/productos/177265352467376685362563.jpg | https://euchelperu.com/images/productos/17726538067282080845544.jpg | https://euchelperu.com/images/productos/177265382845452851261242.jpg | https://euchelperu.com/images/productos/177265393268080545429312.jpg | https://euchelperu.com/images/productos/177265398318063327058375.jpg | https://euchelperu.com/images/productos/177265410805643858757391.jpg,https://euchelperu.com/producto.php?id=999,2026-09-18T03:30:17Z
1000,Falda Short Ema Rígido,Faldas,7,85.0,,PEN,1000ERFS,1000,Basic 21 Perú,ambos,,,,Azul (3031),28-30-32,https://euchelperu.com/images/productos/177267350708872408967244.jpg,https://euchelperu.com/producto.php?id=1000,2026-09-18T03:30:20Z
1001,Falda Short Cadera Charlotte,Faldas,7,89.0,,PEN,1001Z6Q3Y1N8,1001,Basic 21 Perú,ambos,,,,Celeste (3032),S-M,https://euchelperu.com/images/productos/177267373669611253763907.jpg,https://euchelperu.com/producto.php?id=1001,2026-09-18T03:30:24Z
1002,Flare Cadera Dava,Pantalones,6,95.0,,PEN,1002H5V2G9B4,1002,Basic 21 Perú,ambos,,,,Celeste (3033),28-30-32,https://euchelperu.com/images/productos/177267395198235303249823.jpg,https://euchelperu.com/producto.php?id=1002,2026-09-18T03:30:27Z
1003,Wide Leg Ultra Cadera Aby,Pantalones,6,95.0,,PEN,1003M1R8W4K7,1003,Basic 21 Perú,ambos,,,,Celeste (3034),28-30-32,https://euchelperu.com/images/productos/177267424026560584214791.jpg,https://euchelperu.com/producto.php?id=1003,2026-09-18T03:30:30Z
1004,Pantalón Bootcut Cadera,Pantalones,6,95.0,,PEN,1004C3F9P6T2,1004,Basic 21 Perú,ambos,,,,Azul (3035),28-30-32,https://euchelperu.com/images/productos/177267433936262262867017.jpg,https://euchelperu.com/producto.php?id=1004,2026-09-18T03:30:34Z
1005,BLUSA MANGA CORTA,Blusas,18,59.0,,PEN,10054K2J6H8G,1005,Basic 21 Perú,ambos,,,,Vino (3036) | Blanco (3037) | Negro (3038) | Blanco c/ rayas negras (3040) | Beige c/ rayas negras (3041) | Negro c/ rayas blancas (3042) | Celeste c/ rayas blancas (3043) | Amarillo c/ rayas blancas (3044),S | M | L,https://euchelperu.com/images/productos/177291030103090241074285.jpg | https://euchelperu.com/images/productos/177291063069810580258522.jpg | https://euchelperu.com/images/productos/177291074489352496194042.jpg | https://euchelperu.com/images/productos/17729119124241898531683.jpg | https://euchelperu.com/images/productos/177291201273665604814268.jpg | https://euchelperu.com/images/productos/1772912057766218857444.jpg | https://euchelperu.com/images/productos/177291208164305680785809.jpg | https://euchelperu.com/images/productos/177428373638032296680229.jpg,https://euchelperu.com/producto.php?id=1005,2026-09-18T03:30:59Z
1006,Vestido Sami,Vestidos,8,75.0,,PEN,1006VSDDD,1006,Basic 21 Perú,ambos,,,,celeste (3045) | amarillo (3046) | blanco (3047) | negro (3048) | rosa (3049) | vino (3050),Standard,https://euchelperu.com/images/productos/17729218922998574935291.jpg | https://euchelperu.com/images/productos/177292198196949771024277.png | https://euchelperu.com/images/productos/17729221192300174117292.jpg | https://euchelperu.com/images/productos/177292219005896935394296.jpg | https://euchelperu.com/images/productos/177292225937365915645308.jpg | https://euchelperu.com/images/productos/17729222954167115268092.jpg,https://euchelperu.com/producto.php?id=1006,2026-09-18T03:31:19Z
1007,top baloon manga laga,Tops,3,45.0,,PEN,1007TOP57699,1007,Basic 21 Perú,ambos,,,,Blanco (3056) | Marrón (3057) | Negro (3058),Standard,https://euchelperu.com/images/productos/177352789167569628057209.jpg | https://euchelperu.com/images/productos/177352791419410569969923.jpg | https://euchelperu.com/images/productos/177352793505786919297100.jpg,https://euchelperu.com/producto.php?id=1007,2026-09-18T03:31:29Z
1008,TOP CREPPIE,Tops,3,45.0,,PEN,1008TOP09432,1008,Basic 21 Perú,ambos,,,,Blanco (3059) | Marrón (3060) | Negro (3061) | Celeste (3062) | Rosado (3063) | Amarillo (3064) | Rojo (3082),Standard | Standar,https://euchelperu.com/images/productos/177352916883784667282313.jpg | https://euchelperu.com/images/productos/1773529212070092411012.jpg | https://euchelperu.com/images/productos/177352926898127384771991.jpg | https://euchelperu.com/images/productos/17735294114571271759176.jpg | https://euchelperu.com/images/productos/177352942408583748929229.jpg | https://euchelperu.com/images/productos/17735294366872849765457.jpg | https://euchelperu.com/images/productos/177411702023659454679911.jpg,https://euchelperu.com/producto.php?id=1008,2026-09-18T03:31:52Z
1009,TOP LINDA,Tops,3,45.0,,PEN,1009TOP86294,1009,Basic 21 Perú,ambos,,,,Beige (3065) | Blanco (3066) | Negro (3067) | Verde (3068) | Amarillo (3069),Standard | Standar,https://euchelperu.com/images/productos/177353062314660913573890.jpg | https://euchelperu.com/images/productos/177353067667147482559377.jpg | https://euchelperu.com/images/productos/177353071805616829575772.jpg | https://euchelperu.com/images/productos/177353073328673985559565.jpg | https://euchelperu.com/images/productos/177353074859759359825554.jpg,https://euchelperu.com/producto.php?id=1009,2026-09-18T03:32:08Z
1010,MINI VESTIDO VENUS BROCHE,Vestidos,8,59.0,,PEN,1010VES45678,1010,Basic 21 Perú,ambos,,,,Marrón (3070) | Vino (3071) | Verde (3072) | Blanco (3073) | Negro (3074),Standard | Standar,https://euchelperu.com/images/productos/177353233538883503575101.jpg | https://euchelperu.com/images/productos/177353315691804831147220.jpg | https://euchelperu.com/images/productos/177353317537069378974801.jpg | https://euchelperu.com/images/productos/17735331975749412863569.jpg | https://euchelperu.com/images/productos/177353331699113662699753.jpg,https://euchelperu.com/producto.php?id=1010,2026-09-18T03:32:24Z
1011,TOP INDDIGO,Tops,3,45.0,,PEN,1011TOP09854,1011,Basic 21 Perú,ambos,,,,Negro (3075) | Blanco (3076) | Azu marino (3087) | Amarillo (3088),Standard | Standar,https://euchelperu.com/images/productos/177411886991449206550249.jpg | https://euchelperu.com/images/productos/177353800263264531612057.jpg | https://euchelperu.com/images/productos/17741192631466238912776.jpg | https://euchelperu.com/images/productos/177411943609064149633692.jpg,https://euchelperu.com/producto.php?id=1011,2026-09-18T03:32:38Z
1012,CORSET DUA LENTEJUELAS,Tops,3,55.0,,PEN,1012COR85482,1012,Basic 21 Perú,ambos,Nuestro nuevo corset de lentejuelas en rojo vibrante es la pieza clave que tu clóset de fiesta necesita. Diseñado con una estructura de varillas que realza tu silueta y un acabado brillante que no pasa desapercibido.,,,Blanco (3090) | Rojo (3091),Standar,https://euchelperu.com/images/productos/177412070248981243446161.jpg | https://euchelperu.com/images/productos/177412072342410741117544.jpg,https://euchelperu.com/producto.php?id=1012,2026-09-18T03:32:44Z
1013,top milenka,Tops,3,45.0,,PEN,1013R6G4L1V8,1013,Basic 21 Perú,ambos,"Top de tirantes estilo halter con delicado bordado floral en contraste. Presenta un diseño fluido con vuelo de doble capa en el bajo, ideal para un estilo femenino y fresco.",,,Rosado pastel (3109) | Marrón (3110) | Negro (3111) | verde claro (3112) | Celeste pastel (3113),Standar,https://euchelperu.com/images/productos/177428601736195389843536.jpg | https://euchelperu.com/images/productos/177428620609002644656674.jpg | https://euchelperu.com/images/productos/177428628421461296822214.jpg | https://euchelperu.com/images/productos/177428635533865673710819.jpg | https://euchelperu.com/images/productos/177428641974295504225823.jpg,https://euchelperu.com/producto.php?id=1013,2026-09-18T03:33:02Z
1014,top gricell,Tops,3,39.0,,PEN,10147D4N1X8K,1014,Basic 21 Perú,ambos,"Top fruncido de cuello barco; una prenda esencial y versátil que combina elegancia y comodidad. Su diseño de cuello barco y los suaves fruncidos laterales realzan la silueta, ofreciendo un ajuste perfecto.",,,Marrón (3114) | Rosado pastel (3115) | Blanco (3116) | Azul acero (3117) | Vino (3697),Standar,https://euchelperu.com/images/productos/177428663262157456924491.jpg | https://euchelperu.com/images/productos/17742867574270279439755.jpg | https://euchelperu.com/images/productos/177428682039829524859203.jpg | https://euchelperu.com/images/productos/17742868848235142118545.jpg | https://euchelperu.com/images/productos/178240943392754368611002.jpg,https://euchelperu.com/producto.php?id=1014,2026-09-18T03:33:18Z
1015,polo jimena ojál,Tops,3,45.0,,PEN,1015POL21806,1015,Basic 21 Perú,ambos,"Top de manga corta y cuello barco en color rosa pastel. Una prenda básica de silueta ceñida y minimalista, confeccionada en tejido elástico para un ajuste cómodo y favorecedor.",,,Rosado pastel (3118) | Vino (3119) | Amarillo pastel (3120) | Celeste pastel (3121) | Blanco (3122),Standar | Standard,https://euchelperu.com/images/productos/177428729986673698239769.jpg | https://euchelperu.com/images/productos/17742874049748792835816.jpg | https://euchelperu.com/images/productos/177428752572164920937461.jpg | https://euchelperu.com/images/productos/17742875892900448430515.jpg,https://euchelperu.com/producto.php?id=1015,2026-09-18T03:33:35Z
1016,VESTIDO SAM,Vestidos,8,75.0,,PEN,1016T3Y2U8I4,1016,Basic 21 Perú,ambos,,,,Blanco c/ fores azul (3123) | Blanco c/ fores celeste (3124) | Blanco c/ fores marrones (3125) | Blanco c/ fores verde (3126) | Blanco c/ fores rosadas (3127),Standar,https://euchelperu.com/images/productos/177431237948689869519704.jpg | https://euchelperu.com/images/productos/17743129253947634884025.jpg | https://euchelperu.com/images/productos/177431294215846839481918.jpg | https://euchelperu.com/images/productos/177431296122140907937139.jpg | https://euchelperu.com/images/productos/177431300026017292867048.jpg,https://euchelperu.com/producto.php?id=1016,2026-09-18T03:33:51Z
1017,BLUSA LAZO,Blusas,18,55.0,,PEN,1017B9W2M5Q3,1017,Basic 21 Perú,ambos,,,,Blanco c/ fores beige (3131) | Blanco c/ fores negras (3132) | Negro c/ flores beige (3133) | Marron c/ fores beige (3134),Standar,https://euchelperu.com/images/productos/177431548602735844755274.jpg | https://euchelperu.com/images/productos/17743158445180943951458.jpg | https://euchelperu.com/images/productos/177431599318899152644999.jpg | https://euchelperu.com/images/productos/1774317026826086267773.jpg,https://euchelperu.com/producto.php?id=1017,2026-09-18T03:34:40Z
1018,BIKINI SUMMER,BIKINIS,21,99.0,,PEN,1018BKN152,1018,Basic 21 Perú,ambos,,,,Amarillo (3148),S | M,https://euchelperu.com/images/productos/177440002662245957639905.jpg,https://euchelperu.com/producto.php?id=1018,2026-09-18T03:34:43Z
1019,FALDA LENTEJUELA NOIR,Faldas,7,75.0,,PEN,1019NNN11,1019,Basic 21 Perú,ambos,,,,Negro (3149),XS | S | M | L,https://euchelperu.com/images/productos/177440059019390451631853.jpg,https://euchelperu.com/producto.php?id=1019,2026-09-18T03:34:47Z
1020,FALDA LENTEJUELA STELLAR,Faldas,7,75.0,,PEN,1020BAREY555,1020,Basic 21 Perú,ambos,,,,Beige (3150) | Blanco (3630),XS | S | M | L,https://euchelperu.com/images/productos/17744009053891272363889.jpg | https://euchelperu.com/images/productos/17821498800729710536635.jpg,https://euchelperu.com/producto.php?id=1020,2026-09-18T03:35:55Z
1021,FALDA LENTEJUELA DARCY,Faldas,7,75.0,,PEN,1021FLD222,1021,Basic 21 Perú,ambos,,,,MORADO (3151),XS | S | M,https://euchelperu.com/images/productos/177440151402977754546948.jpg,https://euchelperu.com/producto.php?id=1021,2026-09-18T03:36:34Z
1022,RELOJES DE 59,Accesorios,19,59.0,,PEN,102259reloj ,1022,Basic 21 Perú,ambos,"Esta colección de relojes con diseño minimalista y estética vintage atemporal, creando piezas sutiles, femeninas y sofisticadas. Sus cajas delicadas complementan con correas de cuero genuino, logrando un equilibrio perfecto entre lo clásico y lo moderno. Ligeros, versátiles y elegantes, son el accesorio ideal para el día a día o para ocasiones especiales. Diseñados para quienes aprecian la simplicidad, la estética limpia y la belleza discreta. ¡La elegancia está en los detalles!",,,Marrón circular (3152) | Negro ovalado (3153) | Negro siglas (3154) | Marrón c/ destellos (3155) | Negro c/ dorado (3156) | Marrón c/ plateado (3157) | Marón c/ oro rosa (3158) | Marrón c/ dorado (3159) | Blanco c/ dorado (3160) | Plateado (3161),Standard | Regulable,https://euchelperu.com/images/productos/177454510427473641565523.jpg | https://euchelperu.com/images/productos/177454516469314707972930.jpg | https://euchelperu.com/images/productos/177454544377682351952476.jpg | https://euchelperu.com/images/productos/1774545653282712388229.jpg | https://euchelperu.com/images/productos/17745457613944846686775.jpg | https://euchelperu.com/images/productos/177454605946467974027216.jpg | https://euchelperu.com/images/productos/177454615189341380077155.jpg | https://euchelperu.com/images/productos/177454631981246760186172.jpg | https://euchelperu.com/images/productos/177454639447852465226676.jpg | https://euchelperu.com/images/productos/177454659517300214461711.jpg,https://euchelperu.com/producto.php?id=1022,2026-09-18T03:37:40Z
1023,BRAZAETE HADE,Accesorios,19,25.0,,PEN,1023BraHa34,1023,Basic 21 Perú,ambos,"Elegancia simple, diseño atemporal. Estos brazaletes destacan por sus tonos neutros y acabados marmoleados en marfil y ámbar, creando piezas sofisticadas y fáciles de combinar. Su diseño limpio y moderno los convierte en el complemento perfecto para cualquier ocasión, ya sea para un look casual o más elegante. Ideales para usar solos o combinados entre sí para un estilo más llamativo y contemporáneo. Un accesorio minimalista que aporta personalidad y estilo sin esfuerzo.",,,MÁRMOL MÁRFIL (3168) | MÁRMOL ÁMBAR (3170),Standar,https://euchelperu.com/images/productos/177455316431439623821293.jpg,https://euchelperu.com/producto.php?id=1023,2026-09-18T03:38:10Z
1025,BRAZALETE AURA DORADA,Accesorios,19,29.0,,PEN,1025Dor66,1025,Basic 21 Perú,ambos,"Ligeros, versátiles y elegantes, son el accesorio ideal para el día a día o para ocasiones especiales. Diseñados para quienes aprecian la simplicidad, la estética limpia y la belleza discreta.",,,Marrón c/ dorado (3173) | Verde c/ dorado (3174),Standar,https://euchelperu.com/images/productos/177455510376403896882108.jpg,https://euchelperu.com/producto.php?id=1025,2026-09-18T03:38:28Z
1026,BRAZALETE AURA NACAR,Accesorios,19,35.0,,PEN,1026Nacar22,1026,Basic 21 Perú,ambos,"Este brazalete de eslabones ondulados combina la suavidad de la resina pulida con la fuerza del dorado, Creando un juego de texturas y reflejos que captura la luz con elegancia. Un accesorio escultural para la mujer que aprecia el arte en los detalles.",,,Nácar (3175),Standar,https://euchelperu.com/images/productos/177455527928707306840089.jpg,https://euchelperu.com/producto.php?id=1026,2026-09-18T03:38:31Z
1027,chaqueta demin bolsillos,Abrigos,2,105.0,,PEN,1027A4S1D7F9,1027,Basic 21 Perú,ambos,Chaqueta Denim Clásica Un esencial que nunca pasa de moda. Esta chaqueta en denim combina un diseño relajado con un acabado ligeramente desgastado que aporta carácter y autenticidad. Su silueta cómoda y versátil la convierte en la prenda perfecta para cualquier temporada. Ideal para llevar sobre básicos y crear looks casuales con un toque moderno y desenfadado. Un clásico reinventado que eleva tu estilo con naturalidad.,,,azul denim (3176),Standar,https://euchelperu.com/images/productos/17747242458249765212463.jpg,https://euchelperu.com/producto.php?id=1027,2026-09-18T03:38:34Z
1029,Sweater Ojal Hilo,Sweaters,4,55.0,,PEN,1029P9O1I5M4,1029,Basic 21 Perú,ambos,"Chompa tejida de diseño moderno con hombro descubierto, perfecta para un look casual y femenino. Su corte corto con cintura ajustada resalta la silueta, mientras que las mangas largas y su tejido suave brindan comodidad y estilo al mismo tiempo. Ideal para combinar con jeans de tiro alto o faldas y crear outfits versátiles para cualquier ocasión.",,,Marrón (3177) | Gris (3637) | Ladrillo (3638) | Perla (3639) | Negro (3666) | Beige (3667),Standard,https://euchelperu.com/images/productos/177497696406084468290439.jpg | https://euchelperu.com/images/productos/178215057088829442437941.jpg | https://euchelperu.com/images/productos/178215064357839401575850.jpg | https://euchelperu.com/images/productos/178215067277386160363870.jpg | https://euchelperu.com/images/productos/17823237797588094915902.jpg | https://euchelperu.com/images/productos/17823238576924517133622.jpg,https://euchelperu.com/producto.php?id=1029,2026-09-18T03:40:52Z
1030,Chaleco Cesia,Chaquetas,9,59.0,,PEN,1030M1N6B2V9,1030,Basic 21 Perú,ambos,"Su diseño sin mangas lo convierte en una prenda versátil, ideal para combinar con pantalones de vestir o faldas, creando looks tanto formales como casuales. Confeccionado en un tejido suave y de alta calidad, garantiza comodidad y un acabado impecable durante todo el día. Presenta un escote en V que estiliza el cuello y una fila de botones frontales en contraste que aportan un toque clásico y refinado.",,,Blanco (3178) | Gris (3247) | Beige (3248) | plomo oscuro (3690) | Marrón (3691) | Negro (3692),S-M,https://euchelperu.com/images/productos/177497837505229863594048.jpg | https://euchelperu.com/images/productos/178232827109623193123245.jpg | https://euchelperu.com/images/productos/17823283445559276611574.jpg | https://euchelperu.com/images/productos/178232842169125454392954.jpg | https://euchelperu.com/images/productos/178232851101069182766822.jpg | https://euchelperu.com/images/productos/178232853497393350540269.jpg,https://euchelperu.com/producto.php?id=1030,2026-09-18T03:42:10Z
1031,Vestido Vichy,Vestidos,8,55.0,,PEN,1031U3I5O2P9,1031,Basic 21 Perú,ambos,"Luce femenina y elegante con este vestido corto en tono rojo, diseñado para resaltar la silueta con un ajuste cómodo y favorecedor. Cuenta con tirantes delgados y escote recto que aportan un estilo delicado y moderno. Su caída suave y ligera le da movimiento al vestido, creando un look fresco y sofisticado. Ideal para salidas, cenas, eventos o cualquier ocasión especial donde quieras destacar con un estilo sencillo pero llamativo. Combínalo con tacones, sandalias o chaqueta para diferentes estilos.",,,Vino (3179) | Negro (3238) | Blanco (3239),Standard,https://euchelperu.com/images/productos/177497892621425516031292.jpg | https://euchelperu.com/images/productos/17753513121187994295323.jpg | https://euchelperu.com/images/productos/177535133714243553362226.jpg,https://euchelperu.com/producto.php?id=1031,2026-09-18T03:43:19Z
1032,Cardigan Bicolor Hilo,Chaquetas,9,65.0,,PEN,1032S2A8K4J6,1032,Basic 21 Perú,ambos,"Chompa tejida en tono blanco con detalles en líneas negras que aportan un estilo elegante y moderno. Su diseño de manga larga y corte recto la hace cómoda y fácil de combinar, ideal para looks casuales o formales. Cuenta con un diseño frontal abierto con acabado decorativo en contraste, cuello redondo y terminaciones acanaladas en mangas y cintura que brindan un mejor ajuste. Es una prenda versátil, perfecta para usar con jeans, pantalones de vestir o faldas.",,,Beige (3180),Standard,https://euchelperu.com/images/productos/17749803589181333028638.jpg,https://euchelperu.com/producto.php?id=1032,2026-09-18T03:43:22Z
1033,TOP BICOLOR HILO,Tops,3,39.0,,PEN,1033S2A8K4J2,1033,Basic 21 Perú,ambos,"Top tejido en tono blanco con detalles en líneas negras que le dan un estilo moderno y elegante. Su diseño de tirantes anchos y cuello recto brinda un ajuste cómodo y favorecedor, ideal para usar en climas cálidos o para combinar con chaquetas y chompas. El acabado acanalado en la parte inferior permite que el top se ajuste mejor al cuerpo, resaltando la silueta sin perder comodidad. Es una prenda versátil que puedes combinar fácilmente con jeans, faldas o pantalones de vestir para lograr looks casuales o más elegantes.",,,Beige (3181) | Negro (3246),Standard | Standar,https://euchelperu.com/images/productos/177498084759421260068158.jpg,https://euchelperu.com/producto.php?id=1033,2026-09-18T03:43:28Z
1034,POLO CUELLO REDONDO M/LARGA,Tops,3,49.0,,PEN,1034V5B2N8X4,1034,Basic 21 Perú,ambos,"El pilar de cualquier armario, para lograr versatilidad. Con un cuello redondo clásico y un corte entallado.",,,Negro (3182) | plomo claro (3183) | Blanco (3185) | rosado (3419) | celeste (3420) | Amarillo (3421) | Azul (3694) | Vino (3695) | Marrón (3696),Standard | Standar,https://euchelperu.com/images/productos/177506936032468830727827.jpg | https://euchelperu.com/images/productos/17750695582299793336974.png | https://euchelperu.com/images/productos/1775069983583325952924.png | https://euchelperu.com/images/productos/177716326683724938621845.jpg | https://euchelperu.com/images/productos/177716346187688267284617.jpg | https://euchelperu.com/images/productos/177716357778196213713017.jpg | https://euchelperu.com/images/productos/17823302309692097725985.png | https://euchelperu.com/images/productos/178240920337656191856102.jpg | https://euchelperu.com/images/productos/17824092404219654754813.jpg,https://euchelperu.com/producto.php?id=1034,2026-09-18T03:44:44Z
1035,OFF SHOULDER HILO,Tops,3,55.0,,PEN,1035OFF63674,1035,Basic 21 Perú,ambos,"Esta prenda elegante, resalta los hombros y el cuello, siendo perfecta para cualquier ocasión. Combínala con unos jeans para un look casual, o con una falda y tacones para una ocasión más formal. ¡No esperes más y añade esta prenda a tu carrito!",,,Perla (3187) | Rojo (3193) | Blanco (3194) | Marrón (3195) | Negro (3635) | Ladrillo (3636),Standar,https://euchelperu.com/images/productos/17750709223199405562904.jpg | https://euchelperu.com/images/productos/17750785988793112242185.png | https://euchelperu.com/images/productos/177507881548423120321764.png | https://euchelperu.com/images/productos/17750791208557126531233.jpg | https://euchelperu.com/images/productos/178215043226590996983108.jpg | https://euchelperu.com/images/productos/17821504783427698566413.jpg,https://euchelperu.com/producto.php?id=1035,2026-09-18T03:45:15Z
1037,TOP BRAVE M/LARGA,Tops,3,49.0,,PEN,1037L3Q7P1V9,1037,Basic 21 Perú,ambos,"Atrévete a destacar con el Top Brave, una pieza de diseño asimétrico que combina sofisticación y vanguardia. Su detalle de drapeado frontal crea una textura única que favorece la silueta, mientras que el escote caído hacia un hombro le otorga un aire irresistiblemente chic.",,,Guinda (3188) | Marrón (3189) | Verde (3190) | Blanco (3191) | Café (3192),Standar,https://euchelperu.com/images/productos/17750734295204011193783.png | https://euchelperu.com/images/productos/177507296462464421374240.jpg | https://euchelperu.com/images/productos/177507331753123764341032.png | https://euchelperu.com/images/productos/177514686928899632768595.jpg | https://euchelperu.com/images/productos/177514698503359115673666.jpg,https://euchelperu.com/producto.php?id=1037,2026-09-18T03:47:08Z
1039,GABARDINA,Abrigos,2,130.0,,PEN,1039GAB36485,1039,Basic 21 Perú,ambos,"Eleva tu estilo con la sofisticación atemporal de nuestra gabardina clásica. Una prenda esencial en cualquier armario, diseñada para ofrecer elegancia funcional temporada tras temporada.",,,Beige (3197) | Blanco (3198) | Negro (3199) | Marrón (3705),Standar,https://euchelperu.com/images/productos/177508616721694617581808.jpg | https://euchelperu.com/images/productos/177508668978939328067350.png | https://euchelperu.com/images/productos/17750871432956764914188.png | https://euchelperu.com/images/productos/178241244334699609370732.jpg,https://euchelperu.com/producto.php?id=1039,2026-09-18T03:47:32Z
1041,CHOMPA HILO WINNIE,Abrigos,2,69.0,,PEN,1041CHO65580,1041,Basic 21 Perú,ambos,"Dale un toque de sofisticación a tus días fríos con nuestro sweater de hombros descubiertos. Su diseño con cuello XXL acanalado resalta la clavícula con elegancia, mientras que sus mangas abullonadas con puños ajustados añaden ese aire romántico y moderno que tanto nos gusta. Confeccionado en un tejido suave de punto que abraza tu figura sin perder la comodidad.",,,Blanco (3200) | Negro (3202) | Vino (3203) | Marrón (3632) | Plomo (3633) | Beige (3634),Standar,https://euchelperu.com/images/productos/177508866035172638294660.jpg | https://euchelperu.com/images/productos/177508938416995727750848.png | https://euchelperu.com/images/productos/17750897193495765297268.jpg | https://euchelperu.com/images/productos/178215021395287734112322.jpg | https://euchelperu.com/images/productos/178215026837913403759066.jpg | https://euchelperu.com/images/productos/178215029087083596612535.jpg,https://euchelperu.com/producto.php?id=1041,2026-09-18T03:48:51Z
1042,PANTALON SASTRE MIA,Pantalones,6,89.0,,PEN,1042B2V7X3Q6,1042,Basic 21 Perú,ambos,Eleva tu look ejecutivo con nuestro pantalón de corte amplio y caída impecable. Diseñado con pinzas frontales que aportan estructura y un cinturón fino con detalle dorado que enmarca la cintura con total delicadeza.,,,Beige (3205) | Negro (3206) | Blanco (3207) | gris (3208),Standar,https://euchelperu.com/images/productos/177509051917884792240238.jpg | https://euchelperu.com/images/productos/177509109335245522990235.jpg | https://euchelperu.com/images/productos/177509123978960676774065.jpg | https://euchelperu.com/images/productos/177509138098954711010304.jpg,https://euchelperu.com/producto.php?id=1042,2026-09-18T03:49:03Z
1043,TOP ROLLETE,Tops,3,45.0,,PEN,1043TOP25488,1043,Basic 21 Perú,ambos,Haz una declaración de estilo con nuestro top de un solo hombro. Su diseño asimétrico con terminación en punta y el delicado drapeado lateral crean una silueta ultra favorecedora que acentúa tus curvas,,,Vino (3209) | Blanco (3210) | Negro (3211) | Marrón (3212) | Celeste (3213),Standar,https://euchelperu.com/images/productos/17750925160314987808279.jpg | https://euchelperu.com/images/productos/177509272525634320997815.jpg | https://euchelperu.com/images/productos/177509288394453416613597.jpg | https://euchelperu.com/images/productos/177514768052696801773021.jpg | https://euchelperu.com/images/productos/177514779602481917989162.jpg,https://euchelperu.com/producto.php?id=1043,2026-09-18T03:50:58Z
1044,TOP ROSSI,Tops,3,49.0,,PEN,1044Q7W4E8R1,1044,Basic 21 Perú,ambos,El básico que no es básico. Este top de manga larga redefine el minimalismo con su escote inclinado y detalle fruncido en el costado. Su tono neutro lo convierte en el lienzo perfecto para tus accesorios favoritos.,,,Celeste (3214) | Blanco (3215),Standar,https://euchelperu.com/images/productos/17751493577112310979874.jpg | https://euchelperu.com/images/productos/1775149308080954619945.jpg,https://euchelperu.com/producto.php?id=1044,2026-09-18T03:51:54Z
1046,TOP RIB MELODY,Tops,3,49.0,,PEN,1046D6F4G1H7,1046,Basic 21 Perú,ambos,"Este top off-shoulder es una prenda moderna y femenina, perfecta para looks casuales y elegantes. Su diseño de hombros descubiertos resalta la silueta, mientras que el detalle fruncido lateral con ajuste de lazo añade un toque único y estilizado. La tela acanalada es suave y cómoda, ideal para usar durante el día o la noche. Combínalo con jeans o faldas para un outfit versátil y a la moda.",,,CELESTE (3217) | Marrón (3218) | Gris (3219) | Negro (3220) | PERLA (3221),Standar,https://euchelperu.com/images/productos/177524995886932501692156.jpg | https://euchelperu.com/images/productos/177525031943371535354697.jpg | https://euchelperu.com/images/productos/1775250846755755988991.jpg | https://euchelperu.com/images/productos/177525097754707794952510.jpg | https://euchelperu.com/images/productos/177525119573809477726319.jpg,https://euchelperu.com/producto.php?id=1046,2026-09-18T03:52:57Z
1047,TOP SUECIA,Tops,3,45.0,,PEN,1047S2A8K4J7,1047,Basic 21 Perú,ambos,"Este top halter es una prenda elegante y llamativa, perfecta para crear looks modernos y femeninos. Su diseño con escote profundo y fruncido en el centro estiliza la figura, mientras que la caída asimétrica aporta movimiento y un toque sofisticado. Confeccionado en tela suave y ligera, es ideal para combinar con jeans, faldas o pantalones de vestir, logrando un outfit versátil tanto para el día como para la noche.",,,Vino (3222) | Acero (3223) | Blanco (3224),Standar,https://euchelperu.com/images/productos/177525239336114667260550.jpg | https://euchelperu.com/images/productos/177525265941368338115693.jpg | https://euchelperu.com/images/productos/177525301259339754878540.jpg,https://euchelperu.com/producto.php?id=1047,2026-09-18T03:53:18Z
1048,TOP MANDY,Tops,3,45.0,,PEN,1048Z7A4E2U8,1048,Basic 21 Perú,ambos,"Top elegante y femenino con diseño drapeado en la parte frontal que estiliza la silueta y aporta un toque sofisticado. Cuenta con mangas cortas, escote barco y cintura ajustada que realza la figura, ideal para combinar con jeans o faldas para un look casual chic o de noche. Confeccionado en tela suave y cómoda para un ajuste perfecto",,,Blanco (3225) | ROSADO (3226) | ROJO (3227),Standar,https://euchelperu.com/images/productos/177525386438629393261471.png | https://euchelperu.com/images/productos/177525397667903584975661.png | https://euchelperu.com/images/productos/177525407766630109121433.png,https://euchelperu.com/producto.php?id=1048,2026-09-18T03:53:51Z
1049,CAMISACO CUERINA,Abrigos,2,85.0,,PEN,1049CAM59071,1049,Basic 21 Perú,ambos,"¡La pieza que tu armario gritaba por tener! El equilibrio perfecto entre lo rebelde y lo sofisticado. Diseñada con un corte ligeramente overside para que puedas usarla sobre tops o sweaters ligeros, su color café profundo la convierte en el básico indispensable de la temporada.",,,Marrón (3228) | Negro (3232),Standar | Standard,https://euchelperu.com/images/productos/177532333017264395724748.jpg | https://euchelperu.com/images/productos/177534620577093511373844.jpg,https://euchelperu.com/producto.php?id=1049,2026-09-18T03:54:21Z
1050,CHAQUETA BOMBER CUERINA,Abrigos,2,89.0,,PEN,1050H4G2D8S5,1050,Basic 21 Perú,ambos,¡El regreso de un clásico! Dale un giro nostálgico y cool a tus outfits con esta chaqueta bomber. Su silueta voluminosa y los puños elásticos definen el vibe urbano y relajado de esta temporada. Perfecta para un look sin esfuerzo y con mucha personalidad.,,,Marrón (3229) | Vino (3230) | Negro (3231),Standar,https://euchelperu.com/images/productos/177532474447121734684159.png | https://euchelperu.com/images/productos/177532425959866388357354.jpg | https://euchelperu.com/images/productos/17753246048355459526908.png,https://euchelperu.com/producto.php?id=1050,2026-09-18T03:55:20Z
1051,BLUSA POPELINA,Blusas,18,59.0,,PEN,1051P3M9R7L1,1051,Basic 21 Perú,ambos,,,,Gris c/ rayas blancas (3233) | Negro c/ rayas blancas (3234) | Azul c/ rayas blancas (3235),Standar,https://euchelperu.com/images/productos/177534775247629589925976.jpg | https://euchelperu.com/images/productos/177575317016789272088423.jpg,https://euchelperu.com/producto.php?id=1051,2026-09-18T03:55:42Z
1052,TOP OFF SHOULDER PRETINA M/LARGA,Tops,3,45.0,,PEN,1052K8J4L1N9,1052,Basic 21 Perú,ambos,,,,Blanco (3240) | Marrón (3241) | vino (3242) | Rosado (3243) | Negro (3244) | Amarillo (3245) | azul (3417) | celeste (3418),Standar,https://euchelperu.com/images/productos/177535364314484413817569.jpg | https://euchelperu.com/images/productos/177551913748502985170635.jpg | https://euchelperu.com/images/productos/177552044475475732846289.jpg | https://euchelperu.com/images/productos/17755204625375457678382.jpg | https://euchelperu.com/images/productos/177552048785549448371293.jpg | https://euchelperu.com/images/productos/17755205966470464566138.jpg | https://euchelperu.com/images/productos/17771615986755622309708.jpg | https://euchelperu.com/images/productos/177716179998053858836382.jpg,https://euchelperu.com/producto.php?id=1052,2026-09-18T03:59:19Z
1053,CHOMPA CAMISERO GABY,Sweaters,4,65.0,,PEN,1053987Y6TF,1053,Basic 21 Perú,ambos,"El combo perfecto entre lo clásico y lo trendy llegó a nuestra colección. Este sweater liviano de rayas es la pieza versátil que tu clóset necesita para esos días de media estación. Con un aire nostálgico de los años 90 y un corte impecable, es la opción segura para verte arreglada sin esfuerzo.",,,Gris c/negro (3253) | Azul c/rojo (3254) | Marrón c/ crema (3255),Standar,https://euchelperu.com/images/productos/177584063841665906851637.jpg | https://euchelperu.com/images/productos/17758444578262971839024.jpg | https://euchelperu.com/images/productos/177584471361658147420552.jpg,https://euchelperu.com/producto.php?id=1053,2026-09-18T03:59:40Z
1054,CARDIGAN PRESS,Sweaters,4,65.0,,PEN,105411QWE,1054,Basic 21 Perú,ambos,"Una pieza atemporal que respira sofisticación. Este cárdigan de punto fino presenta el icónico diseño de rayas marineras, pero lo que realmente eleva esta prenda son sus botones metálicos dorados, que añaden un toque de luz y lujo discreto. Su cuello redondo y corte recto lo convierten en la prenda perfecta para un look pulido y femenino.",,,Blanco c/ líneas negras (3256) | Beige c/ líneas azules (3257) | Beige c/ líneas negras (3258) | Negra c/ líneas blancas (3259),Standar,https://euchelperu.com/images/productos/177584231268280607334676.jpg | https://euchelperu.com/images/productos/177584512571756754618990.jpg | https://euchelperu.com/images/productos/177584536665841333292246.png,https://euchelperu.com/producto.php?id=1054,2026-09-18T03:59:52Z
1055,CARDIGAN ZARA,Sweaters,4,55.0,,PEN,1055089OIUJK,1055,Basic 21 Perú,ambos,"Eleva tus básicos con este body cárdigan de diseño impecable. Su silueta ajustada ofrece una base pulida, mientras que los volantes de tul y los puños aportan una textura inesperada y elegante. Los ribetes a lo largo del escote en V y la abotonadura central con detalles dorados completan esta pieza que transiciona sin esfuerzo del día a la noche.",,,Beige (3260) | Camel (3261) | Perla (3262),Standar,https://euchelperu.com/images/productos/17758458169732127499716.jpg | https://euchelperu.com/images/productos/177584284418681991133942.jpg | https://euchelperu.com/images/productos/177584605175690800237119.jpg,https://euchelperu.com/producto.php?id=1055,2026-09-18T04:00:14Z
1056,CHOMPA ROMY RAYADO,Sweaters,4,59.0,,PEN,1056123WED,1056,Basic 21 Perú,ambos,"El compañero ideal. Este sweater ligero destaca por su versatilidad y su tacto suave. La combinación de colores lo convierte en una pieza fácil de integrar en cualquier clóset. Ya sea para un look de oficina relajado o un café de fin de semana, su corte impecable asegura que siempre te veas bien arreglada.",,,Marrón c/ beige (3263) | Rojo c/ negro (3264) | Gris c/ negro (3265),Standar,https://euchelperu.com/images/productos/177584308586770608742982.jpg,https://euchelperu.com/producto.php?id=1056,2026-09-18T04:00:47Z
1057,glam rubi,Carteras,12,85.0,,PEN,1057CAR29122,1057,Basic 21 Perú,ambos,,,,rojo (3266) | Negro (3326) | Perla (3327),Standar,https://euchelperu.com/images/productos/177586232098604593824842.jpg | https://euchelperu.com/images/productos/17761831148115922880789.jpg | https://euchelperu.com/images/productos/177618341547901693270672.jpg,https://euchelperu.com/producto.php?id=1057,2026-09-18T04:01:32Z
1058,EBANO CHIC,Carteras,12,110.0,,PEN,1058CAR55543,1058,Basic 21 Perú,ambos,,,,Negro (3267),Standar,https://euchelperu.com/images/productos/17758624517492181092607.jpg,https://euchelperu.com/producto.php?id=1058,2026-09-18T04:02:11Z
1059,LEOPARD QUEEN,Carteras,12,85.0,,PEN,1059CAR3354,1059,Basic 21 Perú,ambos,,,,Negro c/ rayas narajas (3268),Standar,https://euchelperu.com/images/productos/177586257342217290776842.jpg,https://euchelperu.com/producto.php?id=1059,2026-09-18T04:02:50Z
1060,AMOUR BLACK,Carteras,12,89.0,,PEN,1060CAR09997,1060,Basic 21 Perú,ambos,,,,NEGRO (3269),Standar,https://euchelperu.com/images/productos/177586275628672540857633.jpg,https://euchelperu.com/producto.php?id=1060,2026-09-18T04:02:53Z
1061,DUCE AURA,Carteras,12,89.0,,PEN,1061CAR44343,1061,Basic 21 Perú,ambos,,,,Beige (3270),Standar,https://euchelperu.com/images/productos/177586288904223597348424.jpg,https://euchelperu.com/producto.php?id=1061,2026-09-18T04:03:20Z
1062,ALMA CHIC,Carteras,12,85.0,,PEN,1062CR22123,1062,Basic 21 Perú,ambos,,,,Beige (3271),Standar,https://euchelperu.com/images/productos/177586328144612428759831.jpg,https://euchelperu.com/producto.php?id=1062,2026-09-18T04:03:23Z
1063,NUBE CHIC,Carteras,12,85.0,,PEN,1063cart09877,1063,Basic 21 Perú,ambos,,,,Blanco (3272),Standar,https://euchelperu.com/images/productos/177586337563567299727876.jpg,https://euchelperu.com/producto.php?id=1063,2026-09-18T04:04:19Z
1064,clean soft,Carteras,12,79.0,,PEN,1064CAR76767,1064,Basic 21 Perú,ambos,,,,Marrón (3273),Standar,https://euchelperu.com/images/productos/17758635225159539427519.jpg,https://euchelperu.com/producto.php?id=1064,2026-09-18T04:04:34Z
1065,MERLOT MUSE,Carteras,12,95.0,,PEN,1065CAR88483,1065,Basic 21 Perú,ambos,,,,Vino (3274) | Negro (3328) | Blanco (3329) | Camel (3330),Standar,https://euchelperu.com/images/productos/177586371599316998238976.jpg | https://euchelperu.com/images/productos/177618437092692980587851.jpg | https://euchelperu.com/images/productos/177618448231573389436830.jpg | https://euchelperu.com/images/productos/177618481188032357889183.jpg,https://euchelperu.com/producto.php?id=1065,2026-09-18T04:04:46Z
1066,ALMENDRA BAG,Carteras,12,69.0,,PEN,1066CAR5565,1066,Basic 21 Perú,ambos,,,,Beige (3275),Standar,https://euchelperu.com/images/productos/177586395832171512480825.jpg,https://euchelperu.com/producto.php?id=1066,2026-09-18T04:05:01Z
1067,LATE CONTRAST,Carteras,12,79.0,,PEN,1067CAR32422,1067,Basic 21 Perú,ambos,,,,Beige (3276),Standar,https://euchelperu.com/images/productos/17758641620707540889959.jpg,https://euchelperu.com/producto.php?id=1067,2026-09-18T04:05:05Z
1068,NOCHE IMPERIAL,Carteras,12,79.0,,PEN,1068CAR11292,1068,Basic 21 Perú,ambos,,,,Negro (3277),Standar,https://euchelperu.com/images/productos/177586446282524795352826.jpg,https://euchelperu.com/producto.php?id=1068,2026-09-18T04:05:08Z
1070,MIDNIGHT BOSS,Carteras,12,79.0,,PEN,1070CAR53643,1070,Basic 21 Perú,ambos,,,,Negro (3279),Standar,https://euchelperu.com/images/productos/17758648935657554714112.jpg,https://euchelperu.com/producto.php?id=1070,2026-09-18T04:05:25Z
1072,VESTIDO JUSTINA,Vestidos,8,65.0,,PEN,107245ETDF,1072,Basic 21 Perú,ambos,,,,Marron c/rayas beige (3281),Standar,https://euchelperu.com/images/productos/177592352281425975683644.jpg,https://euchelperu.com/producto.php?id=1072,2026-09-18T04:05:28Z
1073,SET ROXY,Set,10,75.0,,PEN,10737KJHGF7,1073,Basic 21 Perú,ambos,,,,Azul (3282) | Negro (3318) | Rojo (3319) | Beige (3320),Standar,https://euchelperu.com/images/productos/177592377411998978812733.jpg | https://euchelperu.com/images/productos/17761271502432933538731.jpg | https://euchelperu.com/images/productos/17761273209463630589574.jpg,https://euchelperu.com/producto.php?id=1073,2026-09-18T04:06:04Z
1074,VESTIDO SABRINA,Vestidos,8,69.0,,PEN,107488KMJNB,1074,Basic 21 Perú,ambos,,,,Blanco (3283) | Celeste (3321) | Negro (3322) | Rojo (3323),Standar,https://euchelperu.com/images/productos/177592403794658509315476.jpg | https://euchelperu.com/images/productos/177612946584688222592603.jpg | https://euchelperu.com/images/productos/177612953696214442394212.jpg | https://euchelperu.com/images/productos/177612961922841812981604.jpg,https://euchelperu.com/producto.php?id=1074,2026-09-18T04:06:17Z
1076,POLO OVERLOOK,Tops,3,45.0,,PEN,10767UJN,1076,Basic 21 Perú,ambos,,,,Beige (3284) | Negro (3687) | Camello (3688) | Blanco (3689),Standar,https://euchelperu.com/images/productos/17759288792693970815522.jpg | https://euchelperu.com/images/productos/178232777764319468986001.jpg | https://euchelperu.com/images/productos/178232784607414207598237.jpg | https://euchelperu.com/images/productos/178232793856718558977526.jpg,https://euchelperu.com/producto.php?id=1076,2026-09-18T04:06:53Z
1077,TOP BELLOTA,Tops,3,45.0,,PEN,1077BGT66,1077,Basic 21 Perú,ambos,,,,Marrón (3285),Standar,https://euchelperu.com/images/productos/177592937614465305740604.jpg,https://euchelperu.com/producto.php?id=1077,2026-09-18T04:07:08Z
1078,CHAQUETA PELUCHE/CUERINA,Chaquetas,9,95.0,,PEN,10787UJKUI,1078,Basic 21 Perú,ambos,,,,Cafe (3286) | Blanco (3324) | Negro (3325),Standar,https://euchelperu.com/images/productos/17759299214635121716926.jpg,https://euchelperu.com/producto.php?id=1078,2026-09-18T04:08:17Z
1079,BLUSA CLOCK,Tops,3,49.0,,PEN,107933ERFGBN,1079,Basic 21 Perú,ambos,"Descubre una prenda que combina elegancia y comodidad en cada detalle. Este top destaca por su diseño moderno y minimalista, con un corte que se ajusta suavemente al cuerpo realzando la silueta sin sacrificar confort. Sus mangas amplias aportan un toque sofisticado y versátil, ideal para elevar cualquier look casual o semi-formal.",,,Blanco (3287) | Negro (3288) | Vino (3289) | Azu marino (3290),Standar,https://euchelperu.com/images/productos/17759372466542789422991.jpg | https://euchelperu.com/images/productos/177593813773513675059923.jpg | https://euchelperu.com/images/productos/177593889188668510579277.jpg | https://euchelperu.com/images/productos/177593928105691829947581.jpg,https://euchelperu.com/producto.php?id=1079,2026-09-18T04:09:06Z
1080,TOP PENELOPE,Tops,3,45.0,,PEN,1080BVGFTT,1080,Basic 21 Perú,ambos,"Dale un toque moderno y sofisticado a tu estilo con este top. Su diseño ajustado y favorecedor se adapta perfectamente al cuerpo, resaltando la silueta con elegancia y comodidad. El detalle fruncido en la parte lateral añade un efecto estilizado y dinámico, ideal para crear looks actuales y versátiles. Perfecto para combinar con jeans o prendas más formales, este top es una opción imprescindible para cualquier ocasión. Su tejido suave y ligero garantiza frescura y confort durante todo el día, convirtiéndolo en una pieza clave en tu armario.",,,Blanco (3293) | Negro (3294) | ADRILLO (3295),Standar,https://euchelperu.com/images/productos/177594104168563874055942.png | https://euchelperu.com/images/productos/177594116486181314758461.png | https://euchelperu.com/images/productos/177594130157530932731979.png,https://euchelperu.com/producto.php?id=1080,2026-09-18T04:09:15Z
1084,TOP DEBORA,Tops,3,45.0,,PEN,10845tyhn,1084,Basic 21 Perú,ambos,"¡Este top halter es la pieza perfecta para cualquier ocasión! Su tejido texturizado y diseño halter te harán lucir sofisticada, mientras que su corte suelto te mantendrá fresca y cómoda durante todo el día. Combínalo con tus jeans favoritos para un look casual y elegante o con una falda para un evento formal. ¡No te quedes sin el tuyo!",,,AZUL MARINO (3298) | NEGRO (3300) | VINO (3301) | Beige (3302),Standar,https://euchelperu.com/images/productos/177594241045175854256439.jpg | https://euchelperu.com/images/productos/177594349206109585260890.png | https://euchelperu.com/images/productos/177594385927026131761874.png | https://euchelperu.com/images/productos/177594400508616735491678.png,https://euchelperu.com/producto.php?id=1084,2026-09-18T04:10:15Z
1085,CARTERA DE 110,Carteras,12,110.0,,PEN,1085CAR202586,1085,Basic 21 Perú,ambos,"Este bolso tote de la reconocida marca David Jones combina a la perfección un diseño profesional con detalles de tendencia. Su estructura rectangular y firme lo convierte en el compañero ideal para la oficina, la universidad o tus viajes de fin de semana, ofreciendo un aire de sofisticación inmediata a cualquier conjunto.",,,Negro (3299),Standar,https://euchelperu.com/images/productos/17759427946967437545939.jpg,https://euchelperu.com/producto.php?id=1085,2026-09-18T04:10:30Z
1086,POLO RUGBY HILO,Tops,3,49.0,,PEN,10860PÑ,1086,Basic 21 Perú,ambos,"¡Este polo de punto a rayas es una pieza versátil y moderna que no puede faltar en tu armario! Su diseño clásico y sus colores vibrantes lo hacen perfecto para un look casual y fresco. El tejido de punto es suave y cómodo, ideal para los días calurosos. Combínalo con tus jeans favoritos para un estilo relajado o con una falda para un toque más sofisticado. ¡No te quedes sin el tuyo!",,,CELESTE (3303) | AZUL (3304) | Vino (3305) | Beige (3306),Standar,https://euchelperu.com/images/productos/17759444041416417661044.jpg | https://euchelperu.com/images/productos/177594474025653623434662.png | https://euchelperu.com/images/productos/17759450350304013015411.jpg | https://euchelperu.com/images/productos/17759452285658225113772.jpg,https://euchelperu.com/producto.php?id=1086,2026-09-18T04:11:07Z
1087,TOP CALU,Tops,3,49.0,,PEN,1087132QWS,1087,Basic 21 Perú,ambos,"Este crop top de manga larga es la prenda que transformará tus outfits de temporada. Con un patrón de rayas en tonos neutros (negro, beige y blanco), su diseño frontal ofrece una estética clásica y sofisticada, mientras que sus mangas acampanadas añaden un movimiento fluido y moderno.",,,CAFE (3307),Standar,https://euchelperu.com/images/productos/177594625815596361237703.jpg,https://euchelperu.com/producto.php?id=1087,2026-09-18T04:11:10Z
1088,TANK TOP ENCAJE,Tops,3,45.0,,PEN,10882WSSF1,1088,Basic 21 Perú,ambos,Esta delicada camiseta de tirantes con detalles de encaje es la prenda perfecta para cualquier ocasión. Su diseño simple pero elegante la convierte en una pieza versátil que puedes combinar con jeans para un look casual o con una falda para un evento más formal. El suave tejido y el ajuste cómodo la hacen ideal para el uso diario,,,Amarillo (3309) | Marrón (3310) | Vino (3311) | Negro (3686),Standar,https://euchelperu.com/images/productos/17759474478347507673680.jpg | https://euchelperu.com/images/productos/177594758857420829777717.jpg | https://euchelperu.com/images/productos/177594778607827913722379.jpg | https://euchelperu.com/images/productos/178232745535027432821570.jpg,https://euchelperu.com/producto.php?id=1088,2026-09-18T04:11:46Z
1089,CHALECO CAMISERO,Tops,3,59.0,,PEN,108944QASWDFVG,1089,Basic 21 Perú,ambos,"Eleva tu estilo casual con esta pieza atemporal y elegante. Este polo tejido sin mangas es la definición de la elegancia sin esfuerzo. Confeccionado en un suave tejido de punto color marfil, destaca por sus refinados ribetes negros que definen su estructura y crean un contraste sofisticado. Su diseño tipo chaleco abotonado te permite llevarlo solo para un look minimalista o sobre una camisa para un estilo 'preppy' y capas.",,,Blanco (3312) | Negro (3313) | CREMA (3314),Standar,https://euchelperu.com/images/productos/1775948489395948348462.jpg | https://euchelperu.com/images/productos/177594928044223862277208.jpg | https://euchelperu.com/images/productos/17759494797529147199615.jpg,https://euchelperu.com/producto.php?id=1089,2026-09-18T04:13:21Z
1090,FALDA SHORT BICHOTA,Faldas,7,50.0,,PEN,1090FAL69701,1090,Basic 21 Perú,ambos,"Esta falda mini es una prenda esencial para tu guardarropa. Su diseño atemporal te permite crear looks para cualquier ocasión, desde un día de oficina hasta una noche de fiesta.",,,Negro (3315),Standar,https://euchelperu.com/images/productos/177595065007265766526262.jpg,https://euchelperu.com/producto.php?id=1090,2026-09-18T04:13:24Z
1091,POLO RIB ALY,Tops,3,45.0,,PEN,10916YHUJM,1091,Basic 21 Perú,ambos,,,,Beige (3316),Standar,https://euchelperu.com/images/productos/177612576053931196147777.jpg,https://euchelperu.com/producto.php?id=1091,2026-09-18T04:13:27Z
1092,CAMISA OVERSIZE RAYADO,Chaquetas,9,65.0,,PEN,10923ERFGB,1092,Basic 21 Perú,ambos,,,,Celeste (3317),Standar,https://euchelperu.com/images/productos/17761267199546095966947.jpg,https://euchelperu.com/producto.php?id=1092,2026-09-18T04:13:30Z
1093,TOP NAOMI,Tops,3,45.0,,PEN,10934RFVVB,1093,Basic 21 Perú,ambos,"Eleva tu estilo con esta sofisticada y versátil blusa. Confeccionada con un tejido suave y elástico, esta top se adapta cómodamente a tu figura, mientras que su escote boat neck y las mangas cortas le otorgan un aire chic y minimalista.",,,Negro (3331) | Marrón (3332) | Blanco (3333) | Celeste (3334) | Rojo (3335),Standar,https://euchelperu.com/images/productos/177618521193854266495758.jpg | https://euchelperu.com/images/productos/17761853281861141668501.jpg | https://euchelperu.com/images/productos/1776185776424599364682.jpg | https://euchelperu.com/images/productos/17761859371921133133986.jpg | https://euchelperu.com/images/productos/177618610978752716055552.jpg,https://euchelperu.com/producto.php?id=1093,2026-09-18T06:00:50Z
1094,vestido veroll,Vestidos,8,65.0,,PEN,1094VES42413,1094,Basic 21 Perú,ambos,,,,Negro (3336) | beige (3372) | Blanco (3373) | rojo vino (3374) | verde (3375),Standar,https://euchelperu.com/images/productos/177698115009486541757836.jpg | https://euchelperu.com/images/productos/177706858965393162596572.jpg | https://euchelperu.com/images/productos/17770686503958860140242.jpg | https://euchelperu.com/images/productos/177706870225399561642473.jpg | https://euchelperu.com/images/productos/177706876369463707366244.jpg,https://euchelperu.com/producto.php?id=1094,2026-09-18T04:16:08Z
1095,top erika,Tops,3,45.0,,PEN,1095TOP66475,1095,Basic 21 Perú,ambos,,,,Rosado (3337) | rojo vino (3376) | Rojo (3377) | Amarillo (3378) | Celeste (3379) | Blanco (3380) | Negro (3381),Standar,https://euchelperu.com/images/productos/177698125925646782953200.jpg | https://euchelperu.com/images/productos/177706933189810817255917.jpg | https://euchelperu.com/images/productos/177706940213098564010536.jpg | https://euchelperu.com/images/productos/177706944309438857366193.jpg | https://euchelperu.com/images/productos/177706948475329374824318.jpg | https://euchelperu.com/images/productos/177706952165235884514976.jpg | https://euchelperu.com/images/productos/177706955356217868495389.jpg,https://euchelperu.com/producto.php?id=1095,2026-09-18T04:16:41Z
1096,POLO OJAL / M LARGA,Tops,3,49.0,,PEN,1096741LKN,1096,Basic 21 Perú,ambos,,,,Negro (3338) | Marrón (3422) | plomo oscuro (3423) | Azul (3424) | Blanco (3425) | Celeste pastel (3426) | Vino (3427) | plomo claro (3428),Standar,https://euchelperu.com/images/productos/177698138949302539722170.jpg | https://euchelperu.com/images/productos/17773100428671851057053.jpg | https://euchelperu.com/images/productos/177731012494191434517468.jpg | https://euchelperu.com/images/productos/17773103439443075828922.jpg | https://euchelperu.com/images/productos/177731057588175796293999.jpg | https://euchelperu.com/images/productos/177731067574350485028747.jpg | https://euchelperu.com/images/productos/177731074488273391750406.jpg | https://euchelperu.com/images/productos/177731086691491664239797.jpg,https://euchelperu.com/producto.php?id=1096,2026-09-18T04:20:26Z
1097,TOP ROSE / M CORTA,Tops,3,45.0,,PEN,1097TOP61873,1097,Basic 21 Perú,ambos,,,,Marrón (3339) | rosa (3446) | Amarillo (3447) | Blanco (3448) | Vino (3449),Standar,https://euchelperu.com/images/productos/177698214164940753753942.jpg | https://euchelperu.com/images/productos/177759341055835705977367.jpg | https://euchelperu.com/images/productos/177759347088559725728199.jpg | https://euchelperu.com/images/productos/177759350937656659825364.jpg | https://euchelperu.com/images/productos/17775935498230992960428.jpg,https://euchelperu.com/producto.php?id=1097,2026-09-18T04:21:53Z
1098,TOP NILSA,Tops,3,45.0,,PEN,1098TOP295856,1098,Basic 21 Perú,ambos,,,,Beige (3340) | Blanco (3356) | Marrón (3357) | Negro (3358) | Azul (3359) | Guinda (3360) | Gris (3361),Standar,https://euchelperu.com/images/productos/177698352895062126368427.jpg | https://euchelperu.com/images/productos/17770474976285555799033.png | https://euchelperu.com/images/productos/17770475887767144835194.png | https://euchelperu.com/images/productos/17770476773524371891358.png | https://euchelperu.com/images/productos/177705077237164719785169.png | https://euchelperu.com/images/productos/177705098627728753818418.png | https://euchelperu.com/images/productos/177705133101347170620536.png,https://euchelperu.com/producto.php?id=1098,2026-09-18T04:22:27Z
1099,TOP ORI,Tops,3,45.0,,PEN,1099TOP92223,1099,Basic 21 Perú,ambos,,,,Blanco (3341) | Amarillo (3390) | NEGRO (3391) | celeste (3393) | Vino (3394) | ACERO (3395) | verde (3396),Standar,https://euchelperu.com/images/productos/177698416076402354774496.jpg | https://euchelperu.com/images/productos/17771519019472068598624.jpg | https://euchelperu.com/images/productos/177715212311767721452276.jpg | https://euchelperu.com/images/productos/177715234005320359233067.jpg | https://euchelperu.com/images/productos/177715253413012137785520.jpg | https://euchelperu.com/images/productos/17771527021984656815704.jpg | https://euchelperu.com/images/productos/17771542526269594070522.jpg,https://euchelperu.com/producto.php?id=1099,2026-09-18T04:24:52Z
1100,TOP MAYLI,Tops,3,45.0,,PEN,1100TOP31034,1100,Basic 21 Perú,ambos,,,,Guinda (3342) | Negro (3368) | Blanco (3369) | Azul (3370) | Beige (3371),Standar,https://euchelperu.com/images/productos/17769856400856413051133.jpg | https://euchelperu.com/images/productos/177705553014904989361210.png | https://euchelperu.com/images/productos/177705586928143285766389.png | https://euchelperu.com/images/productos/177705619415156285838626.jpg | https://euchelperu.com/images/productos/177705642369531588869692.jpg,https://euchelperu.com/producto.php?id=1100,2026-09-18T04:25:21Z
1101,TOP BELLA /MLARGA,Tops,3,49.0,,PEN,1101TOP36781,1101,Basic 21 Perú,ambos,,,,Blanco (3343) | verde botella (3400) | Negro (3401) | Beige (3402) | Vino (3403) | Marrón (3404),Standar,https://euchelperu.com/images/productos/17769858118665245572676.jpg | https://euchelperu.com/images/productos/17771563312406136231761.jpg | https://euchelperu.com/images/productos/177715651754138227086401.jpg | https://euchelperu.com/images/productos/177715659067393365643714.jpg | https://euchelperu.com/images/productos/177715668719729347068866.jpg | https://euchelperu.com/images/productos/17771567745251647312726.jpg,https://euchelperu.com/producto.php?id=1101,2026-09-18T04:27:03Z
1102,SUPLEX FLARE PANTS,Pantalones,6,55.0,,PEN,1102SUP53656,1102,Basic 21 Perú,categoria,,,,Marrón (3344) | Negro (3414) | ROJO (3416),Standar,https://euchelperu.com/images/productos/177698613645708641868302.jpg | https://euchelperu.com/images/productos/177716057328282314419462.jpg | https://euchelperu.com/images/productos/177716086695884936583026.jpg,https://euchelperu.com/producto.php?id=1102,2026-09-17T20:20:20Z
1103,CHAQUETA BERLIN,Abrigos,2,75.0,,PEN,1103CHA94222,1103,Basic 21 Perú,ambos,,,,Marron (3345) | Rojo (3410) | Negro (3411) | Blanco (3707) | Beige (3708),Standar,https://euchelperu.com/images/productos/177698643849331818139543.jpg | https://euchelperu.com/images/productos/177800376358350716594284.jpg | https://euchelperu.com/images/productos/177800387066393842734014.jpg,https://euchelperu.com/producto.php?id=1103,2026-09-18T04:28:19Z
1105,CARDIGAN EVY,Sweaters,4,59.0,,PEN,1105CAR69945,1105,Basic 21 Perú,ambos,,,,Blanco (3347) | marron (3397) | negro (3398) | vino (3399),Standar,https://euchelperu.com/images/productos/17769886083997933816166.jpg | https://euchelperu.com/images/productos/17771553829812790544883.jpg | https://euchelperu.com/images/productos/177715552852599177422434.jpg | https://euchelperu.com/images/productos/177715563314670887615566.jpg,https://euchelperu.com/producto.php?id=1105,2026-09-18T04:30:10Z
1106,TOP COPA ARTEMISA,Tops,3,45.0,,PEN,1106TOP48259,1106,Basic 21 Perú,ambos,,,,Amarillo (3348) | Blanco (3382) | Rojo (3383) | Negro (3385) | Azul (3386) | Marrón (3387) | Vino (3670),Standar,https://euchelperu.com/images/productos/17769889516519178043186.jpg | https://euchelperu.com/images/productos/177740434321832176411946.png | https://euchelperu.com/images/productos/177740549822158877655045.png | https://euchelperu.com/images/productos/177748552398624790312172.jpg | https://euchelperu.com/images/productos/17774856185261883033275.jpg | https://euchelperu.com/images/productos/178232480686826866027339.jpg | https://euchelperu.com/images/productos/178232496679447321436431.jpg,https://euchelperu.com/producto.php?id=1106,2026-09-18T04:31:43Z
1107,CASACA FELPA,Chaquetas,9,69.0,,PEN,1107CAS92597,1107,Basic 21 Perú,ambos,,,,Marrón (3349) | Blanco (3412) | Negro (3413),Standar,https://euchelperu.com/images/productos/17769893636877676218348.jpg | https://euchelperu.com/images/productos/177716002098679938348090.jpg | https://euchelperu.com/images/productos/177716007845834556739089.jpg,https://euchelperu.com/producto.php?id=1107,2026-09-18T04:32:04Z
1108,PANTAON ZENIT,Pantalones,6,95.0,,PEN,1108PAN11575,1108,Basic 21 Perú,ambos,,,,Negro (3350),Standar,https://euchelperu.com/images/productos/177699012162873935664570.jpg,https://euchelperu.com/producto.php?id=1108,2026-09-18T04:32:19Z
1109,BAGGY SARA,Pantalones,6,95.0,,PEN,1109BCS33,1109,Basic 21 Perú,ambos,,,,Azul (3351),Standar,https://euchelperu.com/images/productos/177699038808466846431473.jpg,https://euchelperu.com/producto.php?id=1109,2026-09-18T04:32:46Z
1110,FLARE SARA,Pantalones,6,95.0,,PEN,1110FLA83993,1110,Basic 21 Perú,ambos,,,,Azul (3352),Standar,https://euchelperu.com/images/productos/1776990481277213198941.jpg,https://euchelperu.com/producto.php?id=1110,2026-09-18T04:33:13Z
1111,OFF SHOULDER LINES HILO,Sweaters,4,59.0,,PEN,1111OFF19965,1111,Basic 21 Perú,ambos,,,,Marrón (3353) | Vino con rayas blancas (3388) | Azul con rayas blancas (3389),Standar,https://euchelperu.com/images/productos/17769906786977495387404.jpg | https://euchelperu.com/images/productos/177713268517914283815565.jpg | https://euchelperu.com/images/productos/177715135352304385432985.jpg,https://euchelperu.com/producto.php?id=1111,2026-09-18T04:34:22Z
1112,TOP SUPLEX CORAL,Abrigos,2,45.0,,PEN,1112TOP12621,1112,Basic 21 Perú,ambos,,,,Acero (3354) | Rojo (3362) | Blanco (3363) | Negro (3365) | Lila (3366) | Marrón (3367),Standar,https://euchelperu.com/images/productos/177699136042280936750746.jpg | https://euchelperu.com/images/productos/17770537511600942012699.png | https://euchelperu.com/images/productos/177705385397685203755153.png | https://euchelperu.com/images/productos/177705395444379455426986.png | https://euchelperu.com/images/productos/177705445042786906661582.png | https://euchelperu.com/images/productos/177705475008622621820572.jpg,https://euchelperu.com/producto.php?id=1112,2026-09-18T04:35:28Z
1113,FLARE SEMI CADERA,Pantalones,6,95.0,,PEN,1113FLA20233,1113,Basic 21 Perú,ambos,,,,AZUL OXIDO (3355),Standar,https://euchelperu.com/images/productos/177699158275997670865862.jpg,https://euchelperu.com/producto.php?id=1113,2026-09-18T04:35:43Z
1115,CARDIGAN BASIC,Sweaters,4,59.0,,PEN,1115Y1T7U9I4,1115,Basic 21 Perú,ambos,,,,Beige (3436) | Amarillo (3437) | Marrón (3438) | Rojo (3439) | Plomo (3440),Standar,https://euchelperu.com/images/productos/177733902695086635868408.jpg | https://euchelperu.com/images/productos/177739472677729337677129.png | https://euchelperu.com/images/productos/1777394851872247374036.png | https://euchelperu.com/images/productos/177739522643779277294062.jpg | https://euchelperu.com/images/productos/177739548237039317068776.png,https://euchelperu.com/producto.php?id=1115,2026-09-18T04:36:45Z
1116,TOP JACKY,Tops,3,49.0,,PEN,1116ASDX,1116,Basic 21 Perú,barrido,El equilibrio perfecto entre comodidad y estilo. Este top de manga larga destaca por su cuello amplio que añade volumen visual en los puntos clave. Es la alternativa ideal para esta temporada.,,,Negro (3442) | Marrón (3443) | Azul (3444) | Guinda (3445),Standar,,https://euchelperu.com/producto.php?id=1116,2026-09-18T04:37:34Z
1118,CASACA DUP,Chaquetas,9,,,PEN,1118,1118,Basic 21 Perú,barrido,"Eleva tu look al instante con esta pieza clave de la temporada. Nuestra chaqueta en un profundo tono chocolate es la mezcla perfecta entre lo clásico y lo moderno. Su diseño cropped estiliza la figura, mientras que el detalle del cinturón con hebilla en la base aporta ese toque lindo que tanto nos gusta.",,,Único (None),,,https://euchelperu.com/producto.php?id=1118,2026-09-18T04:37:34Z
1120,CARDIGAN CAMISERO ISABELLE,Abrigos,2,,,PEN,1120,1120,Basic 21 Perú,barrido,Eleva cualquier look con este cárdigan. Un diseño clásico que nunca pasa de moda. ¡Tu nuevo básico favorito!,,,Único (None),,,https://euchelperu.com/producto.php?id=1120,2026-09-18T04:37:34Z
1122,TOP ASIMÉTRICO MAGNOLIA,Tops,3,,,PEN,1122,1122,Basic 21 Perú,barrido,"Eleva tu básico al siguiente nivel con este top de manga larga asimétrico. El detalle ""cut-out"" en el hombro es el toque moderno y sofisticado que necesitas, y combínalo con tus jeans favoritos!!!",,,Único (None),,,https://euchelperu.com/producto.php?id=1122,2026-09-18T04:37:34Z
1123,SWEATER TORTUGA HILO,Abrigos,2,,,PEN,1123,1123,Basic 21 Perú,barrido,"Destaca por su tejido de punto acanalado vertical que estiliza la figura, cuello de tortuga protector y una silueta corta moderna con hombros ligeramente caídos.",,,verde oscuro (3640),,https://euchelperu.com/images/productos/178215093668542411383225.jpg,https://euchelperu.com/producto.php?id=1123,2026-09-18T04:37:49Z
1125,CASACA BEAR,Abrigos,2,,,PEN,1125,1125,Basic 21 Perú,barrido,"Nuestra chaqueta favorita en textura peluche con ribetes negros en contraste y hebillas metálicas, es la mezcla perfecta entre lo tierno y lo edgy.",,,Único (None),,,https://euchelperu.com/producto.php?id=1125,2026-09-18T04:37:49Z
1127,STRAIGHT JEANS BLUE,Pantalones,6,,,PEN,1127,1127,Basic 21 Perú,barrido,"Eleva tu básico diario con este jean de corte impecable. Su diseño de pierna ancha y fluida en azul oscuro ofrece una elegancia sutil, ideal tanto para la oficina como para una salida especial.",,,Único (None),,,https://euchelperu.com/producto.php?id=1127,2026-09-18T04:37:49Z
1128,PANTAON BONAGE,Pantalones,6,,,PEN,1128,1128,Basic 21 Perú,barrido,"Eleva tu estilo diario con nuestros jean Bonage, es la base ideal para cualquier outfit, desde un top básico hasta una chaqueta estructurada.",,,Único (None),,,https://euchelperu.com/producto.php?id=1128,2026-09-18T04:37:49Z
1129,FALDA SHORT DENIM CADERA,Faldas,7,,,PEN,1129,1129,Basic 21 Perú,barrido,"Vuelve la tendencia a la cadera con esta falda short de denim. Con un lavado vintage desgastado y un corte mini súper favorecedor, es la prenda clave para un look auténtico.",,,Único (None),,,https://euchelperu.com/producto.php?id=1129,2026-09-18T04:37:49Z
1130,TOP ARI ASIMÉTRICO,Tops,3,,,PEN,1130,1130,Basic 21 Perú,barrido,Sofisticación en un solo hombro. Este top destaca por su diseño asimétrico y un drapeado frontal que realza tu silueta. El básico elevado que necesitas esta temporada.,,,Único (None),,,https://euchelperu.com/producto.php?id=1130,2026-09-18T04:37:49Z
1132,TOP GLORIA,Tops,3,,,PEN,1132,1132,Basic 21 Perú,barrido,Eleva tu look con este top de manga larga. Su sofisticado escote asimétrico y el detalle de fruncido en la cintura crean una silueta moderna y ultra favorecedora. ¡Un básico con mucha personalidad!,,,Único (None),,,https://euchelperu.com/producto.php?id=1132,2026-09-18T04:37:49Z
1133,TOP OFF SHOULDER MABEL,Tops,3,,,PEN,1133,1133,Basic 21 Perú,barrido,La elegancia de los hombros descubiertos combinada con un diseño de mangas ultra texturizadas. Este top destaca por su drapeado frontal y mangas acampanadas que añaden un movimiento único. El balance perfecto entre romanticismo y modernidad.,,,Único (None),,,https://euchelperu.com/producto.php?id=1133,2026-09-18T04:37:49Z
1139,TOP OLIVIA,Tops,3,,,PEN,1139,1139,Basic 21 Perú,barrido,"Eleva tus outfits con este top de manga larga en un elegante. Su escote en V y el volante peplum crean una figura sofisticada, mientras que el tejido texturizado añade un detalle diferente y moderno. ¡Cómodo y favorecedor para cualquier ocasión!",,,Único (None),,,https://euchelperu.com/producto.php?id=1139,2026-09-18T04:37:50Z
1143,MINI VESTIDO ZENDAYA,Vestidos,8,75.0,,PEN,1143MIN88974,1143,Basic 21 Perú,ambos,,,,Negro c/ puntos rojos (3451),Standar,https://euchelperu.com/images/productos/177819125174412181916065.jpg,https://euchelperu.com/producto.php?id=1143,2026-09-18T04:37:53Z
1144,VESTIDO JOSEFA,Vestidos,8,79.0,,PEN,1144VES86562,1144,Basic 21 Perú,ambos,,,,Marrón (3452),Standar,https://euchelperu.com/images/productos/17781916858897962450325.jpg,https://euchelperu.com/producto.php?id=1144,2026-09-18T04:38:08Z
1145,VESTIDO YOUL,Vestidos,8,69.0,,PEN,1145VES33385,1145,Basic 21 Perú,ambos,,,,Azul (3453),Standar,https://euchelperu.com/images/productos/17781922242413739981963.jpg,https://euchelperu.com/producto.php?id=1145,2026-09-18T04:38:23Z
1146,SIRENA DRESS CORRUGADO,Vestidos,8,79.0,,PEN,1146SIR12637,1146,Basic 21 Perú,ambos,,,,Negro (3454),Standar,https://euchelperu.com/images/productos/177819237461005440338815.jpg,https://euchelperu.com/producto.php?id=1146,2026-09-18T04:38:38Z
1147,vestido tortuga aro,Vestidos,8,75.0,,PEN,1147G9H3F1D6,1147,Basic 21 Perú,ambos,,,,vino (3455),Standar,https://euchelperu.com/images/productos/177819272312342247296604.jpg,https://euchelperu.com/producto.php?id=1147,2026-09-18T04:39:05Z
1148,VESTIDO LUA SIRENA,Vestidos,8,79.0,,PEN,1148VES34773,1148,Basic 21 Perú,ambos,,,,Marrón (3456),Standar,https://euchelperu.com/images/productos/17781929045668433058564.jpg,https://euchelperu.com/producto.php?id=1148,2026-09-18T04:39:19Z
1149,Bolso Aura Moka,Carteras,12,85.0,,PEN,1149CAR15222,1149,Basic 21 Perú,ambos,,,,Marrón (3457),Standar,https://euchelperu.com/images/productos/177819396828470616410156.jpg,https://euchelperu.com/producto.php?id=1149,2026-09-18T04:39:23Z
1150,Canela Chic,Carteras,12,69.0,,PEN,1150cart20129,1150,Basic 21 Perú,ambos,,,,Marrón (3458),Standar,https://euchelperu.com/images/productos/177819414537911690589297.jpg,https://euchelperu.com/producto.php?id=1150,2026-09-18T04:39:26Z
1151,Duna Elegance,Carteras,12,79.0,,PEN,1151car29082,1151,Basic 21 Perú,ambos,,,,Marrón (3459),Standar,https://euchelperu.com/images/productos/177819425373089481622665.jpg,https://euchelperu.com/producto.php?id=1151,2026-09-18T04:39:29Z
1152,Miel Toscana,Carteras,12,89.0,,PEN,1152car02393,1152,Basic 21 Perú,ambos,,,,Marrón (3460),Standar,https://euchelperu.com/images/productos/17781944253659069444574.jpg,https://euchelperu.com/producto.php?id=1152,2026-09-18T04:39:32Z
1153,Ámbar Elegance,Carteras,12,79.0,,PEN,1153cart54578,1153,Basic 21 Perú,ambos,,,,Gris c/ negro (3461),Standar,https://euchelperu.com/images/productos/177819530156619324442900.jpg,https://euchelperu.com/producto.php?id=1153,2026-09-18T04:39:35Z
1154,Aura Chocolate:,Carteras,12,75.0,,PEN,1154cart08780,1154,Basic 21 Perú,ambos,,,,Marrón (3462),Standar,https://euchelperu.com/images/productos/177819582266558683887682.jpg,https://euchelperu.com/producto.php?id=1154,2026-09-18T04:39:38Z
1155,Arena & Miel,Carteras,12,29.0,,PEN,1155car43467,1155,Basic 21 Perú,ambos,,,,Marrón (3463),Standar,https://euchelperu.com/images/productos/177819596429235478145100.jpg,https://euchelperu.com/producto.php?id=1155,2026-09-18T04:39:41Z
1156,Merlot Velve,Carteras,12,65.0,,PEN,1156cart08890,1156,Basic 21 Perú,ambos,,,,Vino (3464),Standar,https://euchelperu.com/images/productos/17781962088518693244022.jpg,https://euchelperu.com/producto.php?id=1156,2026-09-18T04:39:56Z
1157,Lía Desert,Carteras,12,79.0,,PEN,1157cart25489,1157,Basic 21 Perú,ambos,,,,Beige (3465),Standar,https://euchelperu.com/images/productos/177819659891727650868091.jpg,https://euchelperu.com/producto.php?id=1157,2026-09-18T04:40:11Z
1158,Selene Brown:,Carteras,12,59.0,,PEN,1158cart08907,1158,Basic 21 Perú,ambos,,,,Marrón (3466),Standar,https://euchelperu.com/images/productos/177819672069956487269410.jpg,https://euchelperu.com/producto.php?id=1158,2026-09-18T04:40:26Z
1159,Viena Dual,Carteras,12,70.0,,PEN,1159car55478,1159,Basic 21 Perú,ambos,,,,caramelo (3467),Standar,https://euchelperu.com/images/productos/17781968686837635307337.jpg,https://euchelperu.com/producto.php?id=1159,2026-09-18T04:41:17Z
1160,Petra Bag,Carteras,12,79.0,,PEN,1160car56388,1160,Basic 21 Perú,ambos,,,,Marrón (3468),Standar,https://euchelperu.com/images/productos/177819698709413517230692.jpg,https://euchelperu.com/producto.php?id=1160,2026-09-18T04:41:20Z
1161,JERSEY RAYAS,Tops,3,55.0,,PEN,1161JER66252,1161,Basic 21 Perú,ambos,,,,Negro c/ rayas blancas (3469) | Rojo c/ rayas blancas (3693),Standar,https://euchelperu.com/images/productos/177819750811300813669155.jpg | https://euchelperu.com/images/productos/178232919097814323584178.png,https://euchelperu.com/producto.php?id=1161,2026-09-18T04:41:26Z
1163,FALDA LOW RAYA,Faldas,7,65.0,,PEN,1163FAL42306,1163,Basic 21 Perú,ambos,,,,Marron c/ rayas blancas (3470) | Azul c/ rayas blancas (3631),Standar,https://euchelperu.com/images/productos/177819860891846980691570.jpg | https://euchelperu.com/images/productos/178215002833447743276971.jpg,https://euchelperu.com/producto.php?id=1163,2026-09-18T04:41:32Z
1164,CASACA TOUN,Chaquetas,9,145.0,,PEN,1164CAS28724,1164,Basic 21 Perú,ambos,,,,Negro (3471) | Marrón (3706),Standar,https://euchelperu.com/images/productos/177819941759589450654586.jpg | https://euchelperu.com/images/productos/17824127073774046493492.jpg,https://euchelperu.com/producto.php?id=1164,2026-09-18T04:41:38Z
1165,TOP OLIVIA,Tops,3,49.0,,PEN,1165TOP31179,1165,Basic 21 Perú,ambos,,,,rojo (3472),Standar,https://euchelperu.com/images/productos/177820005473632320581366.jpg,https://euchelperu.com/producto.php?id=1165,2026-09-18T04:42:05Z
1166,pantalon onelia,Pantalones,6,39.0,,PEN,1166PAN45500,1166,Basic 21 Perú,ambos,,,,Rojo (3473) | Beige (3702) | Negro (3703) | Marrón (3704),Standar,https://euchelperu.com/images/productos/1778200474395259083904.jpg | https://euchelperu.com/images/productos/178241178014300398446596.jpg | https://euchelperu.com/images/productos/17824118403983669337758.jpg | https://euchelperu.com/images/productos/17824119296542403361205.jpg,https://euchelperu.com/producto.php?id=1166,2026-09-18T04:43:31Z
1167,FALDA SHORT DENIM CADERA,Faldas,7,89.0,,PEN,1167FAL73079,1167,Basic 21 Perú,ambos,Esta minifalda de mezclilla es la fusión perfecta entre la nostalgia de los años 2000 y las tendencias urbanas actuales. Su efecto desgastado y tintado le da ese codiciado aspecto vintage vivido que eleva cualquier atuendo básico al instante.,,,Azul (3474),Standar,https://euchelperu.com/images/productos/177820097762519715186372.jpg,https://euchelperu.com/producto.php?id=1167,2026-09-18T04:44:27Z
1168,CASACA BEAR,Chaquetas,9,99.0,,PEN,1168CAS32306,1168,Basic 21 Perú,ambos,,,,Blanco (3475),Standar,https://euchelperu.com/images/productos/177820259848732369034030.jpg,https://euchelperu.com/producto.php?id=1168,2026-09-18T04:45:10Z
1169,CASACA DUP,Chaquetas,9,95.0,,PEN,1169CAS64941,1169,Basic 21 Perú,ambos,,,,Marrón (3476) | Vino (3621),Standar,https://euchelperu.com/images/productos/17782028951917546364422.jpg | https://euchelperu.com/images/productos/17818233917921038906251.jpg,https://euchelperu.com/producto.php?id=1169,2026-09-18T04:45:16Z
1170,VESTIDO DALIBEE,Vestidos,8,79.0,,PEN,1170VES35978,1170,Basic 21 Perú,ambos,"Su diseño destaca por un favorecedor escote en V y finos tirantes ajustables que estilizan la zona del cuello y los hombros. El toque maestro se encuentra en el juego de transparencias de la falda: un forro corto interior ofrece cobertura donde la necesitas, dejando que el encaje se extienda hasta los pies con una caída fluida que aporta movimiento y un sutil toque de sensualidad.",,,Marrón (3477),Standar,https://euchelperu.com/images/productos/177922306765585570529830.jpg,https://euchelperu.com/producto.php?id=1170,2026-09-18T04:45:19Z
1172,TOP DAMARYS,Tops,3,39.0,,PEN,1172Dbeb9,1172,Basic 21 Perú,ambos,,,,Vino (3479),Standar,https://euchelperu.com/images/productos/177924210389699161968390.jpg,https://euchelperu.com/producto.php?id=1172,2026-09-18T04:45:46Z
1173,PANTALON MONET,Pantalones,6,85.0,,PEN,1173A5EDS,1173,Basic 21 Perú,ambos,,,,Gris (3480) | Beige (3642) | Marrón (3643),S-M-L,https://euchelperu.com/images/productos/177924258235067817791952.jpg | https://euchelperu.com/images/productos/178215111789604926845040.jpg | https://euchelperu.com/images/productos/178215114762134394232403.jpg,https://euchelperu.com/producto.php?id=1173,2026-09-18T04:46:07Z
1175,SWEATER KALU,Sweaters,4,55.0,,PEN,1175KALU123,1175,Basic 21 Perú,ambos,,,,Beige (3482) | Negro (3494) | Marrón (3495),Standar,https://euchelperu.com/images/productos/177924393754413204259694.jpg | https://euchelperu.com/images/productos/177967976294700464563511.jpg | https://euchelperu.com/images/productos/177968010032941108049289.jpg,https://euchelperu.com/producto.php?id=1175,2026-09-18T04:47:30Z
1176,PANTALON KALU,Pantalones,6,55.0,,PEN,1176KALUPAN1,1176,Basic 21 Perú,ambos,,,,Beige (3483) | Negro (3615) | Marrón (3616),Standar,https://euchelperu.com/images/productos/17792440702634812850137.jpg | https://euchelperu.com/images/productos/17818211030657076337377.jpg | https://euchelperu.com/images/productos/178182114073565640143527.jpg,https://euchelperu.com/producto.php?id=1176,2026-09-18T04:48:27Z
1177,CASACA SUEDE,Chaquetas,9,99.0,,PEN,1177SUEDE32,1177,Basic 21 Perú,ambos,,,,Marrón (3484) | Crema (3496) | Negro (3613) | Verde Pistacho (3614),Standar,https://euchelperu.com/images/productos/177924423093868222595661.jpg | https://euchelperu.com/images/productos/1779680290034187585263.jpg | https://euchelperu.com/images/productos/178182094686893900099804.jpg | https://euchelperu.com/images/productos/178182096791367679335675.jpg,https://euchelperu.com/producto.php?id=1177,2026-09-18T04:49:51Z
1178,TOP REVEL,Tops,3,45.0,,PEN,1178TOP24727,1178,Basic 21 Perú,ambos,Top elegante de hombros descubiertos con detalle fruncido que realza la silueta y aporta un estilo sofisticado y femenino. Su diseño moderno con aplicaciones doradas en los tirantes lo convierte en la prenda perfecta para lucir chic y cómoda en cualquier ocasión.,,,Marrón (3485) | Vino (3490) | Blanco (3491) | Negro (3492) | Azul acero (3700),Standar,https://euchelperu.com/images/productos/177924548358646559934863.jpg | https://euchelperu.com/images/productos/178182059856723588654674.jpg | https://euchelperu.com/images/productos/17818206788265812472548.jpg | https://euchelperu.com/images/productos/178182079074393107045809.jpg | https://euchelperu.com/images/productos/178241101956304810488759.jpg,https://euchelperu.com/producto.php?id=1178,2026-09-18T04:50:54Z
1179,MANGUITA,Abrigos,2,49.0,,PEN,1179MAN51869,1179,Basic 21 Perú,ambos,"Capita tejida de diseño moderno y femenino, perfecta para complementar tus outfits con un toque elegante y delicado. Su tejido acanalado y corte ajustado brindan comodidad, estilo y versatilidad para cualquier ocasión.",,,Blanco (3486) | Marrón (3487) | Crema (3488) | Negro (3489),Standar,https://euchelperu.com/images/productos/177924558372787600514363.jpg | https://euchelperu.com/images/productos/177966391518704255772573.jpg | https://euchelperu.com/images/productos/177966519059551492020187.jpg | https://euchelperu.com/images/productos/177966536535722359788342.jpg,https://euchelperu.com/producto.php?id=1179,2026-09-18T04:51:18Z
1180,abrigo piel,Abrigos,2,120.0,,PEN,1180ABR84575,1180,Basic 21 Perú,ambos,,,,Blanco (3497),Standar,https://euchelperu.com/images/productos/178035967953466229524401.jpg,https://euchelperu.com/producto.php?id=1180,2026-09-18T04:51:45Z
1182,blusa satin,Tops,3,59.0,,PEN,1182BLU98754,1182,Basic 21 Perú,ambos,"Eleva tu estilo con esta sofisticada camisa corta. Confeccionada en un lujoso satén blanco, esta prenda reinventa un clásico. Su silueta cropped aporta un toque audaz y moderno, perfecto para lucir con pantalones de tiro alto, mientras que los imponentes puños anchos estilo francés (diseñados para gemelos) añaden una dosis de elegancia atemporal. Una pieza versátil que transiciona sin esfuerzo de una reunión de trabajo a una cena elegante",,,Blanco (3498) | Rojo (3514),Standar,https://euchelperu.com/images/productos/17803603032978971292777.jpg | https://euchelperu.com/images/productos/178054353662939269470350.png,https://euchelperu.com/producto.php?id=1182,2026-09-18T04:52:03Z
1183,top aylin encaje,Tops,3,49.0,,PEN,1183TOP70486,1183,Basic 21 Perú,ambos,"Añade un toque de dulzura y sensualidad a tu clóset con este polo de manga larga en un delicado tono rosa bebé. Su diseño destaca por un pronunciado escote en V realzado con un sutil detalle de encaje floral que enmarca el pecho con total elegancia. La banda bajo el busto ayuda a definir la silueta de forma impecable, haciéndolo la prenda ideal para un look femenino, fresco y en total tendencia.",,,Rosado (3499) | Marrón (3516) | Blanco (3517) | Negro (3518) | Azul (3519) | Rojo (3520) | Vino (3701),Standar,https://euchelperu.com/images/productos/178036059605014240442203.jpg | https://euchelperu.com/images/productos/1780542961165779839932.png | https://euchelperu.com/images/productos/17805430164331863728995.png | https://euchelperu.com/images/productos/178054308663989893896020.png | https://euchelperu.com/images/productos/178054314091631364046189.png | https://euchelperu.com/images/productos/178054331242473127873885.png | https://euchelperu.com/images/productos/178241119605744985437884.jpg,https://euchelperu.com/producto.php?id=1183,2026-09-18T04:54:24Z
1184,vestido clock,Vestidos,8,69.0,,PEN,1184VES77489,1184,Basic 21 Perú,ambos,"La sofisticación hecha prenda. Este vestido largo en un cautivador tono azul acero combina minimalismo y alta costura en un solo diseño. Destaca por su elegante cuello barco y unas fluidas mangas estilo murciélago que aportan un movimiento espectacular. Su corte entallado con pretina alta define la cintura de forma impecable, cayendo en una falda estilizada que estiliza la silueta por completo. Una opción perfecta para eventos, cenas de gala o un cóctel sofisticado.",,,Azul acero (3500) | Verde olivo (3521) | Negro (3522) | Marrón (3523),Standar,https://euchelperu.com/images/productos/178036098538836376662440.jpg | https://euchelperu.com/images/productos/178054265232883812680102.jpg | https://euchelperu.com/images/productos/178054269571247837725413.jpg | https://euchelperu.com/images/productos/178054271999249485277977.jpg,https://euchelperu.com/producto.php?id=1184,2026-09-18T04:54:48Z
1185,vestido isis,Vestidos,8,59.0,,PEN,1185VES38448,1185,Basic 21 Perú,ambos,"Encuentra el equilibrio perfecto entre lo tierno y lo chic. Este vestido corto en un clásico azul marino destaca por su favorecedor escote cuadrado y un delicado lazo frontal que le da un toque ultra femenino. Las mangas largas y la falda con un sutil vuelo en corte ""A"" crean una silueta encantadora y súper cómoda. Confeccionado en un tejido con textura suave, es la prenda ideal para lucir un look look coqueto y relajado en cualquier temporada.",,,azul (3501) | plomo (3524) | negro (3526) | Beige (3558),Standar,https://euchelperu.com/images/productos/178036226382463321377759.jpg | https://euchelperu.com/images/productos/178054226311861576978259.jpg | https://euchelperu.com/images/productos/178054239158496349677885.jpg | https://euchelperu.com/images/productos/178054247606295415580356.jpg,https://euchelperu.com/producto.php?id=1185,2026-09-18T04:55:49Z
1186,cardigan gold,Abrigos,2,59.0,,PEN,1186CAR67361,1186,Basic 21 Perú,ambos,"Una pieza clásica que eleva cualquier outfit al instante. Este cárdigan de punto grueso en un profundo azul marino destaca por sus sofisticados botones dorados con relieve que le aportan un aire de alta costura. Su silueta ligeramente texturizada cuenta con un cuello redondo cerrado y acabados acanalados en puños y pretina, logrando un ajuste impecable. Es la prenda perfecta para abrigarte con elegancia y estilo en los días frescos.",,,azul (3502) | rojo (3527) | marrón (3528) | negro (3529) | Beige (3668),Standar | standar,https://euchelperu.com/images/productos/178036248956850863745080.jpg | https://euchelperu.com/images/productos/178054202809250789411235.jpg | https://euchelperu.com/images/productos/178054206711647637332113.jpg | https://euchelperu.com/images/productos/178054209262620517686113.jpg | https://euchelperu.com/images/productos/178232402749275305456294.jpg,https://euchelperu.com/producto.php?id=1186,2026-09-18T04:57:18Z
1187,CORSET RAYAS,Tops,3,59.0,,PEN,1187COR25846,1187,Basic 21 Perú,ambos,"Eleva tu propuesta de estilo con este corset de inspiración sastrera. Confeccionado en un tejido con un delicado patrón de espiga en tono marrón profundo, esta prenda combina la elegancia clásica con una silueta moderna y audaz. Su diseño cuenta con copas preformadas y varillas laterales que definen la cintura, terminando en un corte en punta que estiliza visualmente el torso. Una pieza clave para lograr un look de alto impacto y gran sofisticación.",,,Marrón (3503) | plomo claro (3555) | plomo oscuro (3556) | Beige (3557),Standar,https://euchelperu.com/images/productos/178036395465095956550832.jpg | https://euchelperu.com/images/productos/178054161812942526056950.jpg | https://euchelperu.com/images/productos/178054166587512264293333.jpg | https://euchelperu.com/images/productos/1780541686963513876701.jpg,https://euchelperu.com/producto.php?id=1187,2026-09-18T04:57:54Z
1188,VESTIDO VIVI,Vestidos,8,85.0,,PEN,1188VES21461,1188,Basic 21 Perú,ambos,"Eleva tu estilo con esta pieza sofisticada y cautivadora. Este vestido largo en un profundo tono borgoña (vino) es la definición de la elegancia moderna. Diseñado para abrazar la silueta con gracia, combina texturas delicadas con un corte que favorece la figura, ideal para eventos de noche, cenas de gala o celebraciones especiales.",,,Vino (3504) | Rojo (3530) | Marrón (3531) | Negro (3532),Standard | Standar,https://euchelperu.com/images/productos/178043661238270968251137.jpg | https://euchelperu.com/images/productos/178054182515399616548155.jpg | https://euchelperu.com/images/productos/178054189304649898828210.jpg | https://euchelperu.com/images/productos/17805419295922687569615.jpg,https://euchelperu.com/producto.php?id=1188,2026-09-18T04:58:19Z
1189,VESTIDO MILU,Vestidos,8,69.0,,PEN,1189VES80221,1189,Basic 21 Perú,ambos,Luce sofisticada en tu próximo evento especial con este impresionante vestido largo color verde esmeralda. Este elegante vestido hasta el suelo está diseñado para realzar tu figura y crear una silueta impactante.,,,Verde esmeralda (3505) | Negro (3552) | Marrón (3553) | Azul acero (3554),Standar,https://euchelperu.com/images/productos/17804370938258919502725.jpg | https://euchelperu.com/images/productos/178054136442120289796640.jpg | https://euchelperu.com/images/productos/178054140998051877151032.jpg | https://euchelperu.com/images/productos/17805414337972184527392.jpg,https://euchelperu.com/producto.php?id=1189,2026-09-18T05:00:03Z
1190,VESTIDO ARIZ,Vestidos,8,60.0,,PEN,1190VES77124,1190,Basic 21 Perú,ambos,"Atrévete a destacar con una pieza que redefine la elegancia moderna. Este vestido mini en un sofisticado tono café chocolate combina un diseño arquitectónico con detalles de lujo, ideal para una noche de cóctel, una fiesta exclusiva o una cita inolvidable. Deja que el detalle dorado sea el protagonista. Combínalo con sandalias de tacón minimalistas en color oro y un peinado recogido para lucir el diseño del cuello al máximo.",,,Marrón (3506) | Negro (3547) | Blanco (3548) | Vino (3550) | verde oscuro (3551),Standar,https://euchelperu.com/images/productos/178043778514335791046799.jpg | https://euchelperu.com/images/productos/17805409819146556227859.jpg | https://euchelperu.com/images/productos/178054111761763810315056.jpg | https://euchelperu.com/images/productos/178054114557124958233756.jpg | https://euchelperu.com/images/productos/17805411972899314199613.jpg,https://euchelperu.com/producto.php?id=1190,2026-09-18T05:03:17Z
1191,VESTIDO CASSIE,Vestidos,8,60.0,,PEN,1191VES99028,1191,Basic 21 Perú,ambos,"El equilibrio perfecto entre sensualidad y sofisticación. Este vestido mini en un elegante tono azul noche está diseñado para destacar. Con un juego de transparencias estratégicas y un drapeado que estiliza la figura, es la prenda infalible para salir de fiesta, ir de cóctel o deslumbrar en cualquier evento nocturno.",,,Azul (3507) | Negro (3542) | Marrón (3543) | Blanco (3544) | Vino (3545) | Verde (3546),Standar,https://euchelperu.com/images/productos/178043923229365327414720.jpg | https://euchelperu.com/images/productos/178054039709461531030162.jpg | https://euchelperu.com/images/productos/17805404677967936469284.jpg | https://euchelperu.com/images/productos/178054065019985388472836.jpg | https://euchelperu.com/images/productos/178054071014763599952390.jpg | https://euchelperu.com/images/productos/178054078586510685027843.jpg,https://euchelperu.com/producto.php?id=1191,2026-09-18T05:04:59Z
1192,VESTIDO MERLY,Vestidos,8,60.0,,PEN,1192VES63269,1192,Basic 21 Perú,ambos,"La combinación perfecta entre audacia y sofisticación. Este vestido mini en un cautivador tono borgoña está diseñado para convertirse en el centro de atención. Su silueta asimétrica y los detalles metálicos estratégicos crean un look moderno, glamuroso e increíblemente favorecedor.",,,Vino (3508) | Blanco (3538) | Negro (3539) | Marrón (3540) | Verde Pistacho (3541),Standar,https://euchelperu.com/images/productos/178044019911032704189245.jpg | https://euchelperu.com/images/productos/178053993258704270317031.jpg | https://euchelperu.com/images/productos/178054000349939643213504.jpg | https://euchelperu.com/images/productos/178054006713838807766631.jpg | https://euchelperu.com/images/productos/178054017502897733842403.jpg,https://euchelperu.com/producto.php?id=1192,2026-09-18T05:05:39Z
1194,TOP ADDIE MANGA LARGA,Tops,3,49.0,,PEN,1194ADDIE22,1194,Basic 21 Perú,ambos,,,,Vino (3559) | Azul (3560) | Blanco (3561) | Marrón (3562) | Rosa pastel (3563),Standar,https://euchelperu.com/images/productos/17808886675450726129549.jpg | https://euchelperu.com/images/productos/178088908401044313184536.jpg | https://euchelperu.com/images/productos/178088945505628912068826.jpg | https://euchelperu.com/images/productos/178088954283365101077407.jpg | https://euchelperu.com/images/productos/178241148142743990793467.jpg,https://euchelperu.com/producto.php?id=1194,2026-09-18T06:00:51Z
1195,BLUSA MANGA CORTA,Blusas,18,59.0,,PEN,11954K2J6H8G,1195,Basic 21 Perú,ambos,"Eleva tu estilo cotidiano con esta blusa de inspiración retro que combina sofisticación y comodidad. Su diseño entallado y los detalles cuidadosamente pensados la convierten en una pieza versátil, perfecta tanto para un look de oficina moderno como para una salida casual de fin de semana.",,,Marrón (3564) | Negro (3598) | Vino (3599) | Beige (3600),Standar,https://euchelperu.com/images/productos/17810422468236421635189.jpg | https://euchelperu.com/images/productos/178175164802716312068479.jpg | https://euchelperu.com/images/productos/17817516704502302193630.jpg | https://euchelperu.com/images/productos/178175169188504405019652.jpg,https://euchelperu.com/producto.php?id=1195,2026-09-18T05:09:00Z
1196,PANTALÓN ALGODÓN,Pantalones,6,59.0,,PEN,1196PAN48759,1196,Basic 21 Perú,ambos,"Redescubre la comodidad sin sacrificar el estilo. Este pantalón de corte wide leg es la pieza básica que tu armario necesita. Diseñado para ofrecer una silueta fluida y relajada, es perfecto tanto para un día de trabajo como para un fin de semana de descanso absoluto.",,,Azul (3565),Standar,https://euchelperu.com/images/productos/178104257039755618777996.jpg,https://euchelperu.com/producto.php?id=1196,2026-09-18T05:09:03Z
1197,FLARE CADERA ELIANA,Pantalones,6,95.0,,PEN,1197FLA83687,1197,Basic 21 Perú,ambos,"Logra el look perfecto con nuestros jeans de corte flare, una pieza esencial que nunca pasa de moda. Diseñados para estilizar la figura y ofrecer una silueta elegante, estos pantalones son la base ideal para cualquier outfit, desde lo más casual hasta lo más sofisticado.",,,jean (3566),Standar,https://euchelperu.com/images/productos/178104338107301767580294.jpg,https://euchelperu.com/producto.php?id=1197,2026-09-18T05:09:08Z
1198,FLARE ULTRA CADERA EGLY,Pantalones,6,95.0,,PEN,1198FLA30382,1198,Basic 21 Perú,ambos,"Renueva tu clóset con estos jeans de corte flare que fusionan elegancia clásica con un toque moderno. Diseñados para resaltar la figura con un ajuste impecable, son la pieza clave para elevar cualquier look diario a uno más sofisticado.",,,Azul (3567),Standar,https://euchelperu.com/images/productos/178104441281965615315136.jpg,https://euchelperu.com/producto.php?id=1198,2026-09-18T05:09:11Z
1199,FLARE JIMENA BOLSILLOS,Pantalones,6,95.0,,PEN,1199FJB777,1199,Basic 21 Perú,ambos,"Dale un toque renovado a tus looks con estos jeans de corte acampanado FLARE, diseñados para brindar una silueta estilizada y moderna. Esta prenda combina la comodidad necesaria para el día a día con un diseño que favorece tu figura, convirtiéndose en el básico infaltable de tu guardarropa.",,,Azul (3568),Standar,https://euchelperu.com/images/productos/178104518267534704052964.jpg,https://euchelperu.com/producto.php?id=1199,2026-09-18T05:09:50Z
1201,JERSEY CHIC,Sweaters,4,59.0,,PEN,1201K7W4Z1Q9,1201,Basic 21 Perú,ambos,"Eleva tu look diario con este versátil y cómodo jersey de tejido de punto. Su diseño de rayas horizontales en un contraste de tonos marrón y celeste ofrece un estilo moderno y relajado, perfecto para cualquier ocasión informal.",,,Marrón c/ Celeste (3570) | Marrón c/ Rosado (3611) | Rojo c/ rosado (3612),Standar,https://euchelperu.com/images/productos/17816444398853801588023.jpg | https://euchelperu.com/images/productos/178181954438790739518712.jpg | https://euchelperu.com/images/productos/178181964768029682947290.jpg,https://euchelperu.com/producto.php?id=1201,2026-09-18T05:10:47Z
1202,CAMISERO TEJIDO,Sweaters,4,69.0,,PEN,1202CAM62529,1202,Basic 21 Perú,ambos,"Añade un toque sofisticado y a la vez relajado a tu outfit con este jersey de diseño exclusivo. Su combinación de colores en contraste aporta dinamismo, convirtiéndolo en una prenda clave para quienes buscan estilo sin sacrificar la comodidad.",,,Marrón c/ Rosado (3571) | Beige c/ negro (3608) | Plomo c/ rosado bebé (3609) | Plomo c/ marrón (3610),Standar,https://euchelperu.com/images/productos/178164469006201441354244.jpg | https://euchelperu.com/images/productos/17818183046510265916444.jpg | https://euchelperu.com/images/productos/178181866366158368414876.jpg | https://euchelperu.com/images/productos/178181872999610422297386.jpg,https://euchelperu.com/producto.php?id=1202,2026-09-18T05:12:00Z
1203,VESTIDO BOTANICO,Vestidos,8,65.0,,PEN,1203Y6T2U4I9,1203,Basic 21 Perú,ambos,"Dale un aire fresco y femenino a tu armario con este delicado vestido, que destaca por su estilo romántico y sofisticado. Es la pieza ideal para quienes buscan lucir impecables y con un toque de encanto en cualquier ocasión especial.",,,Beige (3572) | Vino (3605) | Marrón (3606) | Verde (3607),Standar,https://euchelperu.com/images/productos/1781644902820289412137.jpg,https://euchelperu.com/producto.php?id=1203,2026-09-18T05:13:14Z
1204,VESTIDO LUA SIRENA,Vestidos,8,79.0,,PEN,1204VES34773,1204,Basic 21 Perú,ambos,"Luce un look sofisticado y moderno con este vestido largo que destaca por su impecable diseño minimalista. Su efecto degradado en tonos intensos aporta un toque de distinción y profundidad, ideal para destacar en cualquier evento especial.",,,MORADO (3573),Standar,https://euchelperu.com/images/productos/178164616784005418517740.jpg,https://euchelperu.com/producto.php?id=1204,2026-09-18T05:13:17Z
1205,VESTIDO LAU BOBO,Vestidos,8,75.0,,PEN,1205U8I3O1P7,1205,Basic 21 Perú,ambos,"Deslumbra con este sofisticado vestido de gala, diseñado para resaltar tu figura con un toque de modernidad y estilo. Su corte asimétrico y el intenso tono vino lo convierten en la opción perfecta para eventos especiales donde quieras destacar con elegancia.",,,Vino (3574) | Negro (3601) | Blanco (3602) | Azul (3603) | Marrón (3604),Standar,https://euchelperu.com/images/productos/17816469339632482544092.jpg | https://euchelperu.com/images/productos/178181770477445881428577.jpg | https://euchelperu.com/images/productos/178181774833550368017860.jpg | https://euchelperu.com/images/productos/17818178165863179865700.jpg | https://euchelperu.com/images/productos/178181791026771861534553.jpg,https://euchelperu.com/producto.php?id=1205,2026-09-18T05:14:19Z
1206,VESTIDO LOVE,Vestidos,8,59.0,,PEN,1206VES14426,1206,Basic 21 Perú,ambos,"Atrévete a lucir espectacular con este vestido diseñado para destacar tu estilo en eventos nocturnos o salidas especiales. Su delicado tejido de encaje aporta un aire de elegancia y sofisticación, mientras que su diseño moderno asegura un look inolvidable.",,,Celeste (3575) | Vino (3596) | Blanco (3597),Standar,https://euchelperu.com/images/productos/178164752749969110112224.jpg | https://euchelperu.com/images/productos/17817512531150277375690.jpg | https://euchelperu.com/images/productos/178175128125046689688923.jpg,https://euchelperu.com/producto.php?id=1206,2026-09-18T05:14:29Z
1207,VESTIDO SIENNA,Vestidos,8,59.0,,PEN,1207VSSIE284,1207,Basic 21 Perú,ambos,"Destaca en tu próxima ocasión especial con este sofisticado vestido corto en un profundo tono azul marino. Su diseño destaca por el equilibrio perfecto entre sensualidad y distinción, gracias a sus mangas largas en malla semitransparente que terminan en un delicado acabado con volantes, aportando movimiento y un toque romántico a tu look.",,,Vino (3593) | Blanco (3594) | Marrón (3595),Standar,https://euchelperu.com/images/productos/17817510731702563186519.jpg | https://euchelperu.com/images/productos/178175052988297386026842.jpg | https://euchelperu.com/images/productos/178175109657851819454327.jpg,https://euchelperu.com/producto.php?id=1207,2026-09-18T05:15:01Z
1208,TOP AURORA,Tops,3,45.0,,PEN,1208Z4X8C3V7,1208,Basic 21 Perú,ambos,"Este top combina a la perfección la elegancia clásica con toques modernos y femeninos. El cuello halter realza tu figura y el detalle del encaje asimétrico lo convierte en una prenda única y sofisticada. Es la opción ideal para las mujeres que buscan un look chic, sofisticado y cómodo para sus ocasiones especiales.",,,Vino (3577) | Negro (3588) | Marrón (3589) | Blanco (3590) | Rosado pastel (3591) | Lila (3592),Standar,https://euchelperu.com/images/productos/17816486167259589626592.jpg | https://euchelperu.com/images/productos/17817501503859474486849.jpg | https://euchelperu.com/images/productos/17817501789537479495656.jpg | https://euchelperu.com/images/productos/1781750216630918736461.jpg | https://euchelperu.com/images/productos/178175024607701598936594.jpg | https://euchelperu.com/images/productos/17817502753476140132292.jpg,https://euchelperu.com/producto.php?id=1208,2026-09-18T05:15:59Z
1209,TOP ENCAJE BRIANA,Tops,3,45.0,,PEN,1209L5K9J2H6,1209,Basic 21 Perú,ambos,"Este top no es solo una prenda, es un statement de moda. Gracias a la combinación del encaje clásico con la modernidad de las transparencias, obtendrás un look distinguido que no pasará desapercibido. Es la elección perfecta para quienes buscan elevar sus básicos de armario con un toque de sofisticación.",,,Blanco (3578) | Marrón (3583) | Negro (3584),Standar,https://euchelperu.com/images/productos/178164883575628475814885.jpg | https://euchelperu.com/images/productos/17817494704704780737626.jpg | https://euchelperu.com/images/productos/17817494942649557447602.jpg,https://euchelperu.com/producto.php?id=1209,2026-09-18T05:16:19Z
1210,TOP POLLY,Tops,3,45.0,,PEN,121012QW,1210,Basic 21 Perú,ambos,"Es la pieza clave para lograr el equilibrio perfecto entre comodidad y estilo. Gracias a su diseño limpio y su tono neutro, este top te permite crear múltiples combinaciones, convirtiéndose rápidamente en uno de tus favoritos para lucir impecable sin esfuerzo.",,,Beige (3579) | Blanco (3585) | Negro (3586) | Lila (3587),Standar,https://euchelperu.com/images/productos/17816497015234621722397.jpg | https://euchelperu.com/images/productos/178174984689532940196100.jpg | https://euchelperu.com/images/productos/178174988066059858419145.jpg | https://euchelperu.com/images/productos/17817499127886964596545.jpg,https://euchelperu.com/producto.php?id=1210,2026-09-18T05:16:56Z
1211,CHAQUETA CUERO URBAN,Abrigos,2,145.0,,PEN,1211E1R7T5Y3,1211,Basic 21 Perú,ambos,"Casaca de cuero clásica: Diseño versátil y elegante con cierre frontal y ajuste cómodo, perfecta para un look sofisticado y moderno.",,,Marrón (3580) | Negro (3581) | Vino (3582),Standar,https://euchelperu.com/images/productos/178174772309720753279297.jpg | https://euchelperu.com/images/productos/17817477782183977569674.jpg | https://euchelperu.com/images/productos/178174846038141333970130.jpg,https://euchelperu.com/producto.php?id=1211,2026-09-18T05:17:41Z
1214,top capri,Tops,3,55.0,,PEN,1214D2F8G3H6,1214,Basic 21 Perú,ambos,"Luce sofisticada y moderna con este hermoso top strapless de corte estructurado. Su diseño estiliza la silueta gracias a sus costuras definidas, mientras que el delicado detalle tipo bufanda al cuello aporta un toque único y elegante. Ideal para combinar con jeans o prendas de vestir para cualquier ocasión especial o casual chic.",,,Blanco (3644) | Vino (3671) | Negro (3672) | Marrón (3673),Standar,https://euchelperu.com/images/productos/178216685698042802885770.jpg | https://euchelperu.com/images/productos/178232515404385751269605.jpg | https://euchelperu.com/images/productos/17823252232814121002437.jpg | https://euchelperu.com/images/productos/178232532015252556965619.jpg,https://euchelperu.com/producto.php?id=1214,2026-09-18T05:18:53Z
1217,top aura manga larga,Tops,3,49.0,,PEN,1217a9s3d2f6,1217,Basic 21 Perú,ambos,"Un básico elegante con un toque sofisticado. Este top de manga larga acampanada destaca por su silueta entallada que realza la figura y su diseño minimalista que combina fácilmente con cualquier outfit. Perfecto para crear looks modernos, versátiles y llenos de estilo, tanto de día como de noche.",,,Negro (3646) | Rosado pastel (3683) | Vino (3684) | Blanco (3685),Standar,https://euchelperu.com/images/productos/178216731018049883028831.jpg | https://euchelperu.com/images/productos/178232618725794221645169.jpg | https://euchelperu.com/images/productos/178232626637045272858043.jpg | https://euchelperu.com/images/productos/178232635475775330213608.jpg,https://euchelperu.com/producto.php?id=1217,2026-09-18T05:19:40Z
1218,SWEATER JULIETTE,Abrigos,2,49.0,,PEN,1218x7c3v1b8,1218,Basic 21 Perú,ambos,"Elegancia y comodidad en una sola prenda. Esta chompa tejida de cuello en V destaca por sus delicados detalles trenzados y su ajuste favorecedor que realza la silueta. Su diseño clásico y versátil la convierte en la opción perfecta para lucir un look femenino, cálido y sofisticado en cualquier temporada.",,,Beige (3647) | Negro (3678) | Rosado pastel (3679) | Vino (3680) | Marrón (3681) | Blanco (3682),Standar,https://euchelperu.com/images/productos/178216765597912217157248.jpg | https://euchelperu.com/images/productos/178232589607380912328383.jpg | https://euchelperu.com/images/productos/17823259455563721173633.jpg | https://euchelperu.com/images/productos/17823259883704989864594.jpg | https://euchelperu.com/images/productos/178232603638511893647680.jpg | https://euchelperu.com/images/productos/178232606144208995172681.jpg,https://euchelperu.com/producto.php?id=1218,2026-09-18T05:22:27Z
1221,PONCHO,Abrigos,2,59.0,,PEN,1221POC1873,1221,Basic 21 Perú,ambos,"Añade un toque bohemio y sofisticado a tu colección con este suéter único. Su diseño de hombro descubierto y corte asimétrico rompe con lo convencional, ofreciendo una silueta moderna que no pasa desapercibida.",,,Blanco (3650) | Marrón (3662) | Negro (3663) | Beige (3665),Standar,https://euchelperu.com/images/productos/178216993764991511473076.jpg | https://euchelperu.com/images/productos/178225402087635991222502.png | https://euchelperu.com/images/productos/178225475963707912781920.png | https://euchelperu.com/images/productos/178232363421892498349522.jpg,https://euchelperu.com/producto.php?id=1221,2026-09-18T05:22:39Z
1223,BILLETERA DE HOMBRE,Carteras,12,69.0,,PEN,1223M1V8R5Q3,1223,Basic 21 Perú,ambos,"Redefine tu estilo diario con esta billetera de diseño atemporal, que combina funcionalidad con un acabado sofisticado. Es el accesorio perfecto para quienes aprecian la elegancia en los detalles más cotidianos",,,Negro c/ rayas blancas (3651) | MARRON (3652) | Negro c/ dorado (3653),Standar,https://euchelperu.com/images/productos/178217128153679798641338.jpg | https://euchelperu.com/images/productos/178217137879425320542966.jpg | https://euchelperu.com/images/productos/178217148797518484991050.jpg,https://euchelperu.com/producto.php?id=1223,2026-09-18T05:23:12Z
1224,BILETERA DE MUJER,Carteras,12,69.0,,PEN,1224M1V8R5Q33,1224,Basic 21 Perú,ambos,Billetera Elegante con Textura en Relieve Añade un toque de distinción a tus accesorios con esta billetera diseñada para quienes buscan estilo y funcionalidad en una sola pieza. Su profundo tono vino y su cuidadoso diseño la convierten en un complemento sofisticado para cualquier ocasión.,,,VINO (3654) | Negro (3655) | Borgoña (3656) | NEGRO CON RELIEVE (3657) | Vino CON RELIEVE (3658) | Negro c/ TOQUES IISO (3660),Standar,https://euchelperu.com/images/productos/17821725030615062787958.jpg | https://euchelperu.com/images/productos/178217262286330604133031.jpg | https://euchelperu.com/images/productos/178217328476258659522506.jpg | https://euchelperu.com/images/productos/178217346579725697625875.jpg | https://euchelperu.com/images/productos/178217356531477180475529.jpg | https://euchelperu.com/images/productos/178217393027518910717574.jpg,https://euchelperu.com/producto.php?id=1224,2026-09-18T05:26:11Z
1225,TOP JULL,Tops,3,39.0,,PEN,12250OKJHB,1225,Basic 21 Perú,ambos,"Redefine tu estilo con este top de corte limpio y silueta estructurada, una pieza esencial que combina elegancia y modernidad para cualquier ocasión.",,,Blanco (3661) | Negro (3674) | Marrón (3675) | Vino (3676) | Azul acero (3677),Standar,https://euchelperu.com/images/productos/178217502386351464972016.jpg | https://euchelperu.com/images/productos/178232549911551981561117.jpg | https://euchelperu.com/images/productos/178232555378065630465307.jpg | https://euchelperu.com/images/productos/178232558564778997034489.jpg | https://euchelperu.com/images/productos/178232566837662684767366.jpg,https://euchelperu.com/producto.php?id=1225,2026-09-18T05:26:38Z
1226,VESTIDO TUNDRA,Vestidos,8,75.0,,PEN,1226VES547,1226,Basic 21 Perú,ambos,"Este vestido largo en tono chocolate es la pieza que define la elegancia moderna. Con un diseño sofisticado de cuello halter que estiliza la figura y un detalle central distintivo que aporta un toque único, este modelo es un básico elevado que no puede faltar en tu clóset. Su tejido ligero y fluido con caída suave garantiza comodidad y estilo, mientras que su corte favorecedor resalta la silueta con sutileza.",,,Marrón (3709) | Vino (3736) | Negro (3737),Standar,https://euchelperu.com/images/productos/178285715419380321742394.jpg | https://euchelperu.com/images/productos/178293461808728806987376.jpg | https://euchelperu.com/images/productos/178293503899500950135254.jpg,https://euchelperu.com/producto.php?id=1226,2026-09-18T05:26:59Z
1227,TOP TENTEN,Tops,3,45.0,,PEN,1227TOP874,1227,Basic 21 Perú,ambos,"El toque sofisticado que tu look necesita Eleva tu estilo diario con nuestro nuevo top de encaje en un elegante tono verde oliva. Esta pieza combina un diseño clásico con detalles modernos, ofreciendo un equilibrio perfecto entre lo romántico y lo chic. Con un cuello alto tipo mandarín y delicados botones frontales, este top resalta por su textura trabajada y su corte impecable. Es la opción versátil que necesitas: combínalo con tus jeans favoritos para un look casual-elevado o con una falda para una ocasión más formal.",,,verde olivo (3710) | Beige (3732) | Marrón (3733) | Blanco (3734) | Negro (3735),Standar,https://euchelperu.com/images/productos/178285809942439370510706.jpg | https://euchelperu.com/images/productos/178293382565733612914544.jpg | https://euchelperu.com/images/productos/178293395151026507465684.jpg | https://euchelperu.com/images/productos/178293420764822263110372.jpg | https://euchelperu.com/images/productos/178293441182863969065144.jpg,https://euchelperu.com/producto.php?id=1227,2026-09-18T05:27:26Z
1228,TOP SIFRAH,Blusas,18,45.0,,PEN,1228TOP219,1228,Basic 21 Perú,ambos,"Esta prenda es sumamente versátil, ideal para transformar un outfit casual en uno memorable. Ya sea para una salida nocturna o un evento especial, su color profundo y diseño fluido te harán destacar. Atrévete a resaltar con nuestro nuevo top en color vino, diseñado para quienes buscan un look moderno y con mucha personalidad. Su corte asimétrico de un solo hombro ofrece una silueta elegante y actual, mientras que el detalle de encaje en el bajo añade un toque romántico y distintivo.",,,Vino (3711) | Plata (3729) | Negro (3730),Standar,https://euchelperu.com/images/productos/17828586985449446872789.jpg | https://euchelperu.com/images/productos/178293305468511204740967.jpg | https://euchelperu.com/images/productos/178293316035344823994245.jpg,https://euchelperu.com/producto.php?id=1228,2026-09-18T05:27:47Z
1229,TOP DUBAI,Tops,3,49.0,,PEN,1229TOP843,1229,Basic 21 Perú,ambos,"Dale un giro a tu estilo con este elegante top en tono claro, una pieza diseñada para quienes buscan resaltar con sutileza y glamour. Su diseño de escote drapeado aporta volumen y movimiento, mientras que los detalles metálicos en el cuello le dan un toque moderno y exclusivo, eliminando la necesidad de accesorios adicionales. Su corte favorecedor y caída suave lo convierten en el complemento ideal para elevar cualquier outfit, ya sea que lo combines con jeans para un look casual-chic o con pantalones de vestir para una ocasión especial.",,,Beige (3712) | Negro (3727) | Marrón (3728),Standar,https://euchelperu.com/images/productos/178285907744675101874833.jpg | https://euchelperu.com/images/productos/17829318091706948980600.jpg | https://euchelperu.com/images/productos/178293188037433471275740.jpg,https://euchelperu.com/producto.php?id=1229,2026-09-18T05:27:57Z
1230,VESTIDO RIOT,Vestidos,8,69.0,,PEN,1230VES124,1230,Basic 21 Perú,ambos,"Deslumbra con la delicadeza de nuestro nuevo vestido corto confeccionado en encaje de alta calidad. Su diseño de manga larga con escote en V equilibra perfectamente la sofisticación con un toque juvenil y fresco. Esta pieza es un básico infaltable para quienes buscan un look romántico y distinguido. Su estructura ajustada en el torso que se abre sutilmente hacia abajo resalta la silueta femenina, convirtiéndolo en la elección ideal para citas, brunch o eventos de día.",,,Blanco (3713) | Negro (3725) | Ladrillo (3726),Standar,https://euchelperu.com/images/productos/178285924369524856353.jpg | https://euchelperu.com/images/productos/178293147431363733150163.jpg | https://euchelperu.com/images/productos/178293155369156565087666.jpg,https://euchelperu.com/producto.php?id=1230,2026-09-18T05:28:08Z
1231,VESTIDO CORTO AKIRA,Vestidos,8,55.0,,PEN,1231VES393,1231,Basic 21 Perú,ambos,"Añade un toque de sofisticación irresistible a tu colección con nuestro vestido corto en tono vino. Esta pieza destaca por su diseño asimétrico de un solo hombro, combinado con una manga larga y fluida que aporta una silueta moderna y dinámica. El cuerpo del vestido presenta un detalle de fruncido lateral que moldea y realza la figura de manera natural, convirtiéndolo en la elección ideal para una noche especial o un evento formal.",,,Vino (3714) | Marrón (3723) | Negro (3724),Standar,https://euchelperu.com/images/productos/178285942658527493190869.jpg | https://euchelperu.com/images/productos/178293118043063792070260.jpg | https://euchelperu.com/images/productos/178293124022837894020412.jpg,https://euchelperu.com/producto.php?id=1231,2026-09-18T05:28:52Z
1232,VESTIDO MELANIA,Vestidos,8,59.0,,PEN,1232VES570,1232,Basic 21 Perú,ambos,"Redefine tu elegancia con este vestido corto, una pieza esencial que combina minimalismo y un toque moderno. Su diseño de cuello halter, realzado por un detalle metálico central, aporta sofisticación inmediata sin necesidad de accesorios adicionales. La estructura del vestido se ajusta suavemente a la figura, creando una silueta limpia y favorecedora. Ideal para eventos nocturnos, cenas o cualquier ocasión donde desees destacar con clase",,,verde olivo (3715) | Vino (3720) | Beige (3721) | Negro (3722),Standar,https://euchelperu.com/images/productos/178285962035150134152211.jpg | https://euchelperu.com/images/productos/178293067553348227333255.jpg | https://euchelperu.com/images/productos/17829308111381553267667.jpg | https://euchelperu.com/images/productos/178293091132236517013293.jpg,https://euchelperu.com/producto.php?id=1232,2026-09-18T05:29:41Z
1233,FALDA SHORT PEACH,Faldas,7,79.0,,PEN,1233FAL500,1233,Basic 21 Perú,ambos,"Eleva tus looks casuales con nuestra falda en acabado tipo suede, una pieza imprescindible que combina textura, estilo y comodidad. Su diseño atemporal, con detalles clásicos de bolsillos y costuras visibles, la convierte en el complemento perfecto para cualquier temporada.",,,Beige (3716) | Marrón (3717) | Negro (3718) | Vino (3719),S-M,https://euchelperu.com/images/productos/178285976678605377810327.jpg | https://euchelperu.com/images/productos/178292978774037439246877.jpg | https://euchelperu.com/images/productos/17829298569213811647553.jpg | https://euchelperu.com/images/productos/178292987534962551367219.jpg,https://euchelperu.com/producto.php?id=1233,2026-09-18T05:30:58Z
1234,PALAZZO CHRITIAN,Pantalones,6,59.0,,PEN,1234  PAL494,1234,Basic 21 Perú,ambos,,,,Crema (3740) | Gris (3741),Standar,https://euchelperu.com/images/productos/178294616746164583210670.jpg | https://euchelperu.com/images/productos/17829459873267317736366.jpg,https://euchelperu.com/producto.php?id=1234,2026-09-18T05:31:51Z
1235,CHAQUETA CHRISTIAN,Chaquetas,9,55.0,,PEN,1235CHA638,1235,Basic 21 Perú,ambos,,,,Marrón (3742) | Azul acero (3743) | Negro (3744) | Crema (3745),Standar,https://euchelperu.com/images/productos/178294671375350358599740.jpg | https://euchelperu.com/images/productos/178294748705227865716335.jpg | https://euchelperu.com/images/productos/178294759026512943434956.jpg | https://euchelperu.com/images/productos/178294766378248214542429.jpg,https://euchelperu.com/producto.php?id=1235,2026-09-18T05:32:04Z
1236,TOP FROX,Tops,3,45.0,,PEN,1236TOP507,1236,Basic 21 Perú,ambos,,,,Beige (3746) | Negro (3747) | Tierra (3748) | Blanco (3749) | Vino (3750) | Azul (3751) | Marrón (3752),Standar,https://euchelperu.com/images/productos/178294864591489392728830.jpg | https://euchelperu.com/images/productos/178294846406646849176949.jpg | https://euchelperu.com/images/productos/17829485318530873488524.jpg | https://euchelperu.com/images/productos/178294871514638477361754.jpg | https://euchelperu.com/images/productos/17829487936314834686806.jpg | https://euchelperu.com/images/productos/178295007186684770366416.jpg | https://euchelperu.com/images/productos/178295013938086842676153.jpg,https://euchelperu.com/producto.php?id=1236,2026-09-18T05:34:06Z
1237,TOP KESHA,Tops,3,45.0,,PEN,1237TOP547,1237,Basic 21 Perú,ambos,,,,Negro (3753) | Vino (3754) | Blanco (3755) | Tierra (3756) | Beige (3757) | Azul (3758),Standar,https://euchelperu.com/images/productos/178295041992555411051747.jpg | https://euchelperu.com/images/productos/178295028186009605622281.jpg | https://euchelperu.com/images/productos/178295035297768405237012.jpg | https://euchelperu.com/images/productos/178295069916874527856909.jpg | https://euchelperu.com/images/productos/178295113666324273591244.jpg | https://euchelperu.com/images/productos/17829512203423418508980.jpg,https://euchelperu.com/producto.php?id=1237,2026-09-18T05:36:30Z
1238,TOP NAVY,Tops,3,45.0,,PEN,1238TOP503,1238,Basic 21 Perú,ambos,,,,Blanco (3759) | Rosado pastel (3760) | Negro (3761) | Azul (3762) | Marrón (3763),Standar,https://euchelperu.com/images/productos/17829548170340357232094.jpg | https://euchelperu.com/images/productos/178295470116430805449812.jpg | https://euchelperu.com/images/productos/17829549921564593331763.jpg | https://euchelperu.com/images/productos/178295509942115974151928.jpg | https://euchelperu.com/images/productos/178295527884585399882825.jpg,https://euchelperu.com/producto.php?id=1238,2026-09-18T05:36:57Z
1239,HOODIE COTTON,Tops,3,49.0,,PEN,1239HOO824,1239,Basic 21 Perú,ambos,,,,Marrón (3764) | Negro (3765) | Azul (3766) | Vino (3767) | Rosado pastel (3768) | Amarillo pastel (3769) | Blanco (3770),Standar,https://euchelperu.com/images/productos/178295633298506511788876.jpg | https://euchelperu.com/images/productos/17829569267456524795070.jpg | https://euchelperu.com/images/productos/178295699633790753035353.jpg | https://euchelperu.com/images/productos/178295706109144386879185.jpg | https://euchelperu.com/images/productos/178295726645688479111529.jpg | https://euchelperu.com/images/productos/178295746778628200966032.jpg | https://euchelperu.com/images/productos/178295775098267242249893.jpg,https://euchelperu.com/producto.php?id=1239,2026-09-18T05:38:41Z
1240,BEATLES JACKET,Chaquetas,9,69.0,,PEN,1240BEA961,1240,Basic 21 Perú,ambos,,,,Negro (3771) | Marrón (3772),Standar,https://euchelperu.com/images/productos/178295787987486521737524.jpg | https://euchelperu.com/images/productos/178295803898298861585469.jpg,https://euchelperu.com/producto.php?id=1240,2026-09-18T05:39:11Z
1242,VESTIDO JULIETTE,Vestidos,8,59.0,,PEN,1242U4I6O1P7 ,1242,Basic 21 Perú,ambos,"Añade un toque de elegancia a tu armario con este vestido corto de encaje negro. Su diseño de manga larga y escote redondo ofrece un estilo sofisticado y versátil, perfecto para cualquier evento especial o una noche elegante. El delicado detalle de volante en el bajo añade un toque femenino y coqueto. Combínalo con tacones y accesorios sencillos para un look impactante.",,,Negro (3775),Standar,https://euchelperu.com/images/productos/178389863742665418127236.jpg,https://euchelperu.com/producto.php?id=1242,2026-09-18T05:39:14Z
1243,VESTIDO PARIS,Vestidos,8,59.0,,PEN,1243A5S9D2F8,1243,Basic 21 Perú,ambos,"Eleva tu estilo con este encantador vestido corto en un profundo tono burdeos. Este diseño combina un ajuste ceñido y favorecedor con mangas largas de tul semitransparente que añaden un toque de sofisticación etérea. El vestido está delicadamente decorado con un patrón floral aterciopelado tono sobre tono, creando una textura rica y un look romántico. Perfecto para una cita, una fiesta o cualquier evento especial donde quieras destacar con elegancia.",,,Vino (3776) | Negro (3779) | Blanco (3780) | verde olivo (3781),Standar,https://euchelperu.com/images/productos/178390051196670177970002.jpg | https://euchelperu.com/images/productos/17839062729867461279797.jpg | https://euchelperu.com/images/productos/178390728941753109619230.jpg | https://euchelperu.com/images/productos/178390758208435263943508.jpg,https://euchelperu.com/producto.php?id=1243,2026-09-18T05:39:27Z
1244,VESTIDO ARIA,Vestidos,8,79.0,,PEN,1244Q5W9E3R8,1244,Basic 21 Perú,ambos,"Deslumbra en tu próxima gala con este impresionante vestido largo en un vibrante color rojo. Este diseño de silueta sirena combina elegancia y audacia, destacando por su profundo escote pronunciado (plunging neckline) tipo cut-out en el centro del busto. El sofisticado cuello halter está adornado con detalles metálicos dorados que aportan un toque de lujo y eliminan la necesidad de collar. El drapeado estratégico en la cintura y a lo largo de la falda estiliza la figura de manera impecable, creando un look escultural y moderno. Perfecto para eventos de alfombra roja, galas o una noche inolvidable.",,,Rojo (3777),Standar,https://euchelperu.com/images/productos/178390443497266713389538.jpg,https://euchelperu.com/producto.php?id=1244,2026-09-18T05:39:30Z
1245,VESTIDO NAELI,Vestidos,8,45.0,,PEN,1245K9H1S4J8,1245,Basic 21 Perú,ambos,"Apuesta por la elegancia y la versatilidad con este sofisticado minivestido en un clásico color azul marino. Este diseño combina a la perfección una parte superior tipo blusón, con un delicado drapeado que nace del cuello halter, con una falda ceñida al cuerpo que realza tu silueta. El cuello halter alto crea una línea estilizada y moderna, convirtiendo a este vestido en una opción ideal tanto para una cena elegante como para una noche de fiesta. Su tejido suave y elástico garantiza comodidad durante todo el día o la noche.",,,Azul (3778),Standar,https://euchelperu.com/images/productos/178390537652768457372483.jpg,https://euchelperu.com/producto.php?id=1245,2026-09-18T05:39:45Z
1246,TOP AMARA,Tops,3,49.0,,PEN,1246E2R8T3Y9,1246,Basic 21 Perú,ambos,"Eleva tu estilo con este sofisticado top, diseñado para quienes buscan un toque de distinción y romanticismo en su outfit. Presenta un elegante escote asimétrico que resalta la silueta con delicadeza. Sus mangas largas culminan en un diseño acampanado (estilo campana), brindando movimiento y un toque retro-chic muy en tendencia.",,,Vino (3782),Standar,https://euchelperu.com/images/productos/178406142357691735539763.jpg,https://euchelperu.com/producto.php?id=1246,2026-09-18T05:40:24Z
1247,TOP ELITE,Tops,3,49.0,,PEN,1247G3H1J7K4,1247,Basic 21 Perú,ambos,"Eleva tu estilo diario con este sofisticado top ajustado, una prenda esencial que combina un diseño moderno con un toque clásico. Ideal para el otoño o las noches de entretiempo, este top es perfecto para crear looks versátiles, desde un estilismo casual con tus jeans favoritos hasta un conjunto más pulido para la oficina.",,,Beige (3783),Standar,https://euchelperu.com/images/productos/17840616995846586331800.jpg,https://euchelperu.com/producto.php?id=1247,2026-09-18T05:40:27Z
1248,TOP MAO,Tops,3,45.0,,PEN,1248Y2U8I4O6,1248,Basic 21 Perú,ambos,"Eleva tu estilo diario con este sofisticado top ajustado, una prenda esencial que combina una textura única con un diseño clásico y refinado. Perfecto para la transición de estaciones o para añadir una capa de elegancia a cualquier look, este top es tan versátil como favorecedor.",,,Blanco (3784),Standar,https://euchelperu.com/images/productos/17840619035582371312742.jpg,https://euchelperu.com/producto.php?id=1248,2026-09-18T05:40:30Z
1249,TOP HALTER,Tops,3,45.0,,PEN,1249Z8X2C6V1,1249,Basic 21 Perú,ambos,"Luce fresca y sofisticada con este encantador top estilo halter, diseñado para resaltar tus hombros y brindar un toque femenino y moderno a tu outfit. Su delicado color y su textura única lo convierten en la pieza ideal para destacar tanto en ocasiones casuales como en salidas especiales.",,,Rosa (3785),Standar,https://euchelperu.com/images/productos/178406207101322266414923.jpg,https://euchelperu.com/producto.php?id=1249,2026-09-18T05:40:33Z
1250,VESTIDO TILSA,Vestidos,8,75.0,,PEN,1250V1B5N9M3,1250,Basic 21 Perú,ambos,"Deslumbra en tu próximo evento con este sofisticado vestido largo. Diseñado para resaltar la silueta con elegancia y un toque de modernidad, este vestido es la elección perfecta para quienes buscan un estilo impecable y refinado. Cuenta con un delicado drapeado lateral a la altura de la cintura, que no solo añade interés visual, sino que también ayuda a estilizar y moldear la figura de forma natural.",,,Azul (3786),Standar,https://euchelperu.com/images/productos/178406227921913389115037.jpg,https://euchelperu.com/producto.php?id=1250,2026-09-18T05:41:00Z
1251,TOP ESSENCIAL,Tops,3,49.0,,PEN,1251R1G6L3V9,1251,Basic 21 Perú,ambos,"Un básico infaltable que combina comodidad y un estilo delicado. Este polo de manga larga en un suave tono rosa claro se adapta perfectamente a la silueta, ofreciendo un look casual y femenino ideal para el día a día.",,,Rosado pastel (3787),Standar,https://euchelperu.com/images/productos/17840632818922037539065.jpg,https://euchelperu.com/producto.php?id=1251,2026-09-18T05:41:39Z
1252,FALDA ALYA,Faldas,7,65.0,,PEN,12524Y1U6I8O,1252,Basic 21 Perú,ambos,"Dale un toque clásico y sofisticado a tu estilo con nuestra minifalda de cuadros, una pieza imprescindible que nunca pasa de moda. Con su estampado atemporal en blanco y negro, esta falda es extremadamente versátil y fácil de combinar.",,,Blanco (3788),Standar,https://euchelperu.com/images/productos/17840638663310983967409.jpg,https://euchelperu.com/producto.php?id=1252,2026-09-18T05:41:54Z
1253,FALDA MONACO,Faldas,7,75.0,,PEN,1253N4M6P1Q7,1253,Basic 21 Perú,ambos,"Añade un toque audaz y moderno a tu armario con nuestra minifalda de efecto piel. En un sofisticado tono marrón chocolate, esta prenda es ideal para crear looks con mucha personalidad, combinando un diseño vanguardista con un ajuste favorecedor.",,,Marrón (3789),Standar,https://euchelperu.com/images/productos/1784064227185517485401.jpg,https://euchelperu.com/producto.php?id=1253,2026-09-18T05:41:57Z
1254,PANTALON HILO RUSS,Pantalones,6,55.0,,PEN,1254N5K8M2T6,1254,Basic 21 Perú,ambos,"La fusión perfecta entre máxima comodidad y estilo actual. Este pantalón de punto es la prenda ideal para quienes buscan un look relajado sin sacrificar la elegancia. Gracias a su tejido suave y su diseño moderno, se convertirá en tu favorito para los días en los que priorizas el confort total.",,,Marrón (3790),Standar,https://euchelperu.com/images/productos/178406468202866286319303.jpg,https://euchelperu.com/producto.php?id=1254,2026-09-18T05:42:00Z
1255,CHAQUETA ZENIT,Chaquetas,9,135.0,,PEN,1255D6F1G4H7,1255,Basic 21 Perú,ambos,"Dale un giro audaz y clásico a tu estilo con nuestra chaqueta tipo bomber en efecto piel. Esta prenda es la elección perfecta para quienes buscan un equilibrio ideal entre comodidad, abrigo y una estética urbana sofisticada. Su profundo color marrón chocolate la convierte en un básico versátil que elevará cualquier outfit al instante.",,,Marrón (3791),Standar,https://euchelperu.com/images/productos/17840649386501193766113.jpg,https://euchelperu.com/producto.php?id=1255,2026-09-18T05:42:03Z
1257,CHAQUETA DENIM BLUE,Chaquetas,9,95.0,,PEN,1257T4Y1U7I2,1257,Basic 21 Perú,ambos,"Eleva tus looks casuales con nuestra chaqueta de mezclilla en un clásico tono azul oscuro. Con su corte moderno y versátil, esta prenda es el complemento perfecto para añadir un toque urbano y desenfadado a cualquier conjunto.",,,Azul (3793),Standar,https://euchelperu.com/images/productos/178406565293938144115755.jpg,https://euchelperu.com/producto.php?id=1257,2026-09-18T05:42:08Z
1258,SWEATER MUSE,Sweaters,4,55.0,,PEN,1258B7M3V9N4,1258,Basic 21 Perú,ambos,"Consigue un look relajado y chic con este sweater de tejido acanalado, diseñado para ofrecerte comodidad absoluta sin perder el estilo. Su corte holgado y su suave textura lo convierten en la pieza ideal para combinar en cualquier ocasión casual, brindándote libertad de movimiento y un aire moderno y despreocupado.",,,olivo (3794),Standar,https://euchelperu.com/images/productos/17840658545877797059222.jpg,https://euchelperu.com/producto.php?id=1258,2026-09-18T05:42:22Z
1259,FALDA ECO CUERO,Faldas,7,65.0,,PEN,12592P7T4Z9F,1259,Basic 21 Perú,ambos,"Lleva tu estilo al siguiente nivel con nuestra minifalda de efecto cuero. Una prenda audaz, moderna y con un acabado brillante que no pasará desapercibida. Perfecta para quienes buscan un look con mucha actitud, ideal para salir de noche o darle un toque rebelde a tu outfit diario.",,,Negro (3795),S-M,https://euchelperu.com/images/productos/17840661098204194744549.jpg,https://euchelperu.com/producto.php?id=1259,2026-09-18T05:42:25Z
1260,TOP LUNETH,Tops,3,45.0,,PEN,1260L4K9J3H7,1260,Basic 21 Perú,ambos,"Eleva tu look con este top de malla elegante y versátil, diseñado para quienes buscan un estilo contemporáneo con un toque de sofisticación. Su diseño ligero y su silueta única lo convierten en la pieza perfecta para destacar en salidas nocturnas o eventos especiales, ofreciendo un equilibrio ideal entre elegancia y tendencia.",,,Azul (3796),Standar,https://euchelperu.com/images/productos/178406650344379941879420.jpg,https://euchelperu.com/producto.php?id=1260,2026-09-18T05:42:40Z
1261,TOP BISS,Tops,3,55.0,,PEN,12611K5H9S3J,1261,Basic 21 Perú,ambos,"Define tu silueta con este sofisticado top de inspiración corset, una prenda diseñada para quienes buscan un equilibrio perfecto entre estructura y estilo moderno. Su diseño entallado y detalles cuidadosamente pensados lo convierten en la pieza central ideal para cualquier outfit, desde un look casual hasta una propuesta más elegante.",,,CAMEL (3797),Standar,https://euchelperu.com/images/productos/178406709571856639164679.jpg,https://euchelperu.com/producto.php?id=1261,2026-09-18T05:42:44Z
1262,TOP LAZITO,Tops,3,55.0,,PEN,12625X9M2C7W,1262,Basic 21 Perú,ambos,"Eleva tu estilo con este sofisticado chaleco de corte sastre, una pieza que combina la estética clásica con un diseño contemporáneo. Perfecto para crear looks con un toque ejecutivo o para añadir un nivel superior de elegancia a tus conjuntos casuales, este chaleco es una prenda versátil que no puede faltar en tu guardarropa.",,,Negro (3798),S-M,https://euchelperu.com/images/productos/178406723514211458677769.jpg,https://euchelperu.com/producto.php?id=1262,2026-09-18T05:42:59Z
1263,TOP BRENDA ESPALDA,Tops,3,45.0,,PEN,1263P4T2Z7F5,1263,Basic 21 Perú,ambos,"La pieza fundamental que todo armario necesita. Este top sin mangas destaca por su diseño minimalista y su ajuste impecable, convirtiéndose en el aliado perfecto para crear infinidad de looks, desde los más informales hasta los más pulidos.",,,Marrón (3799),Standar,https://euchelperu.com/images/productos/178406739576447205431803.jpg,https://euchelperu.com/producto.php?id=1263,2026-09-18T05:43:13Z
1264,SWEATER CLOUD,Sweaters,4,55.0,,PEN,1264F2K8J1H6,1264,Basic 21 Perú,ambos,"Eleva tu estilo casual con este sofisticado suéter de punto. Su diseño de rayas horizontales en tonos tierra y azul marino sobre un fondo crema evoca un estilo náutico renovado y atemporal, ideal para añadir un toque de distinción a tus outfits diarios.",,,Beige (3800),Standar,https://euchelperu.com/images/productos/17840675807469894346665.jpg,https://euchelperu.com/producto.php?id=1264,2026-09-18T05:43:28Z
1265,TOP BORDO PLISADO,Tops,3,49.0,,PEN,12659W4M2Q7B,1265,Basic 21 Perú,ambos,"Luce sofisticada y segura con este encantador top estilo halter, diseñado para resaltar tu figura con un toque de elegancia moderna. Su diseño único, que combina un escote profundo con un delicado drapeado, lo convierte en la pieza estrella para tus looks más especiales.",,,Beige (3801) | Marrón (3804),Standar,https://euchelperu.com/images/productos/178406776374483495662578.jpg,https://euchelperu.com/producto.php?id=1265,2026-09-18T05:43:47Z
1266,STRAIGHT JEANS BLUE,Pantalones,6,95.0,,PEN,1266STR92206,1266,Basic 21 Perú,ambos,"Dale un toque de frescura y luminosidad a tu guardarropa con este pantalón de estilo wide leg en color blanco. Esta prenda es la elección perfecta para quienes buscan un equilibrio entre comodidad y un estilo impecable, logrando una silueta estilizada y moderna que nunca pasa de moda.",,,Blanco (3802),S-M,https://euchelperu.com/images/productos/178406803466568978664521.jpg,https://euchelperu.com/producto.php?id=1266,2026-09-18T05:43:50Z
1267,WIDE LEG CADERA BLANCO,Pantalones,6,95.0,,PEN,1267O5P8A3S9,1267,Basic 21 Perú,ambos,"Dale un toque de frescura y luminosidad a tu guardarropa con este pantalón de estilo wide leg en color blanco. Esta prenda es la elección perfecta para quienes buscan un equilibrio entre comodidad y un estilo impecable, logrando una silueta estilizada y moderna que nunca pasa de moda.",,,Blanco (3803),S-M,https://euchelperu.com/images/productos/178406821479640544466982.jpg,https://euchelperu.com/producto.php?id=1267,2026-09-18T05:43:53Z
1268,CONJUNTO AITANA,Set,10,59.0,,PEN,1268CONJ393,1268,Basic 21 Perú,ambos,"Cautivador conjunto de dos piezas en un elegante tono vino, confeccionado en delicado tejido de encaje con patrón floral. Ideal para destacar con un estilo sofisticado y moderno en cualquier ocasión especial.",,,Vino (3805),Standar,https://euchelperu.com/images/productos/178484426167039445390069.jpg,https://euchelperu.com/producto.php?id=1268,2026-09-18T05:44:34Z
1269,VESTIDO IRENE,Vestidos,8,59.0,,PEN,1269VEST126,1269,Basic 21 Perú,ambos,"Deslumbra con este sofisticado y vibrante vestido corto en un intenso tono azul Klein, perfecto para destacar en eventos nocturnos o fiestas. Su diseño combina elegancia y sensualidad con un toque moderno.",,,Azul (3806),Standar,https://euchelperu.com/images/productos/178484516304867236920732.jpg,https://euchelperu.com/producto.php?id=1269,2026-09-18T05:44:37Z
1270,MINI VESTIDO ELSY,Vestidos,8,59.0,,PEN,1270MINI900,1270,Basic 21 Perú,ambos,"Eleva tu estilo al siguiente nivel con este impactante vestido corto en un luminoso color blanco. Diseñado para deslumbrar, este modelo combina una elegancia arquitectónica con un toque audaz y sensual, perfecto para una noche de fiesta o un evento especial.",,,Blanco (3807),Standar,https://euchelperu.com/images/productos/17848455257958351373706.jpg,https://euchelperu.com/producto.php?id=1270,2026-09-18T05:45:42Z
1271,TOP ASIA MANGA LARGA,Tops,3,55.0,,PEN,1271TOP974,1271,Basic 21 Perú,ambos,"Este conjunto combina a la perfección una pieza de inspiración vintage con el estilo urbano moderno. Es ideal para lograr un look sofisticado y audaz, perfecto para una salida nocturna o un evento casual con estilo.",,,Marrón (3808),Standar,https://euchelperu.com/images/productos/178485039446571985971171.jpg,https://euchelperu.com/producto.php?id=1271,2026-09-18T05:45:57Z
1272,TOP MERLE,Tops,3,49.0,,PEN,1272TOP863,1272,Basic 21 Perú,ambos,"Una prenda de diseño romántico y elegante, ideal para aportar un toque de frescura y sofisticación a tus looks diarios o salidas casuales.",,,Blanco (3809),Standar,https://euchelperu.com/images/productos/17848506218195929354020.jpg,https://euchelperu.com/producto.php?id=1272,2026-09-18T05:46:24Z
1273,TOP ENCAJE MIA,Tops,3,49.0,,PEN,1273TOP328,1273,Basic 21 Perú,ambos,"Una prenda moderna y versátil de silueta ajustada, ideal para elevar tus looks casuales con un toque vanguardista y sofisticado.",,,Marrón (3810),Standar,https://euchelperu.com/images/productos/178485098486652242845240.jpg,https://euchelperu.com/producto.php?id=1273,2026-09-18T05:46:51Z
1274,TOP LAYLA,Tops,3,49.0,,PEN,1274TOP454,1274,Basic 21 Perú,ambos,"Una prenda que destila elegancia y audacia. Este top de encaje, diseñado para dejar los hombros descubiertos, combina una textura romántica con un corte moderno y atrevido, perfecto para destacar en cualquier ocasión especial.",,,Marrón (3811),Standar,https://euchelperu.com/images/productos/178485160225630280444119.jpg,https://euchelperu.com/producto.php?id=1274,2026-09-18T05:46:54Z
1275,CHAQUETA TREND CROP,Chaquetas,9,85.0,,PEN,1275CHAQ481,1275,Basic 21 Perú,ambos,"Una pieza versátil y moderna que no puede faltar en tu clóset. Esta chaqueta corta de mezclilla combina un diseño estructurado con un estilo relajado, ideal para completar cualquier look casual con un toque urbano.",,,Azul (3812),S-M,https://euchelperu.com/images/productos/17848627559406689938947.jpg,https://euchelperu.com/producto.php?id=1275,2026-09-18T05:46:57Z
1276,TOP TINNY,Tops,3,45.0,,PEN,1276TDTR677,1276,Basic 21 Perú,ambos,"Eleva tu estilo con este sofisticado top blusón en un delicado tono rosa palo. Diseñado para ofrecer una silueta femenina y elegante, esta prenda combina una caída suave y fluida con detalles románticos. Es la pieza perfecta para transicionar de un look de día a uno de noche con facilidad.",,,Rosado (3813),Standar,https://euchelperu.com/images/productos/178493522266303439131541.jpg,https://euchelperu.com/producto.php?id=1276,2026-09-18T05:47:00Z
1277,TOP CLARA ENCAJE,Tops,3,49.0,,PEN,1277H887DG,1277,Basic 21 Perú,ambos,"Aporta un toque de elegancia vintage a tu armario con este cautivador top corto de malla. Confeccionado en un tejido semitransparente y elástico, este top presenta un estampado floral detallado en tonos marrones y moca que evoca la estética nostálgica de los años 90. Su diseño ajustado y los detalles únicos lo convierten en una prenda llamativa y versátil.",,,Marrón (3814),Standar,https://euchelperu.com/images/productos/178493540587416360663711.jpg,https://euchelperu.com/producto.php?id=1277,2026-09-18T05:47:03Z
1278,TOP CHLOE,Tops,3,45.0,,PEN,1278YGT89,1278,Basic 21 Perú,ambos,"Elegante top de color rojo vibrante con un sofisticado escote en V pronunciado, que presenta un delicado drapeado fruncido bajo el busto para realzar la silueta y aportar un toque femenino y moderno. Cuenta con mangas cortas de corte holgado y fluido para mayor comodidad, un estilo ceñido en la zona de la cintura y el torso con sutiles pliegues horizontales que estilizan la figura, y una versatilidad ideal para combinar con jeans o pantalones de tiro alto tanto en un look casual como para una salida nocturna.",,,Rojo (3815),Standar,https://euchelperu.com/images/productos/178534479071564947165876.jpg,https://euchelperu.com/producto.php?id=1278,2026-09-18T05:47:18Z
1279,TOP SUA,Tops,3,45.0,,PEN,1279NHUIUK,1279,Basic 21 Perú,ambos,"Top ajustado con estampado de cuadros diagonales oscuros de estilo tartán, cuello alto tipo mao y una atractiva abertura frontal en forma de lágrima con detalle de botón. Su diseño ceñido y corte a la cintura lo convierten en una prenda versátil e ideal para combinar con jeans de tiro alto, logrando un look urbano, juvenil y lleno de estilo.",,,Azul (3816),Standar,https://euchelperu.com/images/productos/1785345268438543012622.jpg,https://euchelperu.com/producto.php?id=1279,2026-09-18T05:47:21Z
1280,TOP MIMY,Tops,3,45.0,,PEN,1280VGHY898,1280,Basic 21 Perú,ambos,"Este moderno top ajustado, presentado en un profundo color marrón oliva, destaca por su diseño de cuello alto tipo choker con una sofisticada abertura frontal en forma de lágrima. Confeccionado en un tejido elástico suave, su corte ceñido al cuerpo ofrece una silueta favorecedora. La longitud del dobladillo llega justo a la cintura, ofreciendo un estilo corto pero con cobertura suficiente, siendo una prenda versátil e ideal para combinar con jeans de tiro alto para un look urbano y actual.",,,Marrón (3817),Standar,https://euchelperu.com/images/productos/17853457271346632258206.jpg,https://euchelperu.com/producto.php?id=1280,2026-09-18T05:47:24Z
1281,BLUSA ABY,Blusas,18,59.0,,PEN,1281JYUYY,1281,Basic 21 Perú,ambos,"Elegante top de vestir en color blanco marfil, confeccionado en un tejido de aspecto sedoso y estructurado. Presenta un diseño asimétrico distintivo con un cierre cruzado en el frente, adornado con una hilera vertical de pequeños botones blancos. Cuenta con un cuello alto tipo mao, una solapa superpuesta en el escote y mangas cortas. El corte es ajustado, definiendo la silueta con costuras princesa, y el dobladillo inferior tiene un sutil acabado drapeado o asimétrico. Es una prenda versátil que combina la sofisticación de una blusa formal con un estilo moderno.",,,Blanco (3818),Standar,https://euchelperu.com/images/productos/178534655827816796719021.jpg,https://euchelperu.com/producto.php?id=1281,2026-09-18T05:47:39Z
1282,VESTIDO LOVE,Vestidos,8,59.0,,PEN,1282SSCXCX,1282,Basic 21 Perú,ambos,"Vestido corto ajustado de estilo halter en color marrón oscuro con sutiles destellos brillantes, pronunciado escote en V y una abertura circular en el centro del busto con detalle de herraje metálico. Una prenda sensual y elegante, perfecta para salidas nocturnas.",,,Marrón (3819),Standar,https://euchelperu.com/images/productos/17853468896526659471698.jpg,https://euchelperu.com/producto.php?id=1282,2026-09-18T05:47:44Z
1283,BLUSA ABY,Blusas,18,59.0,,PEN,1283FFDFFD,1283,Basic 21 Perú,ambos,"Blusa de manga corta con estampado de cuadros en tonos tierra y rosa, diseño asimétrico cruzado con botones en el lateral y cuello alto tipo mao. Un modelo entallado y versátil, ideal para combinar con jeans.",,,Rosado (3820),S-M,https://euchelperu.com/images/productos/178534729738039282128242.jpg,https://euchelperu.com/producto.php?id=1283,2026-09-18T05:48:11Z
1284,VESTIDO ALDEMAR,Vestidos,8,55.0,,PEN,1284DGGSEFS,1284,Basic 21 Perú,ambos,"Mini-vestido ajustado en elegante color azul marino con pronunciado escote en V y drapeado fruncido bajo el busto. Cuenta con mangas cortas fluidas y un diseño ceñido con sutiles pliegues en la falda, ideal para un look nocturno y sofisticado.",,,Azul (3821),Standar,https://euchelperu.com/images/productos/1785348173899692107443.jpg,https://euchelperu.com/producto.php?id=1284,2026-09-18T05:48:14Z
1285,TOP KIA,Tops,3,55.0,,PEN,1285JVFJF,1285,Basic 21 Perú,ambos,"Top ajustado de color negro con textura plisada, cuello alto tipo mao y un diseño cruzado frontal decorado con delicados lazos ajustables. De corte ceñido y estilo versátil, ideal para combinar con jeans de tiro alto.",,,Negro (3822),Standar,https://euchelperu.com/images/productos/178535053871595611659300.jpg,https://euchelperu.com/producto.php?id=1285,2026-09-18T05:48:18Z
1286,MINI VESTIDO BELLA,Vestidos,8,59.0,,PEN,1286EFFDS,1286,Basic 21 Perú,ambos,"Cautiva todas las miradas con este elegante y delicado vestido corto de estilo romántico, diseñado especialmente para realzar la feminidad con un toque moderno y sofisticado. Ideal para eventos de día, cócteles, citas especiales o salidas nocturnas.",,,Blanco (3823),Standar,https://euchelperu.com/images/productos/178535436896280536383051.jpg,https://euchelperu.com/producto.php?id=1286,2026-09-18T05:48:45Z
1287,VESTIDO ARI BOBO,Vestidos,8,59.0,,PEN,1287HIHIU,1287,Basic 21 Perú,ambos,"Eleva tu estilo con este sofisticado y seductor vestido corto asimétrico, diseñado para capturar todas las miradas en tu próximo evento especial. Confeccionado en un profundo tono vino tinto (borgoña), esta prenda combina elegancia clásica con toques modernos y atrevidos.",,,Rojo (3824),Standar,https://euchelperu.com/images/productos/178535502401601477679521.jpg,https://euchelperu.com/producto.php?id=1287,2026-09-18T05:49:38Z
1288,MINI VESTIDO ARIEL,Vestidos,8,55.0,,PEN,1288RFEEWEW,1288,Basic 21 Perú,ambos,"Destaca con elegancia y sensualidad con este sofisticado vestido corto de color marrón chocolate. Diseñado para realzar la silueta femenina, este vestido combina una textura rica y drapeada con detalles modernos en malla transparente, convirtiéndolo en la pieza perfecta para una noche de fiesta, una cena especial o un evento de cóctel.",,,Marrón (3825),Standar,https://euchelperu.com/images/productos/178535557563210489499708.jpg,https://euchelperu.com/producto.php?id=1288,2026-09-18T05:49:53Z
1289,TOP ABRIL,Tops,3,45.0,,PEN,1289DSDSDS,1289,Basic 21 Perú,ambos,"Eleva tu estilo de noche con este sofisticado y seductor top de color vino tinto (borgoña). Diseñado para capturar miradas, esta prenda combina una silueta estructurada con detalles fluidos y elegantes, perfecta para una cena especial, una fiesta o una salida nocturna.",,,Vino (3826),Standar,https://euchelperu.com/images/productos/17853558082452366284473.jpg,https://euchelperu.com/producto.php?id=1289,2026-09-18T05:50:32Z
1290,Cartera de 59,Carteras,12,59.0,,PEN,1290CAR86463,1290,Basic 21 Perú,ambos,"Diseño elegante y minimalista con acabado brillante tipo charol. Forma curva y compacta, con asas finas metálicas doradas y cierre de cremallera. Ideal para uso diario o ocasiones especiales, combina estilo y funcionalidad con un toque sofisticado.",,,Vino (3827) | Blanco (3828) | Beige (3829) | Negro (3830),Standar,https://euchelperu.com/images/productos/178544788436001266746374.jpg,https://euchelperu.com/producto.php?id=1290,2026-09-18T05:51:56Z
1291,Gorra vintage,Complementos,11,35.0,,PEN,1291GOR82879,1291,Basic 21 Perú,ambos,"Modelo clásico en tela de algodón con acabado desgastado que le da un toque relajado y moderno. Confección cómoda, visera reforzada y diseño versátil, perfecta para el día a día y combinar con cualquier estilo.",,,Perla (3831) | Azul (3832) | Plomo (3833) | Gris (3834),Standar,https://euchelperu.com/images/productos/178544890633862359157392.jpg,https://euchelperu.com/producto.php?id=1291,2026-09-18T05:52:32Z
1292,Enterizo gym Cohem,Enterizos,16,99.0,,PEN,1292KOE44,1292,Basic 21 Perú,ambos,"Modelo de tirantes con escote cuadrado y detalle de borde blanco, en tejido suave y elástico que marca la silueta. Diseño de pierna acampanada que le da un toque moderno y favorecedor. Ideal para actividades deportivas, looks casuales o combinar con prendas superiores para un estilo urbano y cómodo.",,,Negro (3835),S-M,https://euchelperu.com/images/productos/178544929534162824943201.jpg,https://euchelperu.com/producto.php?id=1292,2026-09-18T05:53:11Z
1293,ENTERIZO STELLA,Enterizos,16,99.0,,PEN,1293BAREY22,1293,Basic 21 Perú,ambos,"Diseño entallado, con tirantes cruzados en la espalda y escote en forma de U. Su tejido elástico y suave se adapta perfectamente a la silueta, con costuras que resaltan la figura. Pierna entera ajustada, ideal para entrenar, practicar yoga o crear looks cómodos y modernos en el día a día.",,,Plomo (3836),S-M,https://euchelperu.com/images/productos/178545011712194355315038.jpg,https://euchelperu.com/producto.php?id=1293,2026-09-18T05:53:26Z
1294,SHORT PRETINA,Shorts,20,55.0,,PEN,1294PRET55,1294,Basic 21 Perú,ambos,"Modelo ajustado con cintura ancha elástica que brinda sujeción y comodidad. Tejido suave, elástico y sin costuras molestas, ideal para entrenamientos, yoga o looks casuales. Diseño práctico que se adapta perfectamente a la figura y combina con cualquier prenda superior deportiva.",,,Verde (3837),S-M,https://euchelperu.com/images/productos/178545054432900298255443.jpg,https://euchelperu.com/producto.php?id=1294,2026-09-18T05:53:41Z
1295,TOP PINK,Tops,3,45.0,,PEN,1295ROSS11,1295,Basic 21 Perú,ambos,"Modelo de escote en V profundo y tirantes anchos. Confeccionado en tejido elástico, suave y transpirable que brinda sujeción cómoda sin marcar. Diseño minimalista y versátil, ideal para entrenar, usar como prenda interior o combinar con pantalones o shorts para un look fresco y femenino.",,,Rosado (3838),S-M,https://euchelperu.com/images/productos/178545183743855995749475.jpg,https://euchelperu.com/producto.php?id=1295,2026-09-18T05:53:56Z
1296,TOP RUGY,Tops,3,55.0,,PEN,1296RUGGHH,1296,Basic 21 Perú,ambos,"Modelo de cuello halter, detalle de nudo central y broche ajustable en la espalda. Tejido suave y elástico que brinda comodidad y sujeción. Diseño moderno y favorecedor, ideal para entrenar, días de sol o combinar con tus prendas favoritas para un look con mucho estilo.",,,Marrón (3839),S-M,https://euchelperu.com/images/productos/17854525133575621477867.jpg,https://euchelperu.com/producto.php?id=1296,2026-09-18T05:54:37Z
1297,SHORT BOLSILLOS,Shorts,20,55.0,,PEN,1297DTYR6,1297,Basic 21 Perú,ambos,"¡Lleva tu estilo al siguiente nivel con este short deportivo de tiro alto! Su diseño combina la comodidad urbana con bolsillos laterales tipo cargo y un fruncido trasero (scrunch) que realza tu figura. Confeccionado con un tejido elástico, suave y de alta sujeción, es perfecto para el gimnasio o un look casual. ¡Disponible en azul marino y negro!",,,Azul (3840),S-M,https://euchelperu.com/images/productos/178587472154881369164923.jpg,https://euchelperu.com/producto.php?id=1297,2026-09-18T05:54:40Z
1298,FLARE BOLSILLOS,Pantalones,6,85.0,,PEN,1298YYFHF,1298,Basic 21 Perú,ambos,"¡Eleva tu estilo con este pantalón flare de tiro alto! Su diseño combina una silueta acampanada con bolsillos tipo cargo y un favorecedor fruncido trasero (scrunch) que realza tu figura. Confeccionado con un tejido elástico, suave y de alta sujeción, es perfecto para el gimnasio o un look urbano. ¡Disponible en tonos marrones!",,,Marrón (3841),S-M,https://euchelperu.com/images/productos/178587510753462436074574.jpg,https://euchelperu.com/producto.php?id=1298,2026-09-18T05:54:55Z
1299,ENTERIZO STELLA,Enterizos,16,99.0,,PEN,1299GGGHG,1299,Basic 21 Perú,ambos,"¡Luce increíble con este enterizo deportivo de cuerpo entero en gris oscuro! Su diseño ajustado de una pieza estiliza tu figura, ofreciendo soporte y total libertad de movimiento gracias a su tejido elástico de alto rendimiento. Con un favorecedor escote en V y tirantes finos, es perfecto para yoga, pilates o un look athleisure impecable. ¡Comodidad y estilo en una sola prenda!",,,Azul (3842),S-M,https://euchelperu.com/images/productos/17858756936712206221702.jpg,https://euchelperu.com/producto.php?id=1299,2026-09-18T05:55:22Z
1300,VESTIDO TYFA,Vestidos,8,75.0,,PEN,1300JOIOJI,1300,Basic 21 Perú,ambos,"Eleva tu estilo con nuestro impresionante vestido corto 'Klara', la definición de elegancia moderna y sofisticada. Este vestido, en un blanco puro y nítido, es la pieza perfecta para cualquier evento especial de día o una noche de cóctel inolvidable.",,,Blanco (3843),S-M,https://euchelperu.com/images/productos/17870110034527842822284.jpg,https://euchelperu.com/producto.php?id=1300,2026-09-18T05:55:26Z
1301,TOP AMARA,Tops,3,49.0,,PEN,1301ggjgjh,1301,Basic 21 Perú,ambos,"Añade un toque de elegancia romántica y vanguardista a tu guardarropa con este top. Esta pieza única combina la sofisticación del encaje con un diseño moderno y atrevido, perfecto para elevar cualquier look de día o de noche.",,,verde olivo (3844),Standar,https://euchelperu.com/images/productos/178701202435188173439099.jpg,https://euchelperu.com/producto.php?id=1301,2026-09-18T05:55:29Z
1302,CROP WONDERLUST,Poleras,5,59.0,,PEN,1302JKJKK,1302,Basic 21 Perú,ambos,"Moderno y versátil crop sweater en tono pastel con cuello camisero, cierre metálico half-zip, sutil bordado ""Wanderlust"" y costura horizontal estructurada. Cuenta con mangas largas abombachadas y puños elásticos, ideal para lograr un estilo casual, cómodo y fácil de combinar.",,,Amarillo pastel (3845),Standar,https://euchelperu.com/images/productos/178701318312002164056435.jpg,https://euchelperu.com/producto.php?id=1302,2026-09-18T05:55:32Z
1303,VESTIDO ADA,Vestidos,8,75.0,,PEN,1303D7F5G2H1,1303,Basic 21 Perú,ambos,"Un vestido largo de silueta elegante y femenina, diseñado para realzar la figura con sutileza. Su escote halter, delicado detalle metálico y abertura frontal aportan un toque sofisticado y moderno, mientras que su caída fluida crea un movimiento ligero y favorecedor. Una pieza ideal para ocasiones especiales en las que destacar con elegancia y estilo.",,,Celeste pastel (3846),Standard,https://euchelperu.com/images/productos/178802775724515909634127.jpg,https://euchelperu.com/producto.php?id=1303,2026-09-18T05:55:35Z
1304,VESTIDO SABRINA,Vestidos,8,69.0,,PEN,130488KMJNB,1304,Basic 21 Perú,ambos,"Vestido largo de silueta femenina y sofisticada, con delicados tirantes y un elegante detalle dorado en el escote que aporta un toque distintivo. Su textura vertical y caída fluida estilizan la figura, creando una apariencia moderna y refinada. Una pieza perfecta para destacar con elegancia en cualquier ocasión especial.",,,Rojo Terracota (3847),Standard,https://euchelperu.com/images/productos/17880290311951239198281.jpg,https://euchelperu.com/producto.php?id=1304,2026-09-18T05:55:38Z
1305,VESTIDO TANIA,Vestidos,8,79.0,,PEN,1305GRSA65,1305,Basic 21 Perú,ambos,"Un vestido midi de silueta elegante y femenina, confeccionado en delicado encaje floral que aporta textura y sofisticación. Su cuello alto, escote sutil y corte entallado realzan la figura con un acabado refinado y moderno. Una pieza romántica y versátil, perfecta para ocasiones especiales y looks sofisticados.",,,Perla (3848),Standard,https://euchelperu.com/images/productos/178802941702665680653135.jpg,https://euchelperu.com/producto.php?id=1305,2026-09-18T05:55:42Z
1306,VESTIDO SULLY,Vestidos,8,75.0,,PEN,1306VES90115,1306,Basic 21 Perú,ambos,"Un vestido largo de inspiración sofisticada, con elegante diseño de un solo hombro y delicados drapeados que envuelven la silueta de forma favorecedora. El detalle floral dorado en el hombro añade un toque distintivo y glamuroso, mientras que la abertura lateral aporta movimiento y sensualidad. Una pieza refinada y femenina, ideal para eventos especiales y ocasiones donde quieras destacar.",,,Vino (3849),Standard,https://euchelperu.com/images/productos/17880303731801939682363.jpg,https://euchelperu.com/producto.php?id=1306,2026-09-18T05:55:45Z
1307,VESTIDO LOLA,Vestidos,8,69.0,,PEN,1307Lolabunny,1307,Basic 21 Perú,ambos,"Vestido corto de silueta entallada que combina sensualidad y sofisticación. Su top con delicados tirantes, abertura frontal y detalles de encaje con brillo aporta un toque femenino y glamuroso, mientras que el drapeado de la falda realza la figura con elegancia. Una pieza ideal para una noche especial, perfecta para destacar con un estilo moderno y sofisticado.",,,Rojo (3850) | Rosado (3885) | Azul (3886) | verde claro (3887) | Blanco (3888) | Marrón (3889) | Negro (3890),Standard,https://euchelperu.com/images/productos/178803070056907925071049.jpg,https://euchelperu.com/producto.php?id=1307,2026-09-18T05:56:09Z
1308,VESTIDO ADELL,Vestidos,8,55.0,,PEN,13085G9F1D3S,1308,Basic 21 Perú,ambos,"Vestido corto de manga larga, con un diseño elegante que realza la silueta. Su corte entallado y los delicados frunces en la cintura aportan una caída favorecedora, mientras que las mangas ligeramente acampanadas le dan un toque moderno y femenino. Una pieza versátil y chic, perfecta para una salida especial o una noche elegante.",,,Negro (3851) | Marrón (3883) | Blanco (3884),Standard,https://euchelperu.com/images/productos/178803112883715979855906.jpg,https://euchelperu.com/producto.php?id=1308,2026-09-18T05:56:18Z
1309,PANTALON SASTRE MAJU,Pantalones,6,75.0,,PEN,1309PAN16871,1309,Basic 21 Perú,ambos,"Pantalón de corte palazzo con silueta amplia y caída fluida, ideal para crear un look elegante y sofisticado. Su diseño de líneas limpias y cintura estructurada aporta un acabado moderno y favorecedor. Una pieza versátil y atemporal, perfecta para combinar con blusas, tops o camisas y elevar cualquier outfit.",,,Blanco (3852) | Negro (3891) | Marrón (3892),Standard,https://euchelperu.com/images/productos/178803172596820991538188.jpg,https://euchelperu.com/producto.php?id=1309,2026-09-18T05:56:28Z
1310,TOP HANNA MANGA LARGA,Tops,3,45.0,,PEN,13102A8S4D6F,1310,Basic 21 Perú,ambos,"Blusa de manga larga con escote off shoulder, diseñada para realzar los hombros y estilizar la silueta. Su corte entallado y tejido de acabado suave aportan una apariencia elegante y femenina, mientras que el diseño minimalista la convierte en una pieza versátil y sofisticada. Perfecta para crear looks modernos, delicados y con un toque de distinción.",,,Azul (3853) | Beige (3879) | Vino (3880) | Blanco (3881),Standard,https://euchelperu.com/images/productos/178803229948504308146156.jpg,https://euchelperu.com/producto.php?id=1310,2026-09-18T05:56:41Z
1311,TOP CAMI,Tops,3,45.0,,PEN,13119Q3W7E1R,1311,Basic 21 Perú,ambos,"Top de encaje floral con diseño strapless, de silueta entallada y femenina. Su delicada textura floral y el detalle de drapeado con lazo lateral aportan un toque romántico y sofisticado, mientras que su corte favorece la figura. Una pieza versátil y elegante, perfecta para combinar con pantalones o faldas y crear looks modernos y distinguidos.",,,Rosado pastel (3854) | Beige (3882),Standard,https://euchelperu.com/images/productos/178803255453163743271569.jpg,https://euchelperu.com/producto.php?id=1311,2026-09-18T05:56:48Z
1312,TOP MILA,Tops,3,45.0,,PEN,1312TOP 321,1312,Basic 21 Perú,ambos,"Top de manga corta con cuello alto, de silueta entallada que realza delicadamente la figura. Su diseño minimalista y cierre frontal aportan un toque moderno y sofisticado, convirtiéndolo en una pieza versátil y elegante. Ideal para crear looks pulidos y femeninos, tanto para el día como para una ocasión especial.",,,rojo (3855) | Marrón (3876) | Blanco (3877) | Negro (3878),Standard | Standar,https://euchelperu.com/images/productos/178803286131489527023054.jpg,https://euchelperu.com/producto.php?id=1312,2026-09-18T05:57:01Z
1313,TOP ANNY,Tops,3,45.0,,PEN,1313R1P9S3F7,1313,Basic 21 Perú,ambos,"Top de hombro descubierto con elegante diseño asimétrico y delicados drapeados que realzan la silueta. Su corte entallado y tejido de caída suave aportan un acabado femenino, moderno y sofisticado. Una pieza versátil y chic, perfecta para elevar tus looks de día o de noche.",,,Amarillo pastel (3856) | Marrón (3871) | Azul (3872) | Blanco (3873) | Negro (3874),Standard | Standar,https://euchelperu.com/images/productos/17880333074886973436581.jpg,https://euchelperu.com/producto.php?id=1313,2026-09-18T05:57:17Z
1314,TOP AMELIA,Tops,3,49.0,,PEN,13142D6F8G4H,1314,Basic 21 Perú,ambos,"Top de manga larga con delicado diseño floral y transparencias en las mangas, que aporta un aire femenino y sofisticado. Su cuello alto y abertura en forma de lágrima en el escote añaden un detalle elegante y distintivo. Una pieza versátil y refinada, perfecta para elevar cualquier look de día o de noche.",,,Negro (3857) | Beige (3875),Standard | Standar,https://euchelperu.com/images/productos/178803350716452376615469.jpg,https://euchelperu.com/producto.php?id=1314,2026-09-18T05:57:24Z
1315,TOP ROUS,Tops,3,45.0,,PEN,13154T8Y2U6I,1315,Basic 21 Perú,ambos,"Top de cuello alto con diseño halter y una elegante caída fluida que aporta movimiento y sofisticación. Su corte asimétrico añade un toque moderno y distintivo, creando una silueta femenina y estilizada. Una pieza ideal para destacar con elegancia en ocasiones especiales o elevar cualquier look.",,,Borgoña (3858) | Blanco (3869) | Rosado (3870),Standard | Standar,https://euchelperu.com/images/productos/17880337824162118129369.jpg,https://euchelperu.com/producto.php?id=1315,2026-09-18T05:57:33Z
1316,FALDA SHORT ORIGAMI,Faldas,7,65.0,,PEN,1316M5N1B9V2,1316,Basic 21 Perú,ambos,"Falda corta de silueta elegante y minimalista, con un diseño limpio y favorecedor que aporta un toque moderno y sofisticado. Su cintura estructurada y delicado detalle metálico completan una pieza versátil, ideal para combinar con tops, blusas o camisas. Perfecta para crear looks femeninos, chic y atemporales",,,Negro (3859),S-M,https://euchelperu.com/images/productos/178803450759831442088115.jpg,https://euchelperu.com/producto.php?id=1316,2026-09-18T05:57:37Z
1317,VESTIDO DALIA,Vestidos,8,75.0,,PEN,13176N2M8B4V,1317,Basic 21 Perú,ambos,"Vestido corto de encaje floral con un diseño elegante y femenino. Su corte entallado realza la silueta, mientras que el cuello estilo oriental y los delicados detalles en el escote le dan un toque sofisticado y único. Perfecto para ocasiones especiales o looks con un estilo romántico y chic.",,,Blanco (3860) | Negro (3866) | Guinda (3867) | Marrón (3868),Standard | Standar,https://euchelperu.com/images/productos/178803483306500244760935.jpg,https://euchelperu.com/producto.php?id=1317,2026-09-18T05:57:49Z
1318,VESTIDO AMBAR,Vestidos,8,55.0,,PEN,13183L7K1J5H,1318,Basic 21 Perú,ambos,"Vestido corto elegante y femenino, confeccionado en tela suave y ajustada que realza la silueta. Su diseño off shoulder con drapeado en la cintura aporta un toque sofisticado y moderno, perfecto para destacar en cualquier ocasión.",,,Azul (3861) | Marrón (3865),Standard | Standar,https://euchelperu.com/images/productos/178803494032315441165033.jpg,https://euchelperu.com/producto.php?id=1318,2026-09-18T05:57:56Z
1319,VESTIDO ROMA,Vestidos,8,75.0,,PEN,1319VES18396,1319,Basic 21 Perú,ambos,"Vestido corto de encaje con un diseño femenino y sofisticado. Cuenta con mangas largas acampanadas, cuello alto y un delicado escote en forma de lágrima. Su silueta entallada realza la figura, ideal para ocasiones especiales y looks elegantes.",,,Vino (3862) | Beige (3863) | Blanco (3864),Standard | Standar,https://euchelperu.com/images/productos/178804123738899280533970.jpg,https://euchelperu.com/producto.php?id=1319,2026-09-18T05:58:06Z
1321,BLUSA MARGARET,Tops,3,45.0,,PEN,1321TOP22133,1321,Basic 21 Perú,ambos,Top de cuello alto y corte ajustado con dobladillo asimétrico pronunciado.,,,Borgoña (3894),Standard,https://euchelperu.com/images/productos/178820075351775852567283.jpg,https://euchelperu.com/producto.php?id=1321,2026-09-18T05:58:13Z
1322,TOP DULCE,Tops,3,39.0,,PEN,13227K1J4H6G,1322,Basic 21 Perú,ambos,Top strapless con detalle de flor central y volantes escalonados.,,,Negro (3895),Standard,https://euchelperu.com/images/productos/178820118334841263689219.jpg,https://euchelperu.com/producto.php?id=1322,2026-09-18T05:58:17Z
1323,FALDA ONDA,Faldas,7,59.0,,PEN,13234U7I2O9P,1323,Basic 21 Perú,ambos,Falda corta de corte recto con costuras diagonales y detalle asimétrico en el dobladillo.,,,Blanco (3896),Standard,https://euchelperu.com/images/productos/178820163501160687099209.jpg,https://euchelperu.com/producto.php?id=1323,2026-09-18T05:58:20Z
1325,CARTERA 79,Carteras,12,79.0,,PEN,1325CAR48873,1325,Basic 21 Perú,ambos,Bolso de hombro estructurado con textura tipo tweed y detalle de pañuelo decorativo.,,,Marrón (3898),-,https://euchelperu.com/images/productos/17882022536916624534954.jpg,https://euchelperu.com/producto.php?id=1325,2026-09-18T05:58:23Z
1326,VESTIDO IRENE,Vestidos,8,59.0,,PEN,1326VEST126,1326,Basic 21 Perú,ambos,"Vestido corto de manga larga con pedrería, abertura frontal y puños con volantes.",,,VINO (3899),Standard,https://euchelperu.com/images/productos/178820261397852101658611.jpg,https://euchelperu.com/producto.php?id=1326,2026-09-18T05:58:26Z
1327,PANTAON WONDERLUST,Pantalones,6,59.0,,PEN,1327M1V8R5Q4,1327,Basic 21 Perú,ambos,Pantalón palazzo de cintura elástica con cordón ajustable y corte fluido.,,,Amarillo pastel (3900),Standard,https://euchelperu.com/images/productos/178820409446347352793403.jpg,https://euchelperu.com/producto.php?id=1327,2026-09-18T05:58:30Z
1328,PALAZZO CHRITIAN,Pantalones,6,59.0,,PEN,1328PAL494,1328,Basic 21 Perú,ambos,Pantalón palazzo cómodo de talle alto y corte relajado.,,,Plomo (3901),Standard,https://euchelperu.com/images/productos/178820459785958833642069.jpg,https://euchelperu.com/producto.php?id=1328,2026-09-18T05:58:33Z
1329,CONJUNTO ARLET,Set,10,65.0,,PEN,1329CON96242,1329,Basic 21 Perú,ambos,"Set tejido de dos piezas con diseño sofisticado en blanco y negro. Su acabado tejido y elegante contraste crean un look moderno, chic y lleno de estilo.",,,CREMA Y NEGRO (3902),Standard,https://euchelperu.com/images/productos/178915402897146359772384.jpg,https://euchelperu.com/producto.php?id=1329,2026-09-18T05:58:36Z
1330,CONJUNTO NARELLA,Set,10,65.0,,PEN,1330CON55521,1330,Basic 21 Perú,ambos,"Set tejido en tono crema con un delicado diseño calado y silueta moderna. Un look femenino, sofisticado y effortless, perfecto para destacar con elegancia.",,,CREMA (3903),Standard,https://euchelperu.com/images/productos/178915960461111370927529.jpg,https://euchelperu.com/producto.php?id=1330,2026-09-18T05:58:40Z
1331,TOP AVELINA,Tops,3,45.0,,PEN,1331TOP21197,1331,Basic 21 Perú,ambos,"Top de encaje azul con tirantes finos, delicado fruncido en el pecho y un elegante diseño asimétrico con caída fluida. Femenino, versátil y perfecto para elevar cualquier look de día o de noche.",,,Azul acero (3904),Standard,https://euchelperu.com/images/productos/178916015733927583981119.jpg,https://euchelperu.com/producto.php?id=1331,2026-09-18T05:58:43Z
1332,TOP NEREA,Tops,3,39.0,,PEN,1332NER12107,1332,Basic 21 Perú,ambos,"Top burdeos tipo pañuelo con detalle de flor dorada, elegante y femenino. Perfecto para un look sofisticado con jeans.",,,VINO (3905),Standard,https://euchelperu.com/images/productos/178916046529320887250447.jpg,https://euchelperu.com/producto.php?id=1332,2026-09-18T05:58:46Z
1333,TOP EVORA,Tops,3,39.0,,PEN,1333TOP90634,1333,Basic 21 Perú,ambos,"""Top azul marino de estilo halter con cuello alto drapeado, diseñado para realzar la figura con un toque de sofisticación y elegancia minimalista.""",,,Azul (3906),Standard,https://euchelperu.com/images/productos/17891610228908455045448.jpg,https://euchelperu.com/producto.php?id=1333,2026-09-18T05:58:49Z
1334,TOP ELOWEN,Tops,3,39.0,,PEN,1334ELO14747,1334,Basic 21 Perú,ambos,Top corto con profundo escote en V y delicado ribete de encaje. Femenino y sofisticado.,,,GRIS (3907),Standard,https://euchelperu.com/images/productos/178916148424421905892682.jpg,https://euchelperu.com/producto.php?id=1334,2026-09-18T05:58:55Z
1335,TOP ZINNIA,Tops,3,39.0,,PEN,1335TOP93104,1335,Basic 21 Perú,ambos,Top de finos tirantes con elegante escote cuadrado y costuras estructuradas que realzan la silueta. Femenino y sofisticado.,,,CREMA (3908),Standard,https://euchelperu.com/images/productos/178916215764266940054081.jpg,https://euchelperu.com/producto.php?id=1335,2026-09-18T05:58:58Z
1336,TOP CALÍOPE,Tops,3,45.0,,PEN,1336DOWH,1336,Basic 21 Perú,ambos,Top tipo strapless con escote corazón y detalle de volantes en la cintura para una silueta definida y femenina. Sofisticado y versátil.,,,BLANCO (3909),Standar,https://euchelperu.com/images/productos/17891626504334549847610.jpg,https://euchelperu.com/producto.php?id=1336,2026-09-18T05:59:01Z
1338,TOP BRIELLEBRI59881,Tops,3,45.0,,PEN,1338BRI59881,1338,Basic 21 Perú,ambos,"Top corto de inspiración oriental con cuello alto, detalles de vivo contrastante y sugerente abertura frontal. Femenino, moderno y sofisticado.",,,Negro (3911),Standar,https://euchelperu.com/images/productos/178916324256189947195438.jpg,https://euchelperu.com/producto.php?id=1338,2026-09-18T05:59:04Z
1339,CONJUNTO MALENA,Set,10,65.0,,PEN,1339CON96242,1339,Basic 21 Perú,ambos,"Conjunto de dos piezas en tejido texturizado con detalles de hebilla metálica dorada. Elegante, fresco y sofisticado.",,,BANCO (3912),Standard,https://euchelperu.com/images/productos/178916428591893194653015.jpg,https://euchelperu.com/producto.php?id=1339,2026-09-18T05:59:08Z
1340,VESTIDO ELARA,Vestidos,8,59.0,,PEN,1340VES33182,1340,Basic 21 Perú,ambos,"Vestido midi de punto texturizado con sutil patrón de líneas, escote en V con detalle de abertura y argolla metálica, y abertura lateral. Femenino, elegante y sofisticado.",,,Gris c/ rayas blancas (3913),Standard,https://euchelperu.com/images/productos/178916448185170617915967.jpg,https://euchelperu.com/producto.php?id=1340,2026-09-18T05:59:11Z
1341,TOP KENDRA,Tops,3,45.0,,PEN,1341TO277,1341,Basic 21 Perú,ambos,"Top de rayas con detalle cruzado y cuello alto, diseñado para realzar la silueta con un toque moderno y sofisticado.",,,A RAYAS (3914),Standard,https://euchelperu.com/images/productos/17895965534163867246972.jpg,https://euchelperu.com/producto.php?id=1341,2026-09-18T05:59:14Z
1342,TOP YVAINE,Tops,3,49.0,,PEN,1342TO762,1342,Basic 21 Perú,ambos,"Blusa de encaje floral con escote asimétrico y mangas acampanadas, una pieza delicada y sofisticada que aporta un toque femenino y elegante a cualquier look. ✨",,,Marrón (3915),Standard,https://euchelperu.com/images/productos/178959672915302360251671.jpg,https://euchelperu.com/producto.php?id=1342,2026-09-18T05:59:17Z
1343,CARDIGAN DOTS,Sweaters,4,59.0,,PEN,1343CA852,1343,Basic 21 Perú,ambos,"Cardigan de punto con estampado de lunares. Una prenda clásica y sofisticada que combina un diseño atemporal con un toque lúdico. Su tejido suave y cómodo, junto con el contraste de tonos, lo convierte en una pieza versátil y elegante para cualquier ocasión.",,,Marrón (3916),Standard,https://euchelperu.com/images/productos/178959701705039557452042.jpg,https://euchelperu.com/producto.php?id=1343,2026-09-18T05:59:20Z
1344,TOP XANTHE,Tops,3,49.0,,PEN,1344TO579,1344,Basic 21 Perú,ambos,"Top de punto acanalado con un diseño clásico y elegante. Su textura aporta un toque de sofisticación a esta prenda versátil y atemporal, perfecta para crear looks minimalistas y refinados.",,,AMARILLO (3917),Standard,https://euchelperu.com/images/productos/178959716087793259299092.jpg,https://euchelperu.com/producto.php?id=1344,2026-09-18T05:59:24Z
1345,TOP NARELLA,Tops,3,45.0,,PEN,1345TO643,1345,Basic 21 Perú,ambos,"Top corto de punto con hombros descubiertos y patrón de rayas. Una prenda elegante y versátil que ofrece un estilo refinado y chic, perfecto para elevar cualquier look con un toque de distinción.",,,CREMA Y MARRON (3918),Standard,https://euchelperu.com/images/productos/178959750017493697589263.jpg,https://euchelperu.com/producto.php?id=1345,2026-09-18T05:59:27Z
1348,TOP SERAPHINA,Tops,3,49.0,,PEN,1348TO317,1348,Basic 21 Perú,ambos,"Top halter asimétrico de un tono suave, con escote anudado y delicado ribete de encaje en el dobladillo. Una pieza sofisticada y etérea que fusiona elegancia con detalles románticos.",,,Celeste (3919) | rayas (3920),Standard,https://euchelperu.com/images/productos/17895981189664046359691.jpg | https://euchelperu.com/images/productos/17895983651740063627039.jpg,https://euchelperu.com/producto.php?id=1348,2026-09-18T05:59:33Z
1349,TOP ILIANA,Tops,3,45.0,,PEN,1349TO728,1349,Basic 21 Perú,ambos,"Top de cuello alto ajustado sin mangas. Una prenda esencial, minimalista y sofisticada que estiliza la figura y aporta un toque de refinamiento atemporal.",,,Blanco (3921),Standard,https://euchelperu.com/images/productos/178959852952245105839097.jpg,https://euchelperu.com/producto.php?id=1349,2026-09-18T05:59:36Z
1353,FALDA CADERA FRENETIC,Faldas,7,85.0,,PEN,13538H2K6J1F,1353,Basic 21 Perú,ambos,"Minifalda de mezclilla con diseño de tiro bajo y un sutil efecto deslavado. Una pieza versátil y moderna que aporta un aire juvenil y chic, ideal para armar estilismos casuales llenos de estilo.",,,Azul (3924),26,https://euchelperu.com/images/productos/178960081292560682344071.jpg,https://euchelperu.com/producto.php?id=1353,2026-09-18T05:59:40Z
1356,TOP MILUSKA,Tops,3,39.0,,PEN,1356TO802,1356,Basic 21 Perú,ambos,"Top asimétrico de un tono profundo, con un diseño de un solo hombro y un detalle de lazo colgante que añade un toque de elegancia dramática. Su dobladillo en punta alarga la silueta, convirtiéndolo en una pieza sofisticada y moderna, perfecta para destacar con estilo",,,Azul (3927),Standard,https://euchelperu.com/images/productos/178960147361955434229106.jpg,https://euchelperu.com/producto.php?id=1356,2026-09-18T05:59:43Z
1357,TOP ELARA,Tops,3,45.0,,PEN,1357TO378,1357,Basic 21 Perú,ambos,Top de tirantes finos con detalles de encaje y un elegante diseño asimétrico cruzado. Una prenda sofisticada y romántica que aporta un toque distintivo y seductor a cualquier look.,,,Marrón (3928),Standard,https://euchelperu.com/images/productos/178960184289926269211119.jpg,https://euchelperu.com/producto.php?id=1357,2026-09-18T05:59:46Z
1358,TOP LIORA,Tops,3,39.0,,PEN,1358TO664,1358,Basic 21 Perú,ambos,"Top de hombros descubiertos en un tono profundo, con un delicado ribete de encaje que añade un toque de elegancia. Su diseño ajustado y la textura drapeada realzan la silueta, convirtiéndolo en una pieza sofisticada y sumamente femenina.",,,Vino (3929),Standard,https://euchelperu.com/images/productos/178960244018461591812851.jpg,https://euchelperu.com/producto.php?id=1358,2026-09-18T05:59:49Z
1361,TOP MELIORA,Tops,3,39.0,,PEN,1361TO979,1361,Basic 21 Perú,ambos,Top palabra de honor con dobladillo en punta y delicados detalles de encaje. Una pieza elegante y sofisticada que realza la silueta con un toque de distinción y romanticismo.,,,Azul (3932),Standard,https://euchelperu.com/images/productos/178960402974051621179323.jpg,https://euchelperu.com/producto.php?id=1361,2026-09-18T05:59:53Z
1364,TOP CELESTIA,Tops,3,39.0,,PEN,1364TO845,1364,Basic 21 Perú,ambos,Top asimétrico con diseño de un solo hombro y manga corta. Su elegante detalle metálico en el tirante y el sutil fruncido lateral aportan un toque de sofisticación moderna y refinada.,,,Negro (3935),Standard,https://euchelperu.com/images/productos/17896049070962550925159.jpg,https://euchelperu.com/producto.php?id=1364,2026-09-18T05:59:56Z
1365,TOP ORLA,Tops,3,39.0,,PEN,1365TO966,1365,Basic 21 Perú,ambos,Top ajustado de tirantes finos con escote cruzado y sutiles ribetes en contraste. Una pieza delicada y sofisticada que estiliza la silueta con un toque minimalista y chic.,,,Beige (3936),Standard,https://euchelperu.com/images/productos/178960586375138808332498.jpg,https://euchelperu.com/producto.php?id=1365,2026-09-18T05:59:59Z
1366,CARDIGAN NEREA,Sweaters,4,59.0,,PEN,1366CA851,1366,Basic 21 Perú,ambos,Cárdigan de punto con patrón de rayas horizontales y sutil botonadura frontal. Una pieza clásica y acogedora que aporta un encanto atemporal y sofisticado a cualquier atuendo.,,,Rojo c/ rayas azules (3937),Standard,https://euchelperu.com/images/productos/178960626212040411892991.jpg,https://euchelperu.com/producto.php?id=1366,2026-09-18T06:00:03Z
1367,TOP RAISA,Tops,3,45.0,,PEN,1367TO898,1367,Basic 21 Perú,categoria,Top ajustado con elegante diseño drapeado en diagonal que estiliza la figura con un aire moderno y sofisticado.,,,Gris (3938),Standard,https://euchelperu.com/images/productos/178960654289458579451213.jpg,https://euchelperu.com/producto.php?id=1367,2026-09-17T20:21:40Z
