id_original,nombre,categoria,id_color,color,id_talla,talla,precio_color,precio_base,precio_oferta,stock,imagenes_color
9,Flare Pants Chompero,Pantalones,119,Verde Pistacho,167,32,50.0,50.0,,,https://euchelperu.com/images/productos/175693478151148691237238.jpg
9,Flare Pants Chompero,Pantalones,119,Verde Pistacho,168,34,50.0,50.0,,,https://euchelperu.com/images/productos/175693478151148691237238.jpg
9,Flare Pants Chompero,Pantalones,120,Marrón,169,32,50.0,50.0,,,https://euchelperu.com/images/productos/175693478151148691237238.jpg
9,Flare Pants Chompero,Pantalones,120,Marrón,170,34,50.0,50.0,,,https://euchelperu.com/images/productos/175693478151148691237238.jpg
9,Flare Pants Chompero,Pantalones,271,Azul,234,32,0.0,50.0,,,https://euchelperu.com/images/productos/175693478151148691237238.jpg
9,Flare Pants Chompero,Pantalones,271,Azul,235,34,0.0,50.0,,,https://euchelperu.com/images/productos/175693478151148691237238.jpg
9,Flare Pants Chompero,Pantalones,272,Negro,237,32,50.0,50.0,,,https://euchelperu.com/images/productos/175693478151148691237238.jpg
9,Flare Pants Chompero,Pantalones,272,Negro,238,34,50.0,50.0,,,https://euchelperu.com/images/productos/175693478151148691237238.jpg
9,Flare Pants Chompero,Pantalones,273,Blanco,240,32,50.0,50.0,,,https://euchelperu.com/images/productos/175693478151148691237238.jpg
9,Flare Pants Chompero,Pantalones,273,Blanco,241,34,50.0,50.0,,,https://euchelperu.com/images/productos/175693478151148691237238.jpg
16,Top Karol,Tops,31,Rojo,828,Standard,45.0,35.0,,,https://euchelperu.com/images/productos/175997671979939134147281.jpg
22,Chompa Qata manga larga,Tops,53,Celeste,802,Standard,49.0,29.0,,,https://euchelperu.com/images/productos/175997691126879349171172.jpg
24,Pantalón Jean Baggy,Pantalones,62,tono 1,8,26,95.0,95.0,,,https://euchelperu.com/images/productos/175693555853876890651383.jpg | https://euchelperu.com/images/productos/175857058432062661746006.jpg | https://euchelperu.com/images/productos/17585706055267836793195.jpg
24,Pantalón Jean Baggy,Pantalones,62,tono 1,9,28,95.0,95.0,,,https://euchelperu.com/images/productos/175693555853876890651383.jpg | https://euchelperu.com/images/productos/175857058432062661746006.jpg | https://euchelperu.com/images/productos/17585706055267836793195.jpg
24,Pantalón Jean Baggy,Pantalones,62,tono 1,10,30,95.0,95.0,,,https://euchelperu.com/images/productos/175693555853876890651383.jpg | https://euchelperu.com/images/productos/175857058432062661746006.jpg | https://euchelperu.com/images/productos/17585706055267836793195.jpg
24,Pantalón Jean Baggy,Pantalones,62,tono 1,11,32,95.0,95.0,,,https://euchelperu.com/images/productos/175693555853876890651383.jpg | https://euchelperu.com/images/productos/175857058432062661746006.jpg | https://euchelperu.com/images/productos/17585706055267836793195.jpg
24,Pantalón Jean Baggy,Pantalones,62,tono 1,793,34,95.0,95.0,,,https://euchelperu.com/images/productos/175693555853876890651383.jpg | https://euchelperu.com/images/productos/175857058432062661746006.jpg | https://euchelperu.com/images/productos/17585706055267836793195.jpg
24,Pantalón Jean Baggy,Pantalones,63,tono 2,12,26,95.0,95.0,,,https://euchelperu.com/images/productos/175857058432062661746006.jpg | https://euchelperu.com/images/productos/175693555853876890651383.jpg | https://euchelperu.com/images/productos/17585706055267836793195.jpg
24,Pantalón Jean Baggy,Pantalones,63,tono 2,13,28,95.0,95.0,,,https://euchelperu.com/images/productos/175857058432062661746006.jpg | https://euchelperu.com/images/productos/175693555853876890651383.jpg | https://euchelperu.com/images/productos/17585706055267836793195.jpg
24,Pantalón Jean Baggy,Pantalones,63,tono 2,14,30,95.0,95.0,,,https://euchelperu.com/images/productos/175857058432062661746006.jpg | https://euchelperu.com/images/productos/175693555853876890651383.jpg | https://euchelperu.com/images/productos/17585706055267836793195.jpg
24,Pantalón Jean Baggy,Pantalones,63,tono 2,15,32,95.0,95.0,,,https://euchelperu.com/images/productos/175857058432062661746006.jpg | https://euchelperu.com/images/productos/175693555853876890651383.jpg | https://euchelperu.com/images/productos/17585706055267836793195.jpg
24,Pantalón Jean Baggy,Pantalones,63,tono 2,794,34,95.0,95.0,,,https://euchelperu.com/images/productos/175857058432062661746006.jpg | https://euchelperu.com/images/productos/175693555853876890651383.jpg | https://euchelperu.com/images/productos/17585706055267836793195.jpg
24,Pantalón Jean Baggy,Pantalones,64,tono 3,16,26,95.0,95.0,,,https://euchelperu.com/images/productos/17585706055267836793195.jpg | https://euchelperu.com/images/productos/175693555853876890651383.jpg | https://euchelperu.com/images/productos/175857058432062661746006.jpg
24,Pantalón Jean Baggy,Pantalones,64,tono 3,17,28,95.0,95.0,,,https://euchelperu.com/images/productos/17585706055267836793195.jpg | https://euchelperu.com/images/productos/175693555853876890651383.jpg | https://euchelperu.com/images/productos/175857058432062661746006.jpg
24,Pantalón Jean Baggy,Pantalones,64,tono 3,18,30,95.0,95.0,,,https://euchelperu.com/images/productos/17585706055267836793195.jpg | https://euchelperu.com/images/productos/175693555853876890651383.jpg | https://euchelperu.com/images/productos/175857058432062661746006.jpg
24,Pantalón Jean Baggy,Pantalones,64,tono 3,19,32,95.0,95.0,,,https://euchelperu.com/images/productos/17585706055267836793195.jpg | https://euchelperu.com/images/productos/175693555853876890651383.jpg | https://euchelperu.com/images/productos/175857058432062661746006.jpg
24,Pantalón Jean Baggy,Pantalones,64,tono 3,795,34,95.0,95.0,,,https://euchelperu.com/images/productos/17585706055267836793195.jpg | https://euchelperu.com/images/productos/175693555853876890651383.jpg | https://euchelperu.com/images/productos/175857058432062661746006.jpg
24,Pantalón Jean Baggy,Pantalones,65,tono 4,20,26,95.0,95.0,,,https://euchelperu.com/images/productos/175693555853876890651383.jpg | https://euchelperu.com/images/productos/175857058432062661746006.jpg | https://euchelperu.com/images/productos/17585706055267836793195.jpg
24,Pantalón Jean Baggy,Pantalones,65,tono 4,21,28,95.0,95.0,,,https://euchelperu.com/images/productos/175693555853876890651383.jpg | https://euchelperu.com/images/productos/175857058432062661746006.jpg | https://euchelperu.com/images/productos/17585706055267836793195.jpg
24,Pantalón Jean Baggy,Pantalones,65,tono 4,22,30,95.0,95.0,,,https://euchelperu.com/images/productos/175693555853876890651383.jpg | https://euchelperu.com/images/productos/175857058432062661746006.jpg | https://euchelperu.com/images/productos/17585706055267836793195.jpg
24,Pantalón Jean Baggy,Pantalones,65,tono 4,23,32,95.0,95.0,,,https://euchelperu.com/images/productos/175693555853876890651383.jpg | https://euchelperu.com/images/productos/175857058432062661746006.jpg | https://euchelperu.com/images/productos/17585706055267836793195.jpg
24,Pantalón Jean Baggy,Pantalones,65,tono 4,796,34,95.0,95.0,,,https://euchelperu.com/images/productos/175693555853876890651383.jpg | https://euchelperu.com/images/productos/175857058432062661746006.jpg | https://euchelperu.com/images/productos/17585706055267836793195.jpg
24,Pantalón Jean Baggy,Pantalones,66,tono 5,24,26,95.0,95.0,,,https://euchelperu.com/images/productos/175693555853876890651383.jpg | https://euchelperu.com/images/productos/175857058432062661746006.jpg | https://euchelperu.com/images/productos/17585706055267836793195.jpg
24,Pantalón Jean Baggy,Pantalones,66,tono 5,25,28,95.0,95.0,,,https://euchelperu.com/images/productos/175693555853876890651383.jpg | https://euchelperu.com/images/productos/175857058432062661746006.jpg | https://euchelperu.com/images/productos/17585706055267836793195.jpg
24,Pantalón Jean Baggy,Pantalones,66,tono 5,26,30,95.0,95.0,,,https://euchelperu.com/images/productos/175693555853876890651383.jpg | https://euchelperu.com/images/productos/175857058432062661746006.jpg | https://euchelperu.com/images/productos/17585706055267836793195.jpg
24,Pantalón Jean Baggy,Pantalones,66,tono 5,27,32,95.0,95.0,,,https://euchelperu.com/images/productos/175693555853876890651383.jpg | https://euchelperu.com/images/productos/175857058432062661746006.jpg | https://euchelperu.com/images/productos/17585706055267836793195.jpg
24,Pantalón Jean Baggy,Pantalones,66,tono 5,797,34,95.0,95.0,,,https://euchelperu.com/images/productos/175693555853876890651383.jpg | https://euchelperu.com/images/productos/175857058432062661746006.jpg | https://euchelperu.com/images/productos/17585706055267836793195.jpg
25,Pantalón Jean Wide Leg,Pantalones,67,tono 1,28,26,95.0,95.0,,,https://euchelperu.com/images/productos/17570951578701706379324.jpg | https://euchelperu.com/images/productos/175857042038314969160685.jpg | https://euchelperu.com/images/productos/17585704728878685344188.jpg | https://euchelperu.com/images/productos/17585862265985654392372.jpg | https://euchelperu.com/images/productos/17585862428100395698434.jpg
25,Pantalón Jean Wide Leg,Pantalones,67,tono 1,29,28,95.0,95.0,,,https://euchelperu.com/images/productos/17570951578701706379324.jpg | https://euchelperu.com/images/productos/175857042038314969160685.jpg | https://euchelperu.com/images/productos/17585704728878685344188.jpg | https://euchelperu.com/images/productos/17585862265985654392372.jpg | https://euchelperu.com/images/productos/17585862428100395698434.jpg
25,Pantalón Jean Wide Leg,Pantalones,67,tono 1,30,30,95.0,95.0,,,https://euchelperu.com/images/productos/17570951578701706379324.jpg | https://euchelperu.com/images/productos/175857042038314969160685.jpg | https://euchelperu.com/images/productos/17585704728878685344188.jpg | https://euchelperu.com/images/productos/17585862265985654392372.jpg | https://euchelperu.com/images/productos/17585862428100395698434.jpg
25,Pantalón Jean Wide Leg,Pantalones,67,tono 1,31,32,95.0,95.0,,,https://euchelperu.com/images/productos/17570951578701706379324.jpg | https://euchelperu.com/images/productos/175857042038314969160685.jpg | https://euchelperu.com/images/productos/17585704728878685344188.jpg | https://euchelperu.com/images/productos/17585862265985654392372.jpg | https://euchelperu.com/images/productos/17585862428100395698434.jpg
25,Pantalón Jean Wide Leg,Pantalones,67,tono 1,722,34,95.0,95.0,,,https://euchelperu.com/images/productos/17570951578701706379324.jpg | https://euchelperu.com/images/productos/175857042038314969160685.jpg | https://euchelperu.com/images/productos/17585704728878685344188.jpg | https://euchelperu.com/images/productos/17585862265985654392372.jpg | https://euchelperu.com/images/productos/17585862428100395698434.jpg
25,Pantalón Jean Wide Leg,Pantalones,68,tono 2,32,26,95.0,95.0,,,https://euchelperu.com/images/productos/175857042038314969160685.jpg | https://euchelperu.com/images/productos/17570951578701706379324.jpg | https://euchelperu.com/images/productos/17585704728878685344188.jpg | https://euchelperu.com/images/productos/17585862265985654392372.jpg | https://euchelperu.com/images/productos/17585862428100395698434.jpg
25,Pantalón Jean Wide Leg,Pantalones,68,tono 2,33,28,95.0,95.0,,,https://euchelperu.com/images/productos/175857042038314969160685.jpg | https://euchelperu.com/images/productos/17570951578701706379324.jpg | https://euchelperu.com/images/productos/17585704728878685344188.jpg | https://euchelperu.com/images/productos/17585862265985654392372.jpg | https://euchelperu.com/images/productos/17585862428100395698434.jpg
25,Pantalón Jean Wide Leg,Pantalones,68,tono 2,34,30,95.0,95.0,,,https://euchelperu.com/images/productos/175857042038314969160685.jpg | https://euchelperu.com/images/productos/17570951578701706379324.jpg | https://euchelperu.com/images/productos/17585704728878685344188.jpg | https://euchelperu.com/images/productos/17585862265985654392372.jpg | https://euchelperu.com/images/productos/17585862428100395698434.jpg
25,Pantalón Jean Wide Leg,Pantalones,68,tono 2,35,32,95.0,95.0,,,https://euchelperu.com/images/productos/175857042038314969160685.jpg | https://euchelperu.com/images/productos/17570951578701706379324.jpg | https://euchelperu.com/images/productos/17585704728878685344188.jpg | https://euchelperu.com/images/productos/17585862265985654392372.jpg | https://euchelperu.com/images/productos/17585862428100395698434.jpg
25,Pantalón Jean Wide Leg,Pantalones,68,tono 2,790,34,95.0,95.0,,,https://euchelperu.com/images/productos/175857042038314969160685.jpg | https://euchelperu.com/images/productos/17570951578701706379324.jpg | https://euchelperu.com/images/productos/17585704728878685344188.jpg | https://euchelperu.com/images/productos/17585862265985654392372.jpg | https://euchelperu.com/images/productos/17585862428100395698434.jpg
25,Pantalón Jean Wide Leg,Pantalones,69,tono 3,36,26,95.0,95.0,,,https://euchelperu.com/images/productos/17585704728878685344188.jpg | https://euchelperu.com/images/productos/17570951578701706379324.jpg | https://euchelperu.com/images/productos/175857042038314969160685.jpg | https://euchelperu.com/images/productos/17585862265985654392372.jpg | https://euchelperu.com/images/productos/17585862428100395698434.jpg
25,Pantalón Jean Wide Leg,Pantalones,69,tono 3,37,28,95.0,95.0,,,https://euchelperu.com/images/productos/17585704728878685344188.jpg | https://euchelperu.com/images/productos/17570951578701706379324.jpg | https://euchelperu.com/images/productos/175857042038314969160685.jpg | https://euchelperu.com/images/productos/17585862265985654392372.jpg | https://euchelperu.com/images/productos/17585862428100395698434.jpg
25,Pantalón Jean Wide Leg,Pantalones,69,tono 3,38,30,95.0,95.0,,,https://euchelperu.com/images/productos/17585704728878685344188.jpg | https://euchelperu.com/images/productos/17570951578701706379324.jpg | https://euchelperu.com/images/productos/175857042038314969160685.jpg | https://euchelperu.com/images/productos/17585862265985654392372.jpg | https://euchelperu.com/images/productos/17585862428100395698434.jpg
25,Pantalón Jean Wide Leg,Pantalones,69,tono 3,39,32,95.0,95.0,,,https://euchelperu.com/images/productos/17585704728878685344188.jpg | https://euchelperu.com/images/productos/17570951578701706379324.jpg | https://euchelperu.com/images/productos/175857042038314969160685.jpg | https://euchelperu.com/images/productos/17585862265985654392372.jpg | https://euchelperu.com/images/productos/17585862428100395698434.jpg
25,Pantalón Jean Wide Leg,Pantalones,69,tono 3,791,34,95.0,95.0,,,https://euchelperu.com/images/productos/17585704728878685344188.jpg | https://euchelperu.com/images/productos/17570951578701706379324.jpg | https://euchelperu.com/images/productos/175857042038314969160685.jpg | https://euchelperu.com/images/productos/17585862265985654392372.jpg | https://euchelperu.com/images/productos/17585862428100395698434.jpg
25,Pantalón Jean Wide Leg,Pantalones,70,tono 4,40,26,95.0,95.0,,,https://euchelperu.com/images/productos/17585862265985654392372.jpg | https://euchelperu.com/images/productos/17570951578701706379324.jpg | https://euchelperu.com/images/productos/175857042038314969160685.jpg | https://euchelperu.com/images/productos/17585704728878685344188.jpg | https://euchelperu.com/images/productos/17585862428100395698434.jpg
25,Pantalón Jean Wide Leg,Pantalones,70,tono 4,41,28,95.0,95.0,,,https://euchelperu.com/images/productos/17585862265985654392372.jpg | https://euchelperu.com/images/productos/17570951578701706379324.jpg | https://euchelperu.com/images/productos/175857042038314969160685.jpg | https://euchelperu.com/images/productos/17585704728878685344188.jpg | https://euchelperu.com/images/productos/17585862428100395698434.jpg
25,Pantalón Jean Wide Leg,Pantalones,70,tono 4,42,30,95.0,95.0,,,https://euchelperu.com/images/productos/17585862265985654392372.jpg | https://euchelperu.com/images/productos/17570951578701706379324.jpg | https://euchelperu.com/images/productos/175857042038314969160685.jpg | https://euchelperu.com/images/productos/17585704728878685344188.jpg | https://euchelperu.com/images/productos/17585862428100395698434.jpg
25,Pantalón Jean Wide Leg,Pantalones,70,tono 4,43,32,95.0,95.0,,,https://euchelperu.com/images/productos/17585862265985654392372.jpg | https://euchelperu.com/images/productos/17570951578701706379324.jpg | https://euchelperu.com/images/productos/175857042038314969160685.jpg | https://euchelperu.com/images/productos/17585704728878685344188.jpg | https://euchelperu.com/images/productos/17585862428100395698434.jpg
25,Pantalón Jean Wide Leg,Pantalones,70,tono 4,792,34,95.0,95.0,,,https://euchelperu.com/images/productos/17585862265985654392372.jpg | https://euchelperu.com/images/productos/17570951578701706379324.jpg | https://euchelperu.com/images/productos/175857042038314969160685.jpg | https://euchelperu.com/images/productos/17585704728878685344188.jpg | https://euchelperu.com/images/productos/17585862428100395698434.jpg
25,Pantalón Jean Wide Leg,Pantalones,1016,tono 5,,,,95.0,,,https://euchelperu.com/images/productos/17585862428100395698434.jpg | https://euchelperu.com/images/productos/17570951578701706379324.jpg | https://euchelperu.com/images/productos/175857042038314969160685.jpg | https://euchelperu.com/images/productos/17585704728878685344188.jpg | https://euchelperu.com/images/productos/17585862265985654392372.jpg
26,Pantalón Jean Flare,Pantalones,71,tono 1,45,28,95.0,95.0,,,https://euchelperu.com/images/productos/175709732879665243188938.jpg | https://euchelperu.com/images/productos/175858673373738400749393.jpg | https://euchelperu.com/images/productos/175858670516744232052852.jpg
26,Pantalón Jean Flare,Pantalones,71,tono 1,46,30,95.0,95.0,,,https://euchelperu.com/images/productos/175709732879665243188938.jpg | https://euchelperu.com/images/productos/175858673373738400749393.jpg | https://euchelperu.com/images/productos/175858670516744232052852.jpg
26,Pantalón Jean Flare,Pantalones,71,tono 1,47,32,95.0,95.0,,,https://euchelperu.com/images/productos/175709732879665243188938.jpg | https://euchelperu.com/images/productos/175858673373738400749393.jpg | https://euchelperu.com/images/productos/175858670516744232052852.jpg
26,Pantalón Jean Flare,Pantalones,71,tono 1,786,34,95.0,95.0,,,https://euchelperu.com/images/productos/175709732879665243188938.jpg | https://euchelperu.com/images/productos/175858673373738400749393.jpg | https://euchelperu.com/images/productos/175858670516744232052852.jpg
26,Pantalón Jean Flare,Pantalones,72,tono 2,49,28,95.0,95.0,,,https://euchelperu.com/images/productos/175858670516744232052852.jpg | https://euchelperu.com/images/productos/175709732879665243188938.jpg | https://euchelperu.com/images/productos/175858673373738400749393.jpg
26,Pantalón Jean Flare,Pantalones,72,tono 2,50,30,95.0,95.0,,,https://euchelperu.com/images/productos/175858670516744232052852.jpg | https://euchelperu.com/images/productos/175709732879665243188938.jpg | https://euchelperu.com/images/productos/175858673373738400749393.jpg
26,Pantalón Jean Flare,Pantalones,72,tono 2,51,32,95.0,95.0,,,https://euchelperu.com/images/productos/175858670516744232052852.jpg | https://euchelperu.com/images/productos/175709732879665243188938.jpg | https://euchelperu.com/images/productos/175858673373738400749393.jpg
26,Pantalón Jean Flare,Pantalones,72,tono 2,787,34,95.0,95.0,,,https://euchelperu.com/images/productos/175858670516744232052852.jpg | https://euchelperu.com/images/productos/175709732879665243188938.jpg | https://euchelperu.com/images/productos/175858673373738400749393.jpg
28,Pantalón Jean Wide Leg Vintage,Pantalones,76,Único,62,24,95.0,95.0,,,https://euchelperu.com/images/productos/175709222113467341082752.jpg
28,Pantalón Jean Wide Leg Vintage,Pantalones,76,Único,63,26,95.0,95.0,,,https://euchelperu.com/images/productos/175709222113467341082752.jpg
28,Pantalón Jean Wide Leg Vintage,Pantalones,76,Único,64,28,95.0,95.0,,,https://euchelperu.com/images/productos/175709222113467341082752.jpg
28,Pantalón Jean Wide Leg Vintage,Pantalones,76,Único,65,30,95.0,95.0,,,https://euchelperu.com/images/productos/175709222113467341082752.jpg
28,Pantalón Jean Wide Leg Vintage,Pantalones,76,Único,66,32,95.0,95.0,,,https://euchelperu.com/images/productos/175709222113467341082752.jpg
28,Pantalón Jean Wide Leg Vintage,Pantalones,76,Único,782,34,95.0,95.0,,,https://euchelperu.com/images/productos/175709222113467341082752.jpg
29,Pantalón Wide Reverse Nebula,Pantalones,77,Único,67,26,95.0,95.0,,,https://euchelperu.com/images/productos/175709183167430740737481.jpg
29,Pantalón Wide Reverse Nebula,Pantalones,77,Único,68,28,95.0,95.0,,,https://euchelperu.com/images/productos/175709183167430740737481.jpg
29,Pantalón Wide Reverse Nebula,Pantalones,77,Único,776,30,95.0,95.0,,,https://euchelperu.com/images/productos/175709183167430740737481.jpg
29,Pantalón Wide Reverse Nebula,Pantalones,77,Único,777,32,95.0,95.0,,,https://euchelperu.com/images/productos/175709183167430740737481.jpg
29,Pantalón Wide Reverse Nebula,Pantalones,77,Único,778,34,95.0,95.0,,,https://euchelperu.com/images/productos/175709183167430740737481.jpg
30,Pantalón Star Nebula,Pantalones,78,Único,69,26,95.0,95.0,,,https://euchelperu.com/images/productos/175709217149237368457171.jpg
30,Pantalón Star Nebula,Pantalones,78,Único,70,28,95.0,95.0,,,https://euchelperu.com/images/productos/175709217149237368457171.jpg
30,Pantalón Star Nebula,Pantalones,78,Único,779,30,95.0,95.0,,,https://euchelperu.com/images/productos/175709217149237368457171.jpg
30,Pantalón Star Nebula,Pantalones,78,Único,780,32,95.0,95.0,,,https://euchelperu.com/images/productos/175709217149237368457171.jpg
30,Pantalón Star Nebula,Pantalones,78,Único,781,34,95.0,95.0,,,https://euchelperu.com/images/productos/175709217149237368457171.jpg
32,Pantalón Jean Wide Leg Cadera,Pantalones,81,tono 1,79,26,95.0,95.0,,,https://euchelperu.com/images/productos/17569358036643519880675.jpg | https://euchelperu.com/images/productos/175857160051120162592182.jpg | https://euchelperu.com/images/productos/175858644723297838148653.jpg
32,Pantalón Jean Wide Leg Cadera,Pantalones,81,tono 1,80,28,95.0,95.0,,,https://euchelperu.com/images/productos/17569358036643519880675.jpg | https://euchelperu.com/images/productos/175857160051120162592182.jpg | https://euchelperu.com/images/productos/175858644723297838148653.jpg
32,Pantalón Jean Wide Leg Cadera,Pantalones,81,tono 1,81,30,95.0,95.0,,,https://euchelperu.com/images/productos/17569358036643519880675.jpg | https://euchelperu.com/images/productos/175857160051120162592182.jpg | https://euchelperu.com/images/productos/175858644723297838148653.jpg
32,Pantalón Jean Wide Leg Cadera,Pantalones,81,tono 1,82,32,95.0,95.0,,,https://euchelperu.com/images/productos/17569358036643519880675.jpg | https://euchelperu.com/images/productos/175857160051120162592182.jpg | https://euchelperu.com/images/productos/175858644723297838148653.jpg
32,Pantalón Jean Wide Leg Cadera,Pantalones,81,tono 1,771,34,95.0,95.0,,,https://euchelperu.com/images/productos/17569358036643519880675.jpg | https://euchelperu.com/images/productos/175857160051120162592182.jpg | https://euchelperu.com/images/productos/175858644723297838148653.jpg
32,Pantalón Jean Wide Leg Cadera,Pantalones,82,tono 2,83,26,95.0,95.0,,,https://euchelperu.com/images/productos/175857160051120162592182.jpg | https://euchelperu.com/images/productos/17569358036643519880675.jpg | https://euchelperu.com/images/productos/175858644723297838148653.jpg
32,Pantalón Jean Wide Leg Cadera,Pantalones,82,tono 2,84,28,95.0,95.0,,,https://euchelperu.com/images/productos/175857160051120162592182.jpg | https://euchelperu.com/images/productos/17569358036643519880675.jpg | https://euchelperu.com/images/productos/175858644723297838148653.jpg
32,Pantalón Jean Wide Leg Cadera,Pantalones,82,tono 2,85,30,95.0,95.0,,,https://euchelperu.com/images/productos/175857160051120162592182.jpg | https://euchelperu.com/images/productos/17569358036643519880675.jpg | https://euchelperu.com/images/productos/175858644723297838148653.jpg
32,Pantalón Jean Wide Leg Cadera,Pantalones,82,tono 2,86,32,95.0,95.0,,,https://euchelperu.com/images/productos/175857160051120162592182.jpg | https://euchelperu.com/images/productos/17569358036643519880675.jpg | https://euchelperu.com/images/productos/175858644723297838148653.jpg
32,Pantalón Jean Wide Leg Cadera,Pantalones,82,tono 2,772,34,95.0,95.0,,,https://euchelperu.com/images/productos/175857160051120162592182.jpg | https://euchelperu.com/images/productos/17569358036643519880675.jpg | https://euchelperu.com/images/productos/175858644723297838148653.jpg
32,Pantalón Jean Wide Leg Cadera,Pantalones,83,tono 3,87,26,95.0,95.0,,,https://euchelperu.com/images/productos/175858644723297838148653.jpg | https://euchelperu.com/images/productos/17569358036643519880675.jpg | https://euchelperu.com/images/productos/175857160051120162592182.jpg
32,Pantalón Jean Wide Leg Cadera,Pantalones,83,tono 3,88,28,95.0,95.0,,,https://euchelperu.com/images/productos/175858644723297838148653.jpg | https://euchelperu.com/images/productos/17569358036643519880675.jpg | https://euchelperu.com/images/productos/175857160051120162592182.jpg
32,Pantalón Jean Wide Leg Cadera,Pantalones,83,tono 3,89,30,95.0,95.0,,,https://euchelperu.com/images/productos/175858644723297838148653.jpg | https://euchelperu.com/images/productos/17569358036643519880675.jpg | https://euchelperu.com/images/productos/175857160051120162592182.jpg
32,Pantalón Jean Wide Leg Cadera,Pantalones,83,tono 3,90,32,95.0,95.0,,,https://euchelperu.com/images/productos/175858644723297838148653.jpg | https://euchelperu.com/images/productos/17569358036643519880675.jpg | https://euchelperu.com/images/productos/175857160051120162592182.jpg
32,Pantalón Jean Wide Leg Cadera,Pantalones,83,tono 3,773,34,95.0,95.0,,,https://euchelperu.com/images/productos/175858644723297838148653.jpg | https://euchelperu.com/images/productos/17569358036643519880675.jpg | https://euchelperu.com/images/productos/175857160051120162592182.jpg
33,Pantalón cadera Ivanna,Pantalones,84,1,91,26,95.0,95.0,,,https://euchelperu.com/images/productos/175709202608687840388511.jpg
33,Pantalón cadera Ivanna,Pantalones,84,1,92,28,95.0,95.0,,,https://euchelperu.com/images/productos/175709202608687840388511.jpg
33,Pantalón cadera Ivanna,Pantalones,84,1,93,30,95.0,95.0,,,https://euchelperu.com/images/productos/175709202608687840388511.jpg
33,Pantalón cadera Ivanna,Pantalones,84,1,94,32,95.0,95.0,,,https://euchelperu.com/images/productos/175709202608687840388511.jpg
33,Pantalón cadera Ivanna,Pantalones,84,1,769,34,95.0,95.0,,,https://euchelperu.com/images/productos/175709202608687840388511.jpg
33,Pantalón cadera Ivanna,Pantalones,85,2,95,26,95.0,95.0,,,https://euchelperu.com/images/productos/175709202608687840388511.jpg
33,Pantalón cadera Ivanna,Pantalones,85,2,96,28,95.0,95.0,,,https://euchelperu.com/images/productos/175709202608687840388511.jpg
33,Pantalón cadera Ivanna,Pantalones,85,2,97,30,95.0,95.0,,,https://euchelperu.com/images/productos/175709202608687840388511.jpg
33,Pantalón cadera Ivanna,Pantalones,85,2,98,32,95.0,95.0,,,https://euchelperu.com/images/productos/175709202608687840388511.jpg
33,Pantalón cadera Ivanna,Pantalones,85,2,770,34,95.0,95.0,,,https://euchelperu.com/images/productos/175709202608687840388511.jpg
35,Pantalon Jean Cadera Culotte,Pantalones,89,tono 1,108,24,95.0,95.0,,,https://euchelperu.com/images/productos/175693561964049418742118.jpg | https://euchelperu.com/images/productos/17585706423129011242831.jpg
35,Pantalon Jean Cadera Culotte,Pantalones,89,tono 1,109,26,95.0,95.0,,,https://euchelperu.com/images/productos/175693561964049418742118.jpg | https://euchelperu.com/images/productos/17585706423129011242831.jpg
35,Pantalon Jean Cadera Culotte,Pantalones,89,tono 1,110,28,95.0,95.0,,,https://euchelperu.com/images/productos/175693561964049418742118.jpg | https://euchelperu.com/images/productos/17585706423129011242831.jpg
35,Pantalon Jean Cadera Culotte,Pantalones,89,tono 1,111,30,95.0,95.0,,,https://euchelperu.com/images/productos/175693561964049418742118.jpg | https://euchelperu.com/images/productos/17585706423129011242831.jpg
35,Pantalon Jean Cadera Culotte,Pantalones,89,tono 1,112,32,95.0,95.0,,,https://euchelperu.com/images/productos/175693561964049418742118.jpg | https://euchelperu.com/images/productos/17585706423129011242831.jpg
35,Pantalon Jean Cadera Culotte,Pantalones,89,tono 1,762,34,95.0,95.0,,,https://euchelperu.com/images/productos/175693561964049418742118.jpg | https://euchelperu.com/images/productos/17585706423129011242831.jpg
35,Pantalon Jean Cadera Culotte,Pantalones,90,tono 2,113,24,95.0,95.0,,,https://euchelperu.com/images/productos/17585706423129011242831.jpg | https://euchelperu.com/images/productos/175693561964049418742118.jpg
35,Pantalon Jean Cadera Culotte,Pantalones,90,tono 2,114,26,95.0,95.0,,,https://euchelperu.com/images/productos/17585706423129011242831.jpg | https://euchelperu.com/images/productos/175693561964049418742118.jpg
35,Pantalon Jean Cadera Culotte,Pantalones,90,tono 2,115,28,95.0,95.0,,,https://euchelperu.com/images/productos/17585706423129011242831.jpg | https://euchelperu.com/images/productos/175693561964049418742118.jpg
35,Pantalon Jean Cadera Culotte,Pantalones,90,tono 2,116,30,95.0,95.0,,,https://euchelperu.com/images/productos/17585706423129011242831.jpg | https://euchelperu.com/images/productos/175693561964049418742118.jpg
35,Pantalon Jean Cadera Culotte,Pantalones,90,tono 2,117,32,95.0,95.0,,,https://euchelperu.com/images/productos/17585706423129011242831.jpg | https://euchelperu.com/images/productos/175693561964049418742118.jpg
35,Pantalon Jean Cadera Culotte,Pantalones,90,tono 2,763,34,95.0,95.0,,,https://euchelperu.com/images/productos/17585706423129011242831.jpg | https://euchelperu.com/images/productos/175693561964049418742118.jpg
36,Pantalón Jean Skater,Pantalones,91,tono 1,118,26,95.0,95.0,,,https://euchelperu.com/images/productos/17570954578316332384279.jpg
36,Pantalón Jean Skater,Pantalones,91,tono 1,119,28,95.0,95.0,,,https://euchelperu.com/images/productos/17570954578316332384279.jpg
36,Pantalón Jean Skater,Pantalones,91,tono 1,752,30,95.0,95.0,,,https://euchelperu.com/images/productos/17570954578316332384279.jpg
36,Pantalón Jean Skater,Pantalones,91,tono 1,753,32,95.0,95.0,,,https://euchelperu.com/images/productos/17570954578316332384279.jpg
36,Pantalón Jean Skater,Pantalones,91,tono 1,754,34,95.0,95.0,,,https://euchelperu.com/images/productos/17570954578316332384279.jpg
36,Pantalón Jean Skater,Pantalones,92,tono 2,120,26,95.0,95.0,,,https://euchelperu.com/images/productos/17570954578316332384279.jpg
36,Pantalón Jean Skater,Pantalones,92,tono 2,121,28,95.0,95.0,,,https://euchelperu.com/images/productos/17570954578316332384279.jpg
36,Pantalón Jean Skater,Pantalones,92,tono 2,755,30,95.0,95.0,,,https://euchelperu.com/images/productos/17570954578316332384279.jpg
36,Pantalón Jean Skater,Pantalones,92,tono 2,756,32,95.0,95.0,,,https://euchelperu.com/images/productos/17570954578316332384279.jpg
36,Pantalón Jean Skater,Pantalones,92,tono 2,757,34,95.0,95.0,,,https://euchelperu.com/images/productos/17570954578316332384279.jpg
36,Pantalón Jean Skater,Pantalones,93,tono 3,122,26,95.0,95.0,,,https://euchelperu.com/images/productos/17570954578316332384279.jpg
36,Pantalón Jean Skater,Pantalones,93,tono 3,758,28,95.0,95.0,,,https://euchelperu.com/images/productos/17570954578316332384279.jpg
36,Pantalón Jean Skater,Pantalones,93,tono 3,759,30,95.0,95.0,,,https://euchelperu.com/images/productos/17570954578316332384279.jpg
36,Pantalón Jean Skater,Pantalones,93,tono 3,760,32,95.0,95.0,,,https://euchelperu.com/images/productos/17570954578316332384279.jpg
36,Pantalón Jean Skater,Pantalones,93,tono 3,761,34,95.0,95.0,,,https://euchelperu.com/images/productos/17570954578316332384279.jpg
37,Wide Leg Jean Verdoso,Pantalones,94,Único,123,26,79.0,79.0,,,https://euchelperu.com/images/productos/175709114494293316721051.jpg
37,Wide Leg Jean Verdoso,Pantalones,94,Único,124,28,79.0,79.0,,,https://euchelperu.com/images/productos/175709114494293316721051.jpg
37,Wide Leg Jean Verdoso,Pantalones,94,Único,749,30,79.0,79.0,,,https://euchelperu.com/images/productos/175709114494293316721051.jpg
37,Wide Leg Jean Verdoso,Pantalones,94,Único,750,32,79.0,79.0,,,https://euchelperu.com/images/productos/175709114494293316721051.jpg
37,Wide Leg Jean Verdoso,Pantalones,94,Único,751,34,79.0,79.0,,,https://euchelperu.com/images/productos/175709114494293316721051.jpg
40,Pantalón Sastre Franja,Pantalones,146,Blanco,212,S,75.0,75.0,,,https://euchelperu.com/images/productos/175717575891346779687659.jpg
40,Pantalón Sastre Franja,Pantalones,146,Blanco,213,M,75.0,75.0,,,https://euchelperu.com/images/productos/175717575891346779687659.jpg
40,Pantalón Sastre Franja,Pantalones,146,Blanco,764,L,75.0,75.0,,,https://euchelperu.com/images/productos/175717575891346779687659.jpg
41,Palazzo Pinzas Loma,Pantalones,2078,Blanco,,,,,,,https://euchelperu.com/images/productos/17654679248588417110408.jpg
42,Pantalón Klein Box,Pantalones,107,Beige,150,S,85.0,85.0,,,https://euchelperu.com/images/productos/175693567828185823164760.jpg
42,Pantalón Klein Box,Pantalones,107,Beige,731,M,85.0,85.0,,,https://euchelperu.com/images/productos/175693567828185823164760.jpg
42,Pantalón Klein Box,Pantalones,107,Beige,732,L,85.0,85.0,,,https://euchelperu.com/images/productos/175693567828185823164760.jpg
42,Pantalón Klein Box,Pantalones,108,Gris Claro,151,S,85.0,85.0,,,https://euchelperu.com/images/productos/175693567828185823164760.jpg
42,Pantalón Klein Box,Pantalones,108,Gris Claro,733,M,85.0,85.0,,,https://euchelperu.com/images/productos/175693567828185823164760.jpg
42,Pantalón Klein Box,Pantalones,108,Gris Claro,734,L,85.0,85.0,,,https://euchelperu.com/images/productos/175693567828185823164760.jpg
42,Pantalón Klein Box,Pantalones,109,Gris Oscuro,152,S,85.0,85.0,,,https://euchelperu.com/images/productos/175693567828185823164760.jpg
42,Pantalón Klein Box,Pantalones,109,Gris Oscuro,153,M,85.0,85.0,,,https://euchelperu.com/images/productos/175693567828185823164760.jpg
42,Pantalón Klein Box,Pantalones,109,Gris Oscuro,735,L,85.0,85.0,,,https://euchelperu.com/images/productos/175693567828185823164760.jpg
42,Pantalón Klein Box,Pantalones,110,Negro,154,S,85.0,85.0,,,https://euchelperu.com/images/productos/175693567828185823164760.jpg
42,Pantalón Klein Box,Pantalones,110,Negro,736,M,85.0,85.0,,,https://euchelperu.com/images/productos/175693567828185823164760.jpg
42,Pantalón Klein Box,Pantalones,110,Negro,737,L,85.0,85.0,,,https://euchelperu.com/images/productos/175693567828185823164760.jpg
43,Pantalón sastre con correa,Pantalones,111,Beige,155,S,85.0,85.0,,,https://euchelperu.com/images/productos/175709720489462462541734.jpg
43,Pantalón sastre con correa,Pantalones,111,Beige,723,M,85.0,85.0,,,https://euchelperu.com/images/productos/175709720489462462541734.jpg
43,Pantalón sastre con correa,Pantalones,111,Beige,724,L,85.0,85.0,,,https://euchelperu.com/images/productos/175709720489462462541734.jpg
46,Flare polar Valeria,Pantalones,124,Plomo,171,SMALL,65.0,65.0,,,https://euchelperu.com/images/productos/17570096152844426392961.jpg
46,Flare polar Valeria,Pantalones,124,Plomo,172,MEDIUM,65.0,65.0,,,https://euchelperu.com/images/productos/17570096152844426392961.jpg
46,Flare polar Valeria,Pantalones,125,Negro,173,SMALL,65.0,65.0,,,https://euchelperu.com/images/productos/17570096152844426392961.jpg
46,Flare polar Valeria,Pantalones,125,Negro,174,MEDIUM,65.0,65.0,,,https://euchelperu.com/images/productos/17570096152844426392961.jpg
46,Flare polar Valeria,Pantalones,126,Perla,175,SMALL,65.0,65.0,,,https://euchelperu.com/images/productos/17570096152844426392961.jpg
46,Flare polar Valeria,Pantalones,126,Perla,176,MEDIUM,65.0,65.0,,,https://euchelperu.com/images/productos/17570096152844426392961.jpg
46,Flare polar Valeria,Pantalones,127,Beige,177,SMALL,65.0,65.0,,,https://euchelperu.com/images/productos/17570096152844426392961.jpg
46,Flare polar Valeria,Pantalones,127,Beige,178,MEDIUM,65.0,65.0,,,https://euchelperu.com/images/productos/17570096152844426392961.jpg
46,Flare polar Valeria,Pantalones,128,Marrón,179,SMALL,65.0,65.0,,,https://euchelperu.com/images/productos/17570096152844426392961.jpg
46,Flare polar Valeria,Pantalones,128,Marrón,180,MEDIUM,65.0,65.0,,,https://euchelperu.com/images/productos/17570096152844426392961.jpg
47,Flare Lady,Pantalones,893,Piel,1123,Standard,49.0,29.0,,,https://euchelperu.com/images/productos/17625581363793998615378.jpg
48,Jass Buzo,Pantalones,132,Plomo,712,Standard,50.0,50.0,,,https://euchelperu.com/images/productos/176305645781674424554760.jpg
49,Falda Cadera Sastre,Faldas,136,Blanco,181,XS,55.0,55.0,,,https://euchelperu.com/images/productos/175718194945704269761592.jpg
49,Falda Cadera Sastre,Faldas,136,Blanco,182,S,55.0,55.0,,,https://euchelperu.com/images/productos/175718194945704269761592.jpg
49,Falda Cadera Sastre,Faldas,136,Blanco,183,M,55.0,55.0,,,https://euchelperu.com/images/productos/175718194945704269761592.jpg
49,Falda Cadera Sastre,Faldas,136,Blanco,184,L,55.0,55.0,,,https://euchelperu.com/images/productos/175718194945704269761592.jpg
49,Falda Cadera Sastre,Faldas,137,Negro,185,XS,55.0,55.0,,,https://euchelperu.com/images/productos/175718194945704269761592.jpg
49,Falda Cadera Sastre,Faldas,137,Negro,186,S,55.0,55.0,,,https://euchelperu.com/images/productos/175718194945704269761592.jpg
49,Falda Cadera Sastre,Faldas,137,Negro,187,M,55.0,55.0,,,https://euchelperu.com/images/productos/175718194945704269761592.jpg
49,Falda Cadera Sastre,Faldas,137,Negro,188,L,55.0,55.0,,,https://euchelperu.com/images/productos/175718194945704269761592.jpg
49,Falda Cadera Sastre,Faldas,138,Plomo,189,XS,55.0,55.0,,,https://euchelperu.com/images/productos/175718194945704269761592.jpg
49,Falda Cadera Sastre,Faldas,138,Plomo,190,S,55.0,55.0,,,https://euchelperu.com/images/productos/175718194945704269761592.jpg
49,Falda Cadera Sastre,Faldas,138,Plomo,191,M,55.0,55.0,,,https://euchelperu.com/images/productos/175718194945704269761592.jpg
49,Falda Cadera Sastre,Faldas,138,Plomo,192,L,55.0,55.0,,,https://euchelperu.com/images/productos/175718194945704269761592.jpg
51,Falda Cadera Loma,Faldas,143,Negro,209,Standard,55.0,55.0,,,https://euchelperu.com/images/productos/175693471644096413545906.jpg
51,Falda Cadera Loma,Faldas,144,Blanco,210,Standard,55.0,55.0,,,https://euchelperu.com/images/productos/175693471644096413545906.jpg
51,Falda Cadera Loma,Faldas,145,Plomo,211,Standard,55.0,55.0,,,https://euchelperu.com/images/productos/175693471644096413545906.jpg
52,Falda Larga Basic,Faldas,149,Negro,216,Standard,59.0,35.0,,,https://euchelperu.com/images/productos/175709067483694516456390.jpg
52,Falda Larga Basic,Faldas,150,Marrón,217,Standard,59.0,35.0,,,https://euchelperu.com/images/productos/175709067483694516456390.jpg
52,Falda Larga Basic,Faldas,151,Plomo,218,Standard,59.0,35.0,,,https://euchelperu.com/images/productos/175709067483694516456390.jpg
52,Falda Larga Basic,Faldas,152,Blanco,219,Standard,59.0,35.0,,,https://euchelperu.com/images/productos/175709067483694516456390.jpg
53,Vestido Cafarena,Vestidos,155,Plomo,855,Standard,69.0,55.0,,,https://euchelperu.com/images/productos/175709078005037147871493.jpg
55,Vestido Tropical,Vestidos,161,Rosado,852,Standard,59.0,59.0,,,https://euchelperu.com/images/productos/175700759696647425853734.jpg
55,Vestido Tropical,Vestidos,162,Amarillo,853,Standard,59.0,59.0,,,https://euchelperu.com/images/productos/175700759696647425853734.jpg
56,Vestido Tarzán Tul,Vestidos,163,Fucsia,851,Standard,65.0,49.0,,,https://euchelperu.com/images/productos/175686278639088708181153.jpg
57,Vestido Anna,Vestidos,164,Anaranjado,850,Standard,65.0,35.0,,,https://euchelperu.com/images/productos/175686275192626731955983.jpg
58,Vestido Amanecer,Vestidos,165,Rosa,849,Standard,79.0,59.0,,,https://euchelperu.com/images/productos/175693633302451259317987.jpg
59,Vestido Pliegue Arcoíris,Vestidos,166,Arcoíris,848,Standard,69.0,49.0,,,https://euchelperu.com/images/productos/175685336678042677173724.jpg
63,Vestido Cuello Tortuga,Vestidos,170,Verde Oscuro,856,Standard,75.0,75.0,,,https://euchelperu.com/images/productos/175693638655053368674412.jpg | https://euchelperu.com/images/productos/17600494931878590808873.jpg | https://euchelperu.com/images/productos/176004951676193287243675.jpg | https://euchelperu.com/images/productos/176547279174635653252393.jpg
63,Vestido Cuello Tortuga,Vestidos,846,Blanco,1074,Standard,75.0,75.0,,,https://euchelperu.com/images/productos/17600494931878590808873.jpg | https://euchelperu.com/images/productos/175693638655053368674412.jpg | https://euchelperu.com/images/productos/176004951676193287243675.jpg | https://euchelperu.com/images/productos/176547279174635653252393.jpg
63,Vestido Cuello Tortuga,Vestidos,851,Negro,1079,Standard,75.0,75.0,,,https://euchelperu.com/images/productos/176004951676193287243675.jpg | https://euchelperu.com/images/productos/175693638655053368674412.jpg | https://euchelperu.com/images/productos/17600494931878590808873.jpg | https://euchelperu.com/images/productos/176547279174635653252393.jpg
63,Vestido Cuello Tortuga,Vestidos,2080,Vino,,,,75.0,,,https://euchelperu.com/images/productos/176547279174635653252393.jpg | https://euchelperu.com/images/productos/175693638655053368674412.jpg | https://euchelperu.com/images/productos/17600494931878590808873.jpg | https://euchelperu.com/images/productos/176004951676193287243675.jpg
69,Vestido Jazmin Aro,Vestidos,194,Palo Rosa,668,Standard,75.0,75.0,,,https://euchelperu.com/images/productos/17570069580601713417901.jpg | https://euchelperu.com/images/productos/175857838131523390564704.jpg
69,Vestido Jazmin Aro,Vestidos,195,Negro,669,Standard,75.0,75.0,,,https://euchelperu.com/images/productos/17570069580601713417901.jpg | https://euchelperu.com/images/productos/175857838131523390564704.jpg
69,Vestido Jazmin Aro,Vestidos,200,Jade,670,Standard,75.0,75.0,,,https://euchelperu.com/images/productos/175857838131523390564704.jpg | https://euchelperu.com/images/productos/17570069580601713417901.jpg
73,Vestido Artemi Push Up,Vestidos,205,Blanco,661,Standard,69.0,69.0,,,https://euchelperu.com/images/productos/175694133731959694344592.jpg
74,Vestido Cuello Corrugado,Vestidos,207,Moca,657,Standard,69.0,69.0,,,https://euchelperu.com/images/productos/17571200836944339891898.jpg
74,Vestido Cuello Corrugado,Vestidos,208,Marrón,658,Standard,69.0,69.0,,,https://euchelperu.com/images/productos/17571200836944339891898.jpg
74,Vestido Cuello Corrugado,Vestidos,209,Verde,659,Standard,69.0,69.0,,,https://euchelperu.com/images/productos/17571200836944339891898.jpg
74,Vestido Cuello Corrugado,Vestidos,210,Negro,660,Standard,69.0,69.0,,,https://euchelperu.com/images/productos/17571200836944339891898.jpg
75,Vestido Manga Larga Espalda,Vestidos,212,Marrón,654,Standard,75.0,75.0,,,https://euchelperu.com/images/productos/175708812754548147566478.jpg
75,Vestido Manga Larga Espalda,Vestidos,213,Jade,655,Standard,75.0,75.0,,,https://euchelperu.com/images/productos/175708812754548147566478.jpg
75,Vestido Manga Larga Espalda,Vestidos,214,Negro,656,Standard,75.0,75.0,,,https://euchelperu.com/images/productos/175708812754548147566478.jpg
76,Borda Vestido Escote,Vestidos,215,Palo Rosa,671,Standard,69.0,59.0,,,https://euchelperu.com/images/productos/175708797634672979564164.jpg
78,Vestido Trenzado Abertura Posterior,Vestidos,221,Negro,653,Standard,69.0,59.0,,,https://euchelperu.com/images/productos/175708960537265734859251.jpg
79,Vestido Mary,Vestidos,223,Blanco,649,Standard,55.0,55.0,,,https://euchelperu.com/images/productos/175708817553252831991470.jpg
79,Vestido Mary,Vestidos,224,Beige,650,Standard,55.0,55.0,,,https://euchelperu.com/images/productos/175708817553252831991470.jpg
84,Vestido Mellsh,Vestidos,234,Blanco,230,Standard,75.0,39.0,,,https://euchelperu.com/images/productos/175718258141280541026516.jpg
89,Vestido Valen bicolor,Vestidos,252,Blanco,641,Standard,79.0,79.0,,,https://euchelperu.com/images/productos/17571166461424633830986.jpg
92,Vestido Listones,Vestidos,260,Blanco,636,Standard,75.0,55.0,75.0,,https://euchelperu.com/images/productos/175953121761749730072310.jpg | https://euchelperu.com/images/productos/175953147923689257385204.jpg | https://euchelperu.com/images/productos/177352711686570882637167.jpg | https://euchelperu.com/images/productos/177352714525098744587328.jpg | https://euchelperu.com/images/productos/17735271787404750517510.jpg | https://euchelperu.com/images/productos/178214896289769166072617.jpg
92,Vestido Listones,Vestidos,841,Beige,1069,Standard,75.0,55.0,75.0,,https://euchelperu.com/images/productos/175953147923689257385204.jpg | https://euchelperu.com/images/productos/175953121761749730072310.jpg | https://euchelperu.com/images/productos/177352711686570882637167.jpg | https://euchelperu.com/images/productos/177352714525098744587328.jpg | https://euchelperu.com/images/productos/17735271787404750517510.jpg | https://euchelperu.com/images/productos/178214896289769166072617.jpg
92,Vestido Listones,Vestidos,842,Azul Noche,1070,Standard,75.0,55.0,75.0,,https://euchelperu.com/images/productos/178214896289769166072617.jpg | https://euchelperu.com/images/productos/175953121761749730072310.jpg | https://euchelperu.com/images/productos/175953147923689257385204.jpg | https://euchelperu.com/images/productos/177352711686570882637167.jpg | https://euchelperu.com/images/productos/177352714525098744587328.jpg | https://euchelperu.com/images/productos/17735271787404750517510.jpg
92,Vestido Listones,Vestidos,843,Negro,1071,Standard,75.0,55.0,75.0,,https://euchelperu.com/images/productos/177352711686570882637167.jpg | https://euchelperu.com/images/productos/175953121761749730072310.jpg | https://euchelperu.com/images/productos/175953147923689257385204.jpg | https://euchelperu.com/images/productos/177352714525098744587328.jpg | https://euchelperu.com/images/productos/17735271787404750517510.jpg | https://euchelperu.com/images/productos/178214896289769166072617.jpg
92,Vestido Listones,Vestidos,844,Vino,1072,Standard,75.0,55.0,75.0,,https://euchelperu.com/images/productos/177352714525098744587328.jpg | https://euchelperu.com/images/productos/175953121761749730072310.jpg | https://euchelperu.com/images/productos/175953147923689257385204.jpg | https://euchelperu.com/images/productos/177352711686570882637167.jpg | https://euchelperu.com/images/productos/17735271787404750517510.jpg | https://euchelperu.com/images/productos/178214896289769166072617.jpg
92,Vestido Listones,Vestidos,845,Marrón,1073,Standard,75.0,55.0,75.0,,https://euchelperu.com/images/productos/175953121761749730072310.jpg | https://euchelperu.com/images/productos/175953147923689257385204.jpg | https://euchelperu.com/images/productos/177352711686570882637167.jpg | https://euchelperu.com/images/productos/177352714525098744587328.jpg | https://euchelperu.com/images/productos/17735271787404750517510.jpg | https://euchelperu.com/images/productos/178214896289769166072617.jpg
92,Vestido Listones,Vestidos,3055,Verde,,,,55.0,75.0,,https://euchelperu.com/images/productos/17735271787404750517510.jpg | https://euchelperu.com/images/productos/175953121761749730072310.jpg | https://euchelperu.com/images/productos/175953147923689257385204.jpg | https://euchelperu.com/images/productos/177352711686570882637167.jpg | https://euchelperu.com/images/productos/177352714525098744587328.jpg | https://euchelperu.com/images/productos/178214896289769166072617.jpg
95,Top Mia,Tops,277,Beige,631,Standard,39.0,25.0,,,https://euchelperu.com/images/productos/17570883504214024429749.jpg | https://euchelperu.com/images/productos/175866006472476262218026.jpg
97,Casaca hilo cierre,Chaquetas,282,Marrón,626,Standard,69.0,69.0,,,https://euchelperu.com/images/productos/175709058937986884967461.jpg | https://euchelperu.com/images/productos/175864573559531232847303.jpg | https://euchelperu.com/images/productos/17586458433267288551906.jpg | https://euchelperu.com/images/productos/175864586516450639977915.jpg | https://euchelperu.com/images/productos/175864590513644663917362.jpg
97,Casaca hilo cierre,Chaquetas,794,Negro,1023,Standard,69.0,69.0,,,https://euchelperu.com/images/productos/175864573559531232847303.jpg | https://euchelperu.com/images/productos/175709058937986884967461.jpg | https://euchelperu.com/images/productos/17586458433267288551906.jpg | https://euchelperu.com/images/productos/175864586516450639977915.jpg | https://euchelperu.com/images/productos/175864590513644663917362.jpg
97,Casaca hilo cierre,Chaquetas,795,Beige claro,1024,Standard,69.0,69.0,,,https://euchelperu.com/images/productos/17586458433267288551906.jpg | https://euchelperu.com/images/productos/175709058937986884967461.jpg | https://euchelperu.com/images/productos/175864573559531232847303.jpg | https://euchelperu.com/images/productos/175864586516450639977915.jpg | https://euchelperu.com/images/productos/175864590513644663917362.jpg
97,Casaca hilo cierre,Chaquetas,796,Blanco,1025,Standard,69.0,69.0,,,https://euchelperu.com/images/productos/175864590513644663917362.jpg | https://euchelperu.com/images/productos/175709058937986884967461.jpg | https://euchelperu.com/images/productos/175864573559531232847303.jpg | https://euchelperu.com/images/productos/17586458433267288551906.jpg | https://euchelperu.com/images/productos/175864586516450639977915.jpg
97,Casaca hilo cierre,Chaquetas,1017,Beige oscuro,,,,69.0,,,https://euchelperu.com/images/productos/175864586516450639977915.jpg | https://euchelperu.com/images/productos/175709058937986884967461.jpg | https://euchelperu.com/images/productos/175864573559531232847303.jpg | https://euchelperu.com/images/productos/17586458433267288551906.jpg | https://euchelperu.com/images/productos/175864590513644663917362.jpg
99,Casaca Logan oversize,Abrigos,288,Perla,600,Standard,99.0,99.0,,,https://euchelperu.com/images/productos/17570086737105223921923.jpg
99,Casaca Logan oversize,Abrigos,289,Plomo,601,Standard,99.0,99.0,,,https://euchelperu.com/images/productos/17570086737105223921923.jpg
99,Casaca Logan oversize,Abrigos,290,Marrón,602,Standard,99.0,99.0,,,https://euchelperu.com/images/productos/17570086737105223921923.jpg
101,Top Satín Copa,Tops,296,Negro,614,Standard,45.0,45.0,,,https://euchelperu.com/images/productos/175691645605411891797195.jpg | https://euchelperu.com/images/productos/175849721285053599074434.jpg | https://euchelperu.com/images/productos/175858010645568286990732.jpg | https://euchelperu.com/images/productos/175858012245822331776680.jpg
101,Top Satín Copa,Tops,297,Beige oscuro,615,Standard,45.0,45.0,,,https://euchelperu.com/images/productos/175858010645568286990732.jpg | https://euchelperu.com/images/productos/175691645605411891797195.jpg | https://euchelperu.com/images/productos/175849721285053599074434.jpg | https://euchelperu.com/images/productos/175858012245822331776680.jpg
101,Top Satín Copa,Tops,791,Azul marino,1020,Standard,45.0,45.0,,,https://euchelperu.com/images/productos/175849721285053599074434.jpg | https://euchelperu.com/images/productos/175691645605411891797195.jpg | https://euchelperu.com/images/productos/175858010645568286990732.jpg | https://euchelperu.com/images/productos/175858012245822331776680.jpg
101,Top Satín Copa,Tops,792,Beige claro,1021,Standard,45.0,45.0,,,https://euchelperu.com/images/productos/175858012245822331776680.jpg | https://euchelperu.com/images/productos/175691645605411891797195.jpg | https://euchelperu.com/images/productos/175849721285053599074434.jpg | https://euchelperu.com/images/productos/175858010645568286990732.jpg
101,Top Satín Copa,Tops,793,Blanco,1022,Standard,45.0,45.0,,,https://euchelperu.com/images/productos/175691645605411891797195.jpg | https://euchelperu.com/images/productos/175849721285053599074434.jpg | https://euchelperu.com/images/productos/175858010645568286990732.jpg | https://euchelperu.com/images/productos/175858012245822331776680.jpg
105,Cafarena Crop Hilo,Sweaters,631,Plomo,606,Standard,55.0,55.0,,,https://euchelperu.com/images/productos/17571140913233075013824.jpg | https://euchelperu.com/images/productos/175829751243311400374233.jpg | https://euchelperu.com/images/productos/17582975317644966918199.jpg
105,Cafarena Crop Hilo,Sweaters,787,Blanco,1016,Standard,55.0,55.0,,,https://euchelperu.com/images/productos/17582975317644966918199.jpg | https://euchelperu.com/images/productos/17571140913233075013824.jpg | https://euchelperu.com/images/productos/175829751243311400374233.jpg
105,Cafarena Crop Hilo,Sweaters,788,Beige,1017,Standard,55.0,55.0,,,https://euchelperu.com/images/productos/17571140913233075013824.jpg | https://euchelperu.com/images/productos/175829751243311400374233.jpg | https://euchelperu.com/images/productos/17582975317644966918199.jpg
105,Cafarena Crop Hilo,Sweaters,789,Verde Pistacho,1018,Standard,55.0,55.0,,,https://euchelperu.com/images/productos/175829751243311400374233.jpg | https://euchelperu.com/images/productos/17571140913233075013824.jpg | https://euchelperu.com/images/productos/17582975317644966918199.jpg
105,Cafarena Crop Hilo,Sweaters,790,Vino,1019,Standard,55.0,55.0,,,https://euchelperu.com/images/productos/17571140913233075013824.jpg | https://euchelperu.com/images/productos/175829751243311400374233.jpg | https://euchelperu.com/images/productos/17582975317644966918199.jpg
106,Chaleco Cuerina Cierre,Chaquetas,314,Vino,243,Standard,89.0,49.0,,,https://euchelperu.com/images/productos/17569327191979799789828.jpg | https://euchelperu.com/images/productos/175875005655552558161226.jpg
107,Chaleco Cuerina Carnero,Chaquetas,315,Marrón,604,Standard,95.0,39.0,,,https://euchelperu.com/images/productos/175700423504968222414473.jpg
108,Off Shoulder Winnie,Sweaters,317,Marrón,899,Standard,69.0,69.0,,,https://euchelperu.com/images/productos/1757089527962865131294.jpg | https://euchelperu.com/images/productos/17583941931650842178747.jpg | https://euchelperu.com/images/productos/175839420838209479750758.jpg | https://euchelperu.com/images/productos/175839422354900990885991.jpg | https://euchelperu.com/images/productos/17583943180356910699015.jpg
108,Off Shoulder Winnie,Sweaters,675,Blanco,900,Standard,69.0,69.0,,,https://euchelperu.com/images/productos/175839422354900990885991.jpg | https://euchelperu.com/images/productos/1757089527962865131294.jpg | https://euchelperu.com/images/productos/17583941931650842178747.jpg | https://euchelperu.com/images/productos/175839420838209479750758.jpg | https://euchelperu.com/images/productos/17583943180356910699015.jpg
108,Off Shoulder Winnie,Sweaters,676,Beige,901,Standard,69.0,69.0,,,https://euchelperu.com/images/productos/1757089527962865131294.jpg | https://euchelperu.com/images/productos/17583941931650842178747.jpg | https://euchelperu.com/images/productos/175839420838209479750758.jpg | https://euchelperu.com/images/productos/175839422354900990885991.jpg | https://euchelperu.com/images/productos/17583943180356910699015.jpg
108,Off Shoulder Winnie,Sweaters,677,Negro,902,Standard,69.0,69.0,,,https://euchelperu.com/images/productos/17583943180356910699015.jpg | https://euchelperu.com/images/productos/1757089527962865131294.jpg | https://euchelperu.com/images/productos/17583941931650842178747.jpg | https://euchelperu.com/images/productos/175839420838209479750758.jpg | https://euchelperu.com/images/productos/175839422354900990885991.jpg
108,Off Shoulder Winnie,Sweaters,678,Vino,905,Standard,69.0,69.0,,,https://euchelperu.com/images/productos/1757089527962865131294.jpg | https://euchelperu.com/images/productos/17583941931650842178747.jpg | https://euchelperu.com/images/productos/175839420838209479750758.jpg | https://euchelperu.com/images/productos/175839422354900990885991.jpg | https://euchelperu.com/images/productos/17583943180356910699015.jpg
108,Off Shoulder Winnie,Sweaters,679,Verde,907,Standard,69.0,69.0,,,https://euchelperu.com/images/productos/1757089527962865131294.jpg | https://euchelperu.com/images/productos/17583941931650842178747.jpg | https://euchelperu.com/images/productos/175839420838209479750758.jpg | https://euchelperu.com/images/productos/175839422354900990885991.jpg | https://euchelperu.com/images/productos/17583943180356910699015.jpg
108,Off Shoulder Winnie,Sweaters,681,Gris,908,Standard,69.0,69.0,,,https://euchelperu.com/images/productos/175839420838209479750758.jpg | https://euchelperu.com/images/productos/1757089527962865131294.jpg | https://euchelperu.com/images/productos/17583941931650842178747.jpg | https://euchelperu.com/images/productos/175839422354900990885991.jpg | https://euchelperu.com/images/productos/17583943180356910699015.jpg
108,Off Shoulder Winnie,Sweaters,986,Acero,1237,Standar,69.0,69.0,,,https://euchelperu.com/images/productos/17583941931650842178747.jpg | https://euchelperu.com/images/productos/1757089527962865131294.jpg | https://euchelperu.com/images/productos/175839420838209479750758.jpg | https://euchelperu.com/images/productos/175839422354900990885991.jpg | https://euchelperu.com/images/productos/17583943180356910699015.jpg
109,Puffer Cuerina,Chaquetas,318,Beige,245,Standard,99.0,99.0,,,https://euchelperu.com/images/productos/175693582308554801810883.jpg | https://euchelperu.com/images/productos/175864594191732250737534.jpg | https://euchelperu.com/images/productos/175864616613444666289430.jpg
109,Puffer Cuerina,Chaquetas,926,Blanco,1174,Standar,99.0,99.0,,,https://euchelperu.com/images/productos/175693582308554801810883.jpg | https://euchelperu.com/images/productos/175864594191732250737534.jpg | https://euchelperu.com/images/productos/175864616613444666289430.jpg
109,Puffer Cuerina,Chaquetas,927,Marrón,1175,Standar,99.0,99.0,,,https://euchelperu.com/images/productos/175864594191732250737534.jpg | https://euchelperu.com/images/productos/175693582308554801810883.jpg | https://euchelperu.com/images/productos/175864616613444666289430.jpg
109,Puffer Cuerina,Chaquetas,928,Camel,1176,Standar,99.0,99.0,,,https://euchelperu.com/images/productos/175693582308554801810883.jpg | https://euchelperu.com/images/productos/175864594191732250737534.jpg | https://euchelperu.com/images/productos/175864616613444666289430.jpg
109,Puffer Cuerina,Chaquetas,1018,Negro,,,,99.0,,,https://euchelperu.com/images/productos/175864616613444666289430.jpg | https://euchelperu.com/images/productos/175693582308554801810883.jpg | https://euchelperu.com/images/productos/175864594191732250737534.jpg
112,Casaca Peluche,Chaquetas,321,Marrón,248,Standard,89.0,89.0,,,https://euchelperu.com/images/productos/175691829065821506917937.jpg
112,Casaca Peluche,Chaquetas,840,Blanco,1068,Standard,89.0,89.0,,,https://euchelperu.com/images/productos/175691829065821506917937.jpg
112,Casaca Peluche,Chaquetas,925,Negro,1173,Standar,89.0,89.0,,,https://euchelperu.com/images/productos/175691829065821506917937.jpg
113,Chompa Polar Valeria,Sweaters,322,Único,249,S,55.0,55.0,,,https://euchelperu.com/images/productos/175708831341097106942180.jpg
113,Chompa Polar Valeria,Sweaters,322,Único,250,M,55.0,55.0,,,https://euchelperu.com/images/productos/175708831341097106942180.jpg
116,Set Corrugado Lateral,Set,325,Negro,253,Standard,69.0,50.0,,,https://euchelperu.com/images/productos/175685541231522244694696.jpg | https://euchelperu.com/images/productos/17632554266109597269469.png | https://euchelperu.com/images/productos/176470862412604113056073.png
116,Set Corrugado Lateral,Set,786,Verde Pistacho,1015,Standard,69.0,50.0,,,https://euchelperu.com/images/productos/176470862412604113056073.png | https://euchelperu.com/images/productos/175685541231522244694696.jpg | https://euchelperu.com/images/productos/17632554266109597269469.png
117,Set Aro Mireya,Set,326,Negro,254,Standard,75.0,75.0,,,https://euchelperu.com/images/productos/17570035709682283655921.jpg | https://euchelperu.com/images/productos/176022177641796198356024.jpg | https://euchelperu.com/images/productos/176022180534269737614704.jpg | https://euchelperu.com/images/productos/176022195074611550769206.jpg
117,Set Aro Mireya,Set,775,Uva,1004,Standard,75.0,75.0,,,https://euchelperu.com/images/productos/176022177641796198356024.jpg | https://euchelperu.com/images/productos/17570035709682283655921.jpg | https://euchelperu.com/images/productos/176022180534269737614704.jpg | https://euchelperu.com/images/productos/176022195074611550769206.jpg
117,Set Aro Mireya,Set,776,Verde,1005,Standard,75.0,75.0,,,https://euchelperu.com/images/productos/176022195074611550769206.jpg | https://euchelperu.com/images/productos/17570035709682283655921.jpg | https://euchelperu.com/images/productos/176022177641796198356024.jpg | https://euchelperu.com/images/productos/176022180534269737614704.jpg
117,Set Aro Mireya,Set,778,Beige,1007,Standard,75.0,75.0,,,https://euchelperu.com/images/productos/176022180534269737614704.jpg | https://euchelperu.com/images/productos/17570035709682283655921.jpg | https://euchelperu.com/images/productos/176022177641796198356024.jpg | https://euchelperu.com/images/productos/176022195074611550769206.jpg
118,Set Corazón,Set,327,Vino,255,Standard,75.0,75.0,,,https://euchelperu.com/images/productos/175700705665397823455605.jpg | https://euchelperu.com/images/productos/175997005484580729414530.jpg
118,Set Corazón,Set,770,Marrón,999,Standard,75.0,75.0,,,https://euchelperu.com/images/productos/175997005484580729414530.jpg | https://euchelperu.com/images/productos/175700705665397823455605.jpg
118,Set Corazón,Set,771,Negro,1000,Standard,75.0,75.0,,,https://euchelperu.com/images/productos/175700705665397823455605.jpg | https://euchelperu.com/images/productos/175997005484580729414530.jpg
118,Set Corazón,Set,772,Chocolate,1001,Standard,75.0,75.0,,,https://euchelperu.com/images/productos/175700705665397823455605.jpg | https://euchelperu.com/images/productos/175997005484580729414530.jpg
118,Set Corazón,Set,773,Jade,1002,Standard,75.0,75.0,,,https://euchelperu.com/images/productos/175700705665397823455605.jpg | https://euchelperu.com/images/productos/175997005484580729414530.jpg
118,Set Corazón,Set,774,Blanco,1003,Standard,75.0,75.0,,,https://euchelperu.com/images/productos/175700705665397823455605.jpg | https://euchelperu.com/images/productos/175997005484580729414530.jpg
118,Set Corazón,Set,1242,Azul,,,,75.0,,,https://euchelperu.com/images/productos/175700705665397823455605.jpg | https://euchelperu.com/images/productos/175997005484580729414530.jpg
120,Pezonera,Complementos,329,Único,257,Standard,15.0,15.0,,,https://euchelperu.com/images/productos/175686023209140806942755.jpg
121,Brasier Silicona,Complementos,330,Único,258,A,29.0,29.0,,,https://euchelperu.com/images/productos/175686020032904170036738.jpg
121,Brasier Silicona,Complementos,330,Único,259,B,29.0,29.0,,,https://euchelperu.com/images/productos/175686020032904170036738.jpg
121,Brasier Silicona,Complementos,330,Único,260,C,29.0,29.0,,,https://euchelperu.com/images/productos/175686020032904170036738.jpg
121,Brasier Silicona,Complementos,330,Único,261,D,29.0,29.0,,,https://euchelperu.com/images/productos/175686020032904170036738.jpg
122,Shape Short,Complementos,331,Único,262,Standard,35.0,35.0,,,https://euchelperu.com/images/productos/17570040517300661232856.jpg
123,Truza Látex,Complementos,332,Único,263,M,20.0,20.0,,,https://euchelperu.com/images/productos/175686002885186214560983.jpg
123,Truza Látex,Complementos,332,Único,264,L,20.0,20.0,,,https://euchelperu.com/images/productos/175686002885186214560983.jpg
123,Truza Látex,Complementos,332,Único,265,XL,20.0,20.0,,,https://euchelperu.com/images/productos/175686002885186214560983.jpg
124,Conejito Bra,Complementos,333,Único,266,Standard,20.0,20.0,,,https://euchelperu.com/images/productos/17568600550924246052554.jpg
125,Brasier Escote,Complementos,334,Único,267,B,25.0,25.0,,,https://euchelperu.com/images/productos/175686025888305269824508.jpg
125,Brasier Escote,Complementos,334,Único,268,C,25.0,25.0,,,https://euchelperu.com/images/productos/175686025888305269824508.jpg
125,Brasier Escote,Complementos,334,Único,269,D,25.0,25.0,,,https://euchelperu.com/images/productos/175686025888305269824508.jpg
126,Truza Invisible,Complementos,335,Único,270,Standard,15.0,15.0,,,https://euchelperu.com/images/productos/175686311448735416379469.jpg
128,Casaca Biker Cuerina,Chaquetas,337,Negro,272,Standard,125.0,125.0,,,https://euchelperu.com/images/productos/17569325872320395193366.jpg
132,Cafarena Hilo Soft,Tops,341,Beige,276,Standard,49.0,49.0,,,https://euchelperu.com/images/productos/175691824676472972443900.jpg | https://euchelperu.com/images/productos/175858447529136488979693.jpg
134,Top Cuello Corrugado,Tops,343,Blanco,278,Standard,49.0,25.0,,,https://euchelperu.com/images/productos/17584859954409136463153.jpg | https://euchelperu.com/images/productos/175866347008350845766371.jpg
137,Pantalón Jean Wide Leg Bonage,Pantalones,346,Tono 1,281,26,95.0,95.0,,,https://euchelperu.com/images/productos/17569332791406366932762.jpg | https://euchelperu.com/images/productos/17585860944514951745073.jpg | https://euchelperu.com/images/productos/175857079262625313842835.jpg | https://euchelperu.com/images/productos/175858610585464779736089.jpg
137,Pantalón Jean Wide Leg Bonage,Pantalones,346,Tono 1,282,28,95.0,95.0,,,https://euchelperu.com/images/productos/17569332791406366932762.jpg | https://euchelperu.com/images/productos/17585860944514951745073.jpg | https://euchelperu.com/images/productos/175857079262625313842835.jpg | https://euchelperu.com/images/productos/175858610585464779736089.jpg
137,Pantalón Jean Wide Leg Bonage,Pantalones,346,Tono 1,283,30,95.0,95.0,,,https://euchelperu.com/images/productos/17569332791406366932762.jpg | https://euchelperu.com/images/productos/17585860944514951745073.jpg | https://euchelperu.com/images/productos/175857079262625313842835.jpg | https://euchelperu.com/images/productos/175858610585464779736089.jpg
137,Pantalón Jean Wide Leg Bonage,Pantalones,346,Tono 1,284,32,95.0,95.0,,,https://euchelperu.com/images/productos/17569332791406366932762.jpg | https://euchelperu.com/images/productos/17585860944514951745073.jpg | https://euchelperu.com/images/productos/175857079262625313842835.jpg | https://euchelperu.com/images/productos/175858610585464779736089.jpg
137,Pantalón Jean Wide Leg Bonage,Pantalones,346,Tono 1,285,34,95.0,95.0,,,https://euchelperu.com/images/productos/17569332791406366932762.jpg | https://euchelperu.com/images/productos/17585860944514951745073.jpg | https://euchelperu.com/images/productos/175857079262625313842835.jpg | https://euchelperu.com/images/productos/175858610585464779736089.jpg
137,Pantalón Jean Wide Leg Bonage,Pantalones,924,Tono 2,1201,28,95.0,95.0,,,https://euchelperu.com/images/productos/175857079262625313842835.jpg | https://euchelperu.com/images/productos/17569332791406366932762.jpg | https://euchelperu.com/images/productos/17585860944514951745073.jpg | https://euchelperu.com/images/productos/175858610585464779736089.jpg
137,Pantalón Jean Wide Leg Bonage,Pantalones,924,Tono 2,1202,30,95.0,95.0,,,https://euchelperu.com/images/productos/175857079262625313842835.jpg | https://euchelperu.com/images/productos/17569332791406366932762.jpg | https://euchelperu.com/images/productos/17585860944514951745073.jpg | https://euchelperu.com/images/productos/175858610585464779736089.jpg
137,Pantalón Jean Wide Leg Bonage,Pantalones,924,Tono 2,1203,32,95.0,95.0,,,https://euchelperu.com/images/productos/175857079262625313842835.jpg | https://euchelperu.com/images/productos/17569332791406366932762.jpg | https://euchelperu.com/images/productos/17585860944514951745073.jpg | https://euchelperu.com/images/productos/175858610585464779736089.jpg
137,Pantalón Jean Wide Leg Bonage,Pantalones,924,Tono 2,1204,34,95.0,95.0,,,https://euchelperu.com/images/productos/175857079262625313842835.jpg | https://euchelperu.com/images/productos/17569332791406366932762.jpg | https://euchelperu.com/images/productos/17585860944514951745073.jpg | https://euchelperu.com/images/productos/175858610585464779736089.jpg
137,Pantalón Jean Wide Leg Bonage,Pantalones,924,Tono 2,1205,26,95.0,95.0,,,https://euchelperu.com/images/productos/175857079262625313842835.jpg | https://euchelperu.com/images/productos/17569332791406366932762.jpg | https://euchelperu.com/images/productos/17585860944514951745073.jpg | https://euchelperu.com/images/productos/175858610585464779736089.jpg
137,Pantalón Jean Wide Leg Bonage,Pantalones,1015,Tono 3,,,,95.0,,,https://euchelperu.com/images/productos/175858610585464779736089.jpg | https://euchelperu.com/images/productos/17569332791406366932762.jpg | https://euchelperu.com/images/productos/175857079262625313842835.jpg | https://euchelperu.com/images/productos/17585860944514951745073.jpg
138,Pantalón Jean Palazzo Jhozam,Pantalones,347,Único,286,26,95.0,95.0,,,https://euchelperu.com/images/productos/175691789337126162757533.jpg
138,Pantalón Jean Palazzo Jhozam,Pantalones,347,Único,287,28,95.0,95.0,,,https://euchelperu.com/images/productos/175691789337126162757533.jpg
138,Pantalón Jean Palazzo Jhozam,Pantalones,347,Único,288,30,95.0,95.0,,,https://euchelperu.com/images/productos/175691789337126162757533.jpg
138,Pantalón Jean Palazzo Jhozam,Pantalones,347,Único,289,32,95.0,95.0,,,https://euchelperu.com/images/productos/175691789337126162757533.jpg
138,Pantalón Jean Palazzo Jhozam,Pantalones,347,Único,711,34,95.0,95.0,,,https://euchelperu.com/images/productos/175691789337126162757533.jpg
139,Bufanda,Complementos,348,Blanco,290,Standard,45.0,45.0,,,https://euchelperu.com/images/productos/175700313355203311735275.jpg
139,Bufanda,Complementos,929,Negro,1177,Standar,45.0,45.0,,,https://euchelperu.com/images/productos/175700313355203311735275.jpg
139,Bufanda,Complementos,930,Beige,1178,Standar,45.0,45.0,,,https://euchelperu.com/images/productos/175700313355203311735275.jpg
141,Vestido Copa Andrea,Vestidos,350,Acero,292,Standard,59.0,59.0,,,https://euchelperu.com/images/productos/175685373587492755810929.jpg
142,Pantalón Sastre Miranda,Pantalones,351,Gris,293,S,89.0,89.0,,,https://euchelperu.com/images/productos/175693309357796442050727.jpg | https://euchelperu.com/images/productos/175857189999288734368531.jpg | https://euchelperu.com/images/productos/17585719081638356258725.jpg
142,Pantalón Sastre Miranda,Pantalones,351,Gris,294,M,89.0,89.0,,,https://euchelperu.com/images/productos/175693309357796442050727.jpg | https://euchelperu.com/images/productos/175857189999288734368531.jpg | https://euchelperu.com/images/productos/17585719081638356258725.jpg
142,Pantalón Sastre Miranda,Pantalones,351,Gris,710,L,89.0,89.0,,,https://euchelperu.com/images/productos/175693309357796442050727.jpg | https://euchelperu.com/images/productos/175857189999288734368531.jpg | https://euchelperu.com/images/productos/17585719081638356258725.jpg
142,Pantalón Sastre Miranda,Pantalones,922,Negro,1194,S,89.0,89.0,,,https://euchelperu.com/images/productos/175857189999288734368531.jpg | https://euchelperu.com/images/productos/175693309357796442050727.jpg | https://euchelperu.com/images/productos/17585719081638356258725.jpg
142,Pantalón Sastre Miranda,Pantalones,922,Negro,1196,M,89.0,89.0,,,https://euchelperu.com/images/productos/175857189999288734368531.jpg | https://euchelperu.com/images/productos/175693309357796442050727.jpg | https://euchelperu.com/images/productos/17585719081638356258725.jpg
142,Pantalón Sastre Miranda,Pantalones,922,Negro,1197,L,89.0,89.0,,,https://euchelperu.com/images/productos/175857189999288734368531.jpg | https://euchelperu.com/images/productos/175693309357796442050727.jpg | https://euchelperu.com/images/productos/17585719081638356258725.jpg
142,Pantalón Sastre Miranda,Pantalones,923,Beige,1198,S,89.0,89.0,,,https://euchelperu.com/images/productos/17585719081638356258725.jpg | https://euchelperu.com/images/productos/175693309357796442050727.jpg | https://euchelperu.com/images/productos/175857189999288734368531.jpg
142,Pantalón Sastre Miranda,Pantalones,923,Beige,1199,M,89.0,89.0,,,https://euchelperu.com/images/productos/17585719081638356258725.jpg | https://euchelperu.com/images/productos/175693309357796442050727.jpg | https://euchelperu.com/images/productos/175857189999288734368531.jpg
142,Pantalón Sastre Miranda,Pantalones,923,Beige,1200,L,89.0,89.0,,,https://euchelperu.com/images/productos/17585719081638356258725.jpg | https://euchelperu.com/images/productos/175693309357796442050727.jpg | https://euchelperu.com/images/productos/175857189999288734368531.jpg
147,Panty Efecto Piel,Complementos,357,Único,302,S-M,39.0,39.0,,,https://euchelperu.com/images/productos/175700250334119728383553.jpg
147,Panty Efecto Piel,Complementos,357,Único,303,M-L,39.0,39.0,,,https://euchelperu.com/images/productos/175700250334119728383553.jpg
148,Calentadores,Complementos,356,Único,299,S,45.0,45.0,,,https://euchelperu.com/images/productos/175718201767880748577767.jpg
148,Calentadores,Complementos,356,Único,300,M,45.0,45.0,,,https://euchelperu.com/images/productos/175718201767880748577767.jpg
148,Calentadores,Complementos,356,Único,301,L,45.0,45.0,,,https://euchelperu.com/images/productos/175718201767880748577767.jpg
149,Mini Vestido Manga Encaje,Vestidos,358,Blanco,304,Standard,69.0,69.0,,,https://euchelperu.com/images/productos/175685391098827989048950.jpg | https://euchelperu.com/images/productos/1758580679994886371823.jpg | https://euchelperu.com/images/productos/175856296335908696066855.jpg
149,Mini Vestido Manga Encaje,Vestidos,942,Vino,1168,Standar,69.0,69.0,,,https://euchelperu.com/images/productos/175856296335908696066855.jpg | https://euchelperu.com/images/productos/175685391098827989048950.jpg | https://euchelperu.com/images/productos/1758580679994886371823.jpg
149,Mini Vestido Manga Encaje,Vestidos,943,Beige,1169,Standar,69.0,69.0,,,https://euchelperu.com/images/productos/175685391098827989048950.jpg | https://euchelperu.com/images/productos/175856296335908696066855.jpg | https://euchelperu.com/images/productos/1758580679994886371823.jpg
151,Mini Vestido Bobos,Vestidos,360,Negro,306,XS,69.0,69.0,,,https://euchelperu.com/images/productos/17569187912905775371309.jpg | https://euchelperu.com/images/productos/175953496379766421442246.jpg
151,Mini Vestido Bobos,Vestidos,360,Negro,475,S,69.0,69.0,,,https://euchelperu.com/images/productos/17569187912905775371309.jpg | https://euchelperu.com/images/productos/175953496379766421442246.jpg
151,Mini Vestido Bobos,Vestidos,535,Blanco,476,XS,69.0,69.0,,,https://euchelperu.com/images/productos/17569187912905775371309.jpg | https://euchelperu.com/images/productos/175953496379766421442246.jpg
151,Mini Vestido Bobos,Vestidos,535,Blanco,477,S,69.0,69.0,,,https://euchelperu.com/images/productos/17569187912905775371309.jpg | https://euchelperu.com/images/productos/175953496379766421442246.jpg
151,Mini Vestido Bobos,Vestidos,536,Anaranjado,478,XS,69.0,69.0,,,https://euchelperu.com/images/productos/175953496379766421442246.jpg | https://euchelperu.com/images/productos/17569187912905775371309.jpg
151,Mini Vestido Bobos,Vestidos,536,Anaranjado,479,S,69.0,69.0,,,https://euchelperu.com/images/productos/175953496379766421442246.jpg | https://euchelperu.com/images/productos/17569187912905775371309.jpg
152,Cartera Prestige Purses,Carteras,361,Beige,307,Standard,120.0,120.0,,,https://euchelperu.com/images/productos/175703613971707239346527.jpg
153,Cartera Aura Atelier,Carteras,362,Ladrillo,308,Standard,99.0,99.0,,,https://euchelperu.com/images/productos/175703600203555586039685.jpg
154,Bolso Tote Essence,Carteras,363,Ladrillo,309,Standard,169.0,169.0,,,https://euchelperu.com/images/productos/175703587671656665825217.jpg
155,Cartera Purse Palace,Carteras,364,Negro,310,Standard,90.0,90.0,,,https://euchelperu.com/images/productos/175703564037750451949384.jpg
156,Cartera UrbanBag,Carteras,365,Único,311,Standard,60.0,60.0,,,https://euchelperu.com/images/productos/175703543231533990148019.jpg
157,Cartera Bag Bliss,Carteras,366,Único,312,Standard,65.0,65.0,,,https://euchelperu.com/images/productos/175703529504602185053442.jpg
158,Cartera Aura,Carteras,367,Ladrillo,313,Standard,120.0,120.0,,,https://euchelperu.com/images/productos/175703515013522712966430.jpg
159,Cartera Lady,Carteras,368,Negro,314,Standard,79.0,79.0,,,https://euchelperu.com/images/productos/175703509147378891069292.jpg
160,Cartera Muse,Carteras,369,Ladrillo,315,Standard,59.0,59.0,,,https://euchelperu.com/images/productos/17570350479995502830537.jpg
160,Cartera Muse,Carteras,968,Beige claro,1216,Standar,59.0,59.0,,,https://euchelperu.com/images/productos/17570350479995502830537.jpg
160,Cartera Muse,Carteras,969,Beige oscuro,1217,Standar,59.0,59.0,,,https://euchelperu.com/images/productos/17570350479995502830537.jpg
161,Cartera Diva,Carteras,370,Blanco,316,Standard,65.0,65.0,,,https://euchelperu.com/images/productos/175703489585821415899848.jpg
161,Cartera Diva,Carteras,966,Vino,1214,Standar,65.0,65.0,,,https://euchelperu.com/images/productos/175703489585821415899848.jpg
161,Cartera Diva,Carteras,967,Negro,1215,Standar,65.0,65.0,,,https://euchelperu.com/images/productos/175703489585821415899848.jpg
162,Cartera Rubi,Carteras,371,Beige,317,Standard,60.0,60.0,,,https://euchelperu.com/images/productos/175685830187044942518495.jpg
163,Cartera All Posh,Carteras,372,Negro,318,Standard,75.0,75.0,,,https://euchelperu.com/images/productos/175685058189847354434560.jpg
163,Cartera All Posh,Carteras,964,Beige oscuro,1212,Standar,75.0,75.0,,,https://euchelperu.com/images/productos/175685058189847354434560.jpg
163,Cartera All Posh,Carteras,965,Beige claro,1213,Standar,75.0,75.0,,,https://euchelperu.com/images/productos/175685058189847354434560.jpg
164,Tote Chic,Carteras,373,Único,319,Standard,69.0,69.0,,,https://euchelperu.com/images/productos/175703479173322202680522.jpg
165,Baguette Chic,Carteras,374,Negro,320,Standard,65.0,65.0,,,https://euchelperu.com/images/productos/175703467405292321750250.jpg
166,Cartera Caprice,Carteras,375,Negro,321,Standard,120.0,120.0,,,https://euchelperu.com/images/productos/175703460308070425880320.jpg
167,Billetera Classic & Modern,Billeteras,376,Único,322,Standard,45.0,45.0,,,https://euchelperu.com/images/productos/17570344592172568941984.jpg
168,Billetera Vela,Billeteras,377,Único,323,Standard,45.0,45.0,,,https://euchelperu.com/images/productos/175685890396362466574677.jpg
169,Billetera Pretty,Billeteras,378,Único,324,Standard,45.0,45.0,,,https://euchelperu.com/images/productos/175703436594513473171102.jpg
170,Billetera Aura,Billeteras,379,Único,325,Standard,45.0,45.0,,,https://euchelperu.com/images/productos/175685893461134471692275.jpg
171,Billetera Caprice,Billeteras,380,Único,326,Standard,45.0,45.0,,,https://euchelperu.com/images/productos/175703432152333971289881.jpg
172,Billetera Lady,Billeteras,381,Único,327,Standard,45.0,45.0,,,https://euchelperu.com/images/productos/175685875381074242760467.jpg
173,Billetera Diva,Billeteras,382,Único,328,Standard,49.0,49.0,,,https://euchelperu.com/images/productos/175685244106334871571488.jpg
174,Correa Cowboy,Correas,383,Marrón,1185,Standar,35.0,35.0,,,https://euchelperu.com/images/productos/17568629006511793661808.jpg
174,Correa Cowboy,Correas,693,Negro,1186,Standar,35.0,35.0,,,https://euchelperu.com/images/productos/17568629006511793661808.jpg
174,Correa Cowboy,Correas,694,Beige,1187,Standar,35.0,35.0,,,https://euchelperu.com/images/productos/17568629006511793661808.jpg
174,Correa Cowboy,Correas,695,Animal Print,1188,Standar,35.0,35.0,,,https://euchelperu.com/images/productos/17568629006511793661808.jpg
175,Correa Golden,Correas,384,Negro,330,Standard,25.0,25.0,,,https://euchelperu.com/images/productos/175686306835480655873970.jpg
175,Correa Golden,Correas,931,Marrón,1182,Standar,25.0,25.0,,,https://euchelperu.com/images/productos/175686306835480655873970.jpg
175,Correa Golden,Correas,932,Topo,1183,Standar,25.0,25.0,,,https://euchelperu.com/images/productos/175686306835480655873970.jpg
175,Correa Golden,Correas,933,Blanco,1184,Standar,25.0,25.0,,,https://euchelperu.com/images/productos/175686306835480655873970.jpg
176,Correa Cadena Plateada,Correas,385,Único,331,Standard,30.0,30.0,,,https://euchelperu.com/images/productos/175700306812697194393114.jpg
177,Correa Silver,Correas,386,Negro,332,Standard,15.0,15.0,,,https://euchelperu.com/images/productos/175686261596983824019519.jpg
177,Correa Silver,Correas,934,Beige,1179,Standar,15.0,15.0,,,https://euchelperu.com/images/productos/175686261596983824019519.jpg
177,Correa Silver,Correas,935,Crema,1180,Standar,15.0,15.0,,,https://euchelperu.com/images/productos/175686261596983824019519.jpg
177,Correa Silver,Correas,936,Blanco,1181,Standar,15.0,15.0,,,https://euchelperu.com/images/productos/175686261596983824019519.jpg
178,Cinturón Glam,Correas,387,Único,333,Standard,20.0,20.0,,,https://euchelperu.com/images/productos/175686382299878576694560.jpg
179,Correa Aro Plateado,Correas,388,Negro,1126,único,20.0,20.0,,,https://euchelperu.com/images/productos/175703410723103216594019.jpg
179,Correa Aro Plateado,Correas,897,Blanco,1127,único,20.0,20.0,,,https://euchelperu.com/images/productos/175703410723103216594019.jpg
179,Correa Aro Plateado,Correas,898,Beige,1128,único,20.0,20.0,,,https://euchelperu.com/images/productos/175703410723103216594019.jpg
179,Correa Aro Plateado,Correas,899,Marrón,1129,único,20.0,20.0,,,https://euchelperu.com/images/productos/175703410723103216594019.jpg
179,Correa Aro Plateado,Correas,900,Vino,1130,único,20.0,20.0,,,https://euchelperu.com/images/productos/175703410723103216594019.jpg
179,Correa Aro Plateado,Correas,901,Camel,1131,único,20.0,20.0,,,https://euchelperu.com/images/productos/175703410723103216594019.jpg
180,Rizador,Cuidado personal,389,Único,335,único,8.0,8.0,,,https://euchelperu.com/images/productos/17568595575891548077616.jpg
182,Roller,Cuidado personal,391,Único,337,único,17.0,17.0,,,https://euchelperu.com/images/productos/175685958853951126923531.jpg
183,Cera Depiladora,Cuidado personal,392,Único,338,único,8.0,8.0,,,https://euchelperu.com/images/productos/175685904542569352072469.jpg
184,Pinza,Cuidado personal,393,Único,339,único,6.0,6.0,,,https://euchelperu.com/images/productos/175685953653401367871898.jpg
185,Mascarilla De Labios,Cuidado personal,394,Único,340,único,4.0,4.0,,,https://euchelperu.com/images/productos/175685971698640189461997.jpg
186,Mascarilla Facial,Cuidado personal,395,Único,341,único,5.0,5.0,,,https://euchelperu.com/images/productos/17568596946369034348694.jpg
187,Cottons Redondo,Cuidado personal,396,Único,342,único,8.0,8.0,,,https://euchelperu.com/images/productos/175685914612107814925308.jpg
188,Pestañas,Cuidado personal,397,Único,343,único,9.0,9.0,,,https://euchelperu.com/images/productos/17568596506831973754007.jpg
189,Parche De Ojos,Cuidado personal,398,Único,344,único,9.0,9.0,,,https://euchelperu.com/images/productos/17568596756295987993633.jpg
190,Pegamento De Pestañas,Cuidado personal,399,Único,345,único,9.0,9.0,,,https://euchelperu.com/images/productos/175685962305714753986647.jpg
191,Set De Cepillos,Cuidado personal,400,Único,346,único,5.0,5.0,,,https://euchelperu.com/images/productos/175703152889280211448517.jpg
192,Set De Brochas,Cuidado personal,401,Rosado,347,único,19.0,19.0,,,https://euchelperu.com/images/productos/17570029542698119665227.jpg
193,Perfilador,Cuidado personal,402,Único,348,único,3.0,3.0,,,https://euchelperu.com/images/productos/17568597582131539387226.jpg
194,Peine,Cuidado personal,403,Único,349,único,8.0,8.0,,,https://euchelperu.com/images/productos/175780961823672937640810.jpg
195,Set Trio Esponjas,Cuidado personal,404,Único,350,único,5.0,5.0,,,https://euchelperu.com/images/productos/175685945139073896379218.jpg
196,Set Dúo Esponjas,Cuidado personal,405,Único,351,único,5.0,5.0,,,https://euchelperu.com/images/productos/175685947686941993385383.jpg
197,Gancho Rectangular,Accesorios,406,Único,352,Standard,4.0,4.0,,,https://euchelperu.com/images/productos/175686316102763142696921.jpg
198,Gancho Clásico,Accesorios,407,Único,353,Standard,3.0,3.0,,,https://euchelperu.com/images/productos/175686323171910581821209.jpg
199,Gancho Clásico Metalizado,Accesorios,408,Único,354,Standard,8.0,8.0,,,https://euchelperu.com/images/productos/175701307951540939033310.jpg
200,Gancho Media Cola Metalizado,Accesorios,409,Único,355,Standard,7.0,7.0,,,https://euchelperu.com/images/productos/17570129471909761205793.jpg
201,Colet Metalizado,Accesorios,410,Único,356,Standard,5.0,5.0,,,https://euchelperu.com/images/productos/175701104372847886639818.jpg
203,Vincha,Accesorios,412,Negro,358,Standard,3.0,3.0,,,https://euchelperu.com/images/productos/175686030557167308742300.jpg
203,Vincha,Accesorios,937,Azul noche,1189,Standar,3.0,3.0,,,https://euchelperu.com/images/productos/175686030557167308742300.jpg
203,Vincha,Accesorios,938,Gris,1190,Standar,3.0,3.0,,,https://euchelperu.com/images/productos/175686030557167308742300.jpg
203,Vincha,Accesorios,939,Marrón,1191,Standar,3.0,3.0,,,https://euchelperu.com/images/productos/175686030557167308742300.jpg
203,Vincha,Accesorios,940,Rosado,1192,Standar,3.0,3.0,,,https://euchelperu.com/images/productos/175686030557167308742300.jpg
203,Vincha,Accesorios,941,Blanco,1193,Standar,3.0,3.0,,,https://euchelperu.com/images/productos/175686030557167308742300.jpg
204,Top Bufanda Puntos,Tops,413,Azul marino,597,S,39.0,39.0,,,https://euchelperu.com/images/productos/175691654578126629189558.jpg | https://euchelperu.com/images/productos/176264374151362619836402.jpg | https://euchelperu.com/images/productos/176264461598961880223982.jpg | https://euchelperu.com/images/productos/176264480252893220013653.jpg
204,Top Bufanda Puntos,Tops,414,Negro,598,L,39.0,39.0,,,https://euchelperu.com/images/productos/176264480252893220013653.jpg | https://euchelperu.com/images/productos/175691654578126629189558.jpg | https://euchelperu.com/images/productos/176264374151362619836402.jpg | https://euchelperu.com/images/productos/176264461598961880223982.jpg
204,Top Bufanda Puntos,Tops,415,Blanco,599,M,39.0,39.0,,,https://euchelperu.com/images/productos/176264461598961880223982.jpg | https://euchelperu.com/images/productos/175691654578126629189558.jpg | https://euchelperu.com/images/productos/176264374151362619836402.jpg | https://euchelperu.com/images/productos/176264480252893220013653.jpg
204,Top Bufanda Puntos,Tops,1586,Vino,2333,Standard,39.0,39.0,,,https://euchelperu.com/images/productos/176264374151362619836402.jpg | https://euchelperu.com/images/productos/175691654578126629189558.jpg | https://euchelperu.com/images/productos/176264461598961880223982.jpg | https://euchelperu.com/images/productos/176264480252893220013653.jpg
204,Top Bufanda Puntos,Tops,2001,Celeste,2334,Standard,39.0,39.0,,,https://euchelperu.com/images/productos/175691654578126629189558.jpg | https://euchelperu.com/images/productos/176264374151362619836402.jpg | https://euchelperu.com/images/productos/176264461598961880223982.jpg | https://euchelperu.com/images/productos/176264480252893220013653.jpg
206,Top Jean Botones,Tops,417,Único,360,S,55.0,55.0,,,https://euchelperu.com/images/productos/175691640553908414869094.jpg
206,Top Jean Botones,Tops,417,Único,992,M,55.0,55.0,,,https://euchelperu.com/images/productos/175691640553908414869094.jpg
213,Enterizo Estrella Aro,Enterizos,424,Azul,367,Standard,69.0,69.0,,,https://euchelperu.com/images/productos/17568552186779520447005.jpg
214,Casaca Bolsillos Peluche,Abrigos,425,Negro,368,Standard,135.0,135.0,,,https://euchelperu.com/images/productos/17569170617920243562436.jpg
216,Vestido Ariel Suplex,Vestidos,427,Negro,370,Standard,75.0,75.0,,,https://euchelperu.com/images/productos/17596114943997884228116.jpg
216,Vestido Ariel Suplex,Vestidos,758,Blanco,986,Standard,75.0,75.0,,,https://euchelperu.com/images/productos/17596114943997884228116.jpg
216,Vestido Ariel Suplex,Vestidos,759,Beige,987,Standard,75.0,75.0,,,https://euchelperu.com/images/productos/17596114943997884228116.jpg
216,Vestido Ariel Suplex,Vestidos,760,Vino,988,Standard,75.0,75.0,,,https://euchelperu.com/images/productos/17596114943997884228116.jpg
216,Vestido Ariel Suplex,Vestidos,761,Marrón,989,Standard,75.0,75.0,,,https://euchelperu.com/images/productos/17596114943997884228116.jpg
216,Vestido Ariel Suplex,Vestidos,762,Rojo,990,Standard,75.0,75.0,,,https://euchelperu.com/images/productos/17596114943997884228116.jpg
217,Vestido Listones Manga Larga,Vestidos,755,Gris,983,Standard,79.0,50.0,,,https://euchelperu.com/images/productos/17595346919664950993190.jpg | https://euchelperu.com/images/productos/175953444459311646730365.jpg
217,Vestido Listones Manga Larga,Vestidos,756,Vino,984,Standard,79.0,50.0,,,https://euchelperu.com/images/productos/175953444459311646730365.jpg | https://euchelperu.com/images/productos/17595346919664950993190.jpg
217,Vestido Listones Manga Larga,Vestidos,757,Verde,985,Standard,79.0,50.0,,,https://euchelperu.com/images/productos/175953444459311646730365.jpg | https://euchelperu.com/images/productos/17595346919664950993190.jpg
217,Vestido Listones Manga Larga,Vestidos,1236,Negro,1486,Standar,79.0,50.0,,,https://euchelperu.com/images/productos/175953444459311646730365.jpg | https://euchelperu.com/images/productos/17595346919664950993190.jpg
219,Vestido Selena Cuello,Vestidos,430,Azul marino,373,Standard,95.0,95.0,,,https://euchelperu.com/images/productos/175685789796618690886837.jpg | https://euchelperu.com/images/productos/176264147737326917814362.png | https://euchelperu.com/images/productos/176264263156512634962999.jpg
219,Vestido Selena Cuello,Vestidos,753,Negro,981,Standard,95.0,95.0,,,https://euchelperu.com/images/productos/176264147737326917814362.png | https://euchelperu.com/images/productos/175685789796618690886837.jpg | https://euchelperu.com/images/productos/176264263156512634962999.jpg
219,Vestido Selena Cuello,Vestidos,1585,Verde,,,,95.0,,,https://euchelperu.com/images/productos/176264263156512634962999.jpg | https://euchelperu.com/images/productos/175685789796618690886837.jpg | https://euchelperu.com/images/productos/176264147737326917814362.png
222,Vestido Tarzán Abertura,Vestidos,433,Negro,376,Standard,75.0,75.0,,,https://euchelperu.com/images/productos/175700712381033531981921.jpg
222,Vestido Tarzán Abertura,Vestidos,952,Vino,1166,Standar,75.0,75.0,,,https://euchelperu.com/images/productos/175700712381033531981921.jpg
222,Vestido Tarzán Abertura,Vestidos,953,Blanco,1167,Standar,75.0,75.0,,,https://euchelperu.com/images/productos/175700712381033531981921.jpg
223,Vestido Murciélago,Vestidos,434,Plomo,377,Standard,69.0,69.0,,,https://euchelperu.com/images/productos/175684955501830625958463.jpg
223,Vestido Murciélago,Vestidos,750,Blanco,978,Standard,69.0,69.0,,,https://euchelperu.com/images/productos/175684955501830625958463.jpg
224,Set Viena Suplex,Set,435,Negro,378,Standard,69.0,69.0,,,https://euchelperu.com/images/productos/17568539340801335857723.jpg
224,Set Viena Suplex,Set,749,Marrón,977,Standard,69.0,69.0,,,https://euchelperu.com/images/productos/17568539340801335857723.jpg
225,Cloud - Ariana Grande (Dupe),Perfumes,436,Único,379,Standard,59.0,59.0,,,https://euchelperu.com/images/productos/175799810114073467899433.jpg
226,Mod Vainilla - Ariana Grande (Dupe),Perfumes,437,Único,380,Standard,59.0,59.0,,,https://euchelperu.com/images/productos/175799709351069255010748.png
227,Ari - Ariana Grande (Dupe),Perfumes,438,Único,381,Standard,59.0,59.0,,,https://euchelperu.com/images/productos/175799812255475621973341.jpg
228,Born In Roma Donna - Valentino (Dupe),Perfumes,439,Único,382,Standard,59.0,59.0,,,https://euchelperu.com/images/productos/175799822738109160460850.jpg
229,212 Vip - Carolina Herrera (Dupe),Perfumes,440,Único,383,Standard,59.0,59.0,,,https://euchelperu.com/images/productos/17579981875653853687243.jpg
230,212 Vip Rose - Carolina Herrera (Dupe),Perfumes,441,Único,384,Standard,59.0,59.0,,,https://euchelperu.com/images/productos/175799817553566758374215.jpg
231,Good Girl Blush - Carolina Herrera (Dupe),Perfumes,442,Único,385,Standard,59.0,59.0,,,https://euchelperu.com/images/productos/17579982897351992644383.png
232,Good Girl - Carolina Herrera (Dupe),Perfumes,443,Único,386,Standard,59.0,59.0,,,https://euchelperu.com/images/productos/175799833939056815070401.jpg
233,CH - Carolina Herrera (Dupe),Perfumes,444,Único,387,Standard,59.0,59.0,,,https://euchelperu.com/images/productos/17579983276486443619541.jpg
234,Miss Dior Cherie - Dior (Dupe),Perfumes,445,Único,388,Standard,59.0,59.0,,,https://euchelperu.com/images/productos/1757998145585627356110.jpg
235,Hypnotic Poison - Dior (Dupe),Perfumes,446,Único,389,Standard,59.0,59.0,,,https://euchelperu.com/images/productos/17579965404708892652415.jpg
236,Jadore - Dior (Dupe),Perfumes,447,Único,390,Standard,59.0,59.0,,,https://euchelperu.com/images/productos/17579965054889294688487.jpg
237,Bombshell - Victoria´s Secret (Dupe),Perfumes,448,Único,391,Standard,59.0,59.0,,,https://euchelperu.com/images/productos/175799649499200481454508.jpg
238,Bombshell Sundrenched - Victoria´s Secret (Dupe),Perfumes,449,Único,392,Standard,59.0,59.0,,,https://euchelperu.com/images/productos/17579964829318496675491.jpg
239,Yara - Lattafa (Dupe),Perfumes,450,Único,393,Standard,59.0,59.0,,,https://euchelperu.com/images/productos/175799645462749462870483.jpg
240,Yara Candy - Lattafa (Dupe),Perfumes,451,Único,394,Standard,59.0,59.0,,,https://euchelperu.com/images/productos/175799643796636982561645.jpg
241,La Vie Est Belle - Lancome (Dupe),Perfumes,452,Único,395,Standard,59.0,59.0,,,https://euchelperu.com/images/productos/175799540021468615066507.png
242,Dylan Blue Pour Femme - Versace (Dupe),Perfumes,453,Único,396,Standard,59.0,59.0,,,https://euchelperu.com/images/productos/175799629255007165299430.jpg
243,Scandall Le Parfum - Jean Paul Gaultier (Dupe),Perfumes,454,Único,397,Standard,59.0,59.0,,,https://euchelperu.com/images/productos/17579952640310794011043.jpg
244,Paris Hilton - Paris Hilton (Dupe),Perfumes,455,Único,398,Standard,59.0,59.0,,,https://euchelperu.com/images/productos/175799525293107307118521.jpg
245,Meow - Katy Perry (Dupe),Perfumes,456,Único,399,Standard,59.0,59.0,,,https://euchelperu.com/images/productos/175799523972761382052674.jpg
246,Club De Nuit Woman - Armaf (Dupe),Perfumes,457,Único,400,Standard,59.0,59.0,,,https://euchelperu.com/images/productos/175799521695237485241409.jpg
247,Donna Karan - Be Delicius (Dupe),Perfumes,458,Único,401,Standard,59.0,59.0,,,https://euchelperu.com/images/productos/175786924075367307958875.jpg
248,Chanel N°5 - Chanel (Dupe),Perfumes,459,Único,402,Standard,59.0,59.0,,,https://euchelperu.com/images/productos/175786922331075700915006.jpg
249,Baccarat Rouse 540 - Maison Francis Kurkdjian (Dupe),Perfumes,460,Único,403,Standard,59.0,59.0,,,https://euchelperu.com/images/productos/17578692044551730660394.jpg
250,Irresistible Rose Velve - Givenchy (Dupe),Perfumes,461,Único,404,Standard,59.0,59.0,,,https://euchelperu.com/images/productos/17578691788845391467777.jpg
252,Top Plus Corrugado,Tops,463,Vino,406,Standard,45.0,45.0,,,https://euchelperu.com/images/productos/17595370582241743127338.jpg | https://euchelperu.com/images/productos/175953675372767115644867.jpg | https://euchelperu.com/images/productos/177335883947743290867006.jpg | https://euchelperu.com/images/productos/177412020265948150036849.jpg | https://euchelperu.com/images/productos/177412040413146622536990.jpg | https://euchelperu.com/images/productos/178240955022224751080050.jpg | https://euchelperu.com/images/productos/17824096240723556658522.jpg | https://euchelperu.com/images/productos/178240971321973451117516.jpg
252,Top Plus Corrugado,Tops,913,Negro,1154,Standar,45.0,45.0,,,https://euchelperu.com/images/productos/175953675372767115644867.jpg | https://euchelperu.com/images/productos/17595370582241743127338.jpg | https://euchelperu.com/images/productos/177335883947743290867006.jpg | https://euchelperu.com/images/productos/177412020265948150036849.jpg | https://euchelperu.com/images/productos/177412040413146622536990.jpg | https://euchelperu.com/images/productos/178240955022224751080050.jpg | https://euchelperu.com/images/productos/17824096240723556658522.jpg | https://euchelperu.com/images/productos/178240971321973451117516.jpg
252,Top Plus Corrugado,Tops,959,Rojo,1207,Standar,45.0,45.0,,,https://euchelperu.com/images/productos/177412040413146622536990.jpg | https://euchelperu.com/images/productos/175953675372767115644867.jpg | https://euchelperu.com/images/productos/17595370582241743127338.jpg | https://euchelperu.com/images/productos/177335883947743290867006.jpg | https://euchelperu.com/images/productos/177412020265948150036849.jpg | https://euchelperu.com/images/productos/178240955022224751080050.jpg | https://euchelperu.com/images/productos/17824096240723556658522.jpg | https://euchelperu.com/images/productos/178240971321973451117516.jpg
252,Top Plus Corrugado,Tops,960,Acero,1208,Standar,45.0,45.0,,,https://euchelperu.com/images/productos/178240955022224751080050.jpg | https://euchelperu.com/images/productos/175953675372767115644867.jpg | https://euchelperu.com/images/productos/17595370582241743127338.jpg | https://euchelperu.com/images/productos/177335883947743290867006.jpg | https://euchelperu.com/images/productos/177412020265948150036849.jpg | https://euchelperu.com/images/productos/177412040413146622536990.jpg | https://euchelperu.com/images/productos/17824096240723556658522.jpg | https://euchelperu.com/images/productos/178240971321973451117516.jpg
252,Top Plus Corrugado,Tops,3054,rosa,3382,Standard,45.0,45.0,,,https://euchelperu.com/images/productos/177335883947743290867006.jpg | https://euchelperu.com/images/productos/175953675372767115644867.jpg | https://euchelperu.com/images/productos/17595370582241743127338.jpg | https://euchelperu.com/images/productos/177412020265948150036849.jpg | https://euchelperu.com/images/productos/177412040413146622536990.jpg | https://euchelperu.com/images/productos/178240955022224751080050.jpg | https://euchelperu.com/images/productos/17824096240723556658522.jpg | https://euchelperu.com/images/productos/178240971321973451117516.jpg
252,Top Plus Corrugado,Tops,3084,Amarillo,,,,45.0,,,https://euchelperu.com/images/productos/17824096240723556658522.jpg | https://euchelperu.com/images/productos/175953675372767115644867.jpg | https://euchelperu.com/images/productos/17595370582241743127338.jpg | https://euchelperu.com/images/productos/177335883947743290867006.jpg | https://euchelperu.com/images/productos/177412020265948150036849.jpg | https://euchelperu.com/images/productos/177412040413146622536990.jpg | https://euchelperu.com/images/productos/178240955022224751080050.jpg | https://euchelperu.com/images/productos/178240971321973451117516.jpg
252,Top Plus Corrugado,Tops,3089,Azu marino,,,,45.0,,,https://euchelperu.com/images/productos/177412020265948150036849.jpg | https://euchelperu.com/images/productos/175953675372767115644867.jpg | https://euchelperu.com/images/productos/17595370582241743127338.jpg | https://euchelperu.com/images/productos/177335883947743290867006.jpg | https://euchelperu.com/images/productos/177412040413146622536990.jpg | https://euchelperu.com/images/productos/178240955022224751080050.jpg | https://euchelperu.com/images/productos/17824096240723556658522.jpg | https://euchelperu.com/images/productos/178240971321973451117516.jpg
252,Top Plus Corrugado,Tops,3698,Beige,,,,45.0,,,https://euchelperu.com/images/productos/178240971321973451117516.jpg | https://euchelperu.com/images/productos/175953675372767115644867.jpg | https://euchelperu.com/images/productos/17595370582241743127338.jpg | https://euchelperu.com/images/productos/177335883947743290867006.jpg | https://euchelperu.com/images/productos/177412020265948150036849.jpg | https://euchelperu.com/images/productos/177412040413146622536990.jpg | https://euchelperu.com/images/productos/178240955022224751080050.jpg | https://euchelperu.com/images/productos/17824096240723556658522.jpg
254,Flare Tres Botones,Pantalones,465,Único,408,26,95.0,95.0,,,https://euchelperu.com/images/productos/175703045992808336257707.jpg
254,Flare Tres Botones,Pantalones,465,Único,706,28,95.0,95.0,,,https://euchelperu.com/images/productos/175703045992808336257707.jpg
254,Flare Tres Botones,Pantalones,465,Único,707,30,95.0,95.0,,,https://euchelperu.com/images/productos/175703045992808336257707.jpg
254,Flare Tres Botones,Pantalones,465,Único,708,32,95.0,95.0,,,https://euchelperu.com/images/productos/175703045992808336257707.jpg
254,Flare Tres Botones,Pantalones,465,Único,709,34,95.0,95.0,,,https://euchelperu.com/images/productos/175703045992808336257707.jpg
255,Pantalón Shine,Pantalones,466,Único,409,26,95.0,95.0,,,https://euchelperu.com/images/productos/175703035568574563768814.jpg
255,Pantalón Shine,Pantalones,466,Único,702,28,95.0,95.0,,,https://euchelperu.com/images/productos/175703035568574563768814.jpg
255,Pantalón Shine,Pantalones,466,Único,703,30,95.0,95.0,,,https://euchelperu.com/images/productos/175703035568574563768814.jpg
255,Pantalón Shine,Pantalones,466,Único,704,32,95.0,95.0,,,https://euchelperu.com/images/productos/175703035568574563768814.jpg
255,Pantalón Shine,Pantalones,466,Único,705,34,95.0,95.0,,,https://euchelperu.com/images/productos/175703035568574563768814.jpg
256,Correa Cadena Dorada,Correas,467,Único,410,Standard,30.0,30.0,,,https://euchelperu.com/images/productos/175700266486202621714302.jpg
261,Abrigo Lalesh Paño,Abrigos,499,Negro,443,M,130.0,130.0,,,https://euchelperu.com/images/productos/175685792794710836188406.jpg
262,Vestido Coquette,Vestidos,472,Azu,415,Standard,75.0,75.0,,,https://euchelperu.com/images/productos/175685735471176878811727.jpg | https://euchelperu.com/images/productos/17625671643925551982091.png | https://euchelperu.com/images/productos/176256807995457275987946.png
262,Vestido Coquette,Vestidos,1581,Verde,,,,75.0,,,https://euchelperu.com/images/productos/17625671643925551982091.png | https://euchelperu.com/images/productos/175685735471176878811727.jpg | https://euchelperu.com/images/productos/176256807995457275987946.png
262,Vestido Coquette,Vestidos,1582,Marrón,,,,75.0,,,https://euchelperu.com/images/productos/176256807995457275987946.png | https://euchelperu.com/images/productos/175685735471176878811727.jpg | https://euchelperu.com/images/productos/17625671643925551982091.png
263,Pullover Bicolor Hilo,Sweaters,473,Beige/negro,416,Standard,45.0,35.0,,,https://euchelperu.com/images/productos/175703021172282755667799.jpg
265,Vestido Kim,Vestidos,475,Negro,418,Standard,95.0,65.0,,,https://euchelperu.com/images/productos/175685787013266697181332.jpg
265,Vestido Kim,Vestidos,741,Beige,969,Standard,95.0,65.0,,,https://euchelperu.com/images/productos/175685787013266697181332.jpg
267,Vestido Espalda Tul,Vestidos,477,Color 1,420,Standard,85.0,85.0,,,https://euchelperu.com/images/productos/175685761852725859227875.jpg
267,Vestido Espalda Tul,Vestidos,733,Color 2,961,Standard,85.0,85.0,,,https://euchelperu.com/images/productos/175685761852725859227875.jpg
267,Vestido Espalda Tul,Vestidos,734,Color 3,962,Standard,85.0,85.0,,,https://euchelperu.com/images/productos/175685761852725859227875.jpg
268,Top Zella,Tops,731,Celeste,959,Standard,45.0,29.0,,,https://euchelperu.com/images/productos/17602133051654776168678.jpg
269,Top Ivana Corrugado,Tops,479,Jade,422,Standard,39.0,25.0,,,https://euchelperu.com/images/productos/17568576541216159155133.jpg | https://euchelperu.com/images/productos/176324968167002421075922.png
269,Top Ivana Corrugado,Tops,729,Blanco,957,Standard,39.0,25.0,,,https://euchelperu.com/images/productos/17568576541216159155133.jpg | https://euchelperu.com/images/productos/176324968167002421075922.png
269,Top Ivana Corrugado,Tops,906,Rojo,1150,Standar,39.0,25.0,,,https://euchelperu.com/images/productos/176324968167002421075922.png | https://euchelperu.com/images/productos/17568576541216159155133.jpg
269,Top Ivana Corrugado,Tops,907,Topo,1151,Standar,39.0,25.0,,,https://euchelperu.com/images/productos/17568576541216159155133.jpg | https://euchelperu.com/images/productos/176324968167002421075922.png
270,Top Strapless Corrugado Punta,Tops,480,Celeste,423,Standard,39.0,39.0,,,https://euchelperu.com/images/productos/175685769028907451433354.jpg
270,Top Strapless Corrugado Punta,Tops,696,Negro,920,Standard,39.0,39.0,,,https://euchelperu.com/images/productos/175685769028907451433354.jpg
270,Top Strapless Corrugado Punta,Tops,697,Blanco,921,Standard,39.0,39.0,,,https://euchelperu.com/images/productos/175685769028907451433354.jpg
270,Top Strapless Corrugado Punta,Tops,698,Beige,922,Standard,39.0,39.0,,,https://euchelperu.com/images/productos/175685769028907451433354.jpg
273,Cartera Pearl,Carteras,483,Único,426,Standard,69.0,69.0,,,https://euchelperu.com/images/productos/175685176385435108368563.jpg
274,Cartera Zerom,Carteras,484,Negro,427,Standard,75.0,75.0,,,https://euchelperu.com/images/productos/175685165904377904168638.jpg
275,Cartera Birdy,Carteras,485,Beige,428,Standard,120.0,120.0,,,https://euchelperu.com/images/productos/175685173431820729222349.jpg
276,Cartera Luxure,Carteras,486,Negro,429,Standard,120.0,120.0,,,https://euchelperu.com/images/productos/17568519299578989512936.jpg
277,Cartera Vaine,Carteras,487,Vino,430,Standard,99.0,99.0,,,https://euchelperu.com/images/productos/17568518993584917847156.jpg
277,Cartera Vaine,Carteras,963,Negro,1211,Standar,99.0,99.0,,,https://euchelperu.com/images/productos/17568518993584917847156.jpg
278,Cartera Bagway,Carteras,488,Único,431,Standard,79.0,79.0,,,https://euchelperu.com/images/productos/175685187382836676389234.jpg
279,Cartera Gemma,Carteras,489,Único,432,Standard,95.0,95.0,,,https://euchelperu.com/images/productos/175685257066699533249477.jpg
280,Iconic Tote,Carteras,490,Único,433,Standard,75.0,75.0,,,https://euchelperu.com/images/productos/175685094337679399833726.jpg
281,Cartera Style Chic,Carteras,491,Negro,434,Standard,110.0,110.0,,,https://euchelperu.com/images/productos/175685269501958133096874.jpg
282,Billetera Nova,Billeteras,492,Único,435,Standard,49.0,49.0,,,https://euchelperu.com/images/productos/175685247056939552371991.jpg
283,Billetera Ethos,Billeteras,493,Único,436,Standard,39.0,39.0,,,https://euchelperu.com/images/productos/175685272875767157926898.jpg
284,Cartera Posh Purse,Carteras,494,Beige,437,Standard,55.0,55.0,,,https://euchelperu.com/images/productos/175685241446810143193157.jpg
286,Trendy Tote,Carteras,496,Único,439,Standard,85.0,85.0,,,https://euchelperu.com/images/productos/175685101282082833617247.jpg
287,Cartera Aura Bag,Carteras,497,Vino,440,Standard,65.0,65.0,,,https://euchelperu.com/images/productos/175685280616251325625376.jpg
287,Cartera Aura Bag,Carteras,961,Marrón,1209,Standar,65.0,65.0,,,https://euchelperu.com/images/productos/175685280616251325625376.jpg
287,Cartera Aura Bag,Carteras,962,Negro,1210,Standar,65.0,65.0,,,https://euchelperu.com/images/productos/175685280616251325625376.jpg
288,Correa Dorelle,Correas,498,Negro,441,Standard,25.0,25.0,,,https://euchelperu.com/images/productos/175709690518366740162240.jpg
288,Correa Dorelle,Correas,726,Marrón,954,Standard,20.0,25.0,,,https://euchelperu.com/images/productos/175709690518366740162240.jpg
288,Correa Dorelle,Correas,727,Ladrillo,955,Standard,20.0,25.0,,,https://euchelperu.com/images/productos/175709690518366740162240.jpg
288,Correa Dorelle,Correas,728,Beige,956,Standard,20.0,25.0,,,https://euchelperu.com/images/productos/175709690518366740162240.jpg
291,Flare dos botones,Pantalones,502,Único,447,26,95.0,95.0,,,https://euchelperu.com/images/productos/175953862697422113647336.jpg
291,Flare dos botones,Pantalones,502,Único,696,28,95.0,95.0,,,https://euchelperu.com/images/productos/175953862697422113647336.jpg
291,Flare dos botones,Pantalones,502,Único,697,30,95.0,95.0,,,https://euchelperu.com/images/productos/175953862697422113647336.jpg
291,Flare dos botones,Pantalones,502,Único,698,32,95.0,95.0,,,https://euchelperu.com/images/productos/175953862697422113647336.jpg
291,Flare dos botones,Pantalones,502,Único,699,34,95.0,95.0,,,https://euchelperu.com/images/productos/175953862697422113647336.jpg
292,Chaleco Zenit,Blusas,503,Marrón,448,S,65.0,65.0,,,https://euchelperu.com/images/productos/175686253513878993239478.jpg | https://euchelperu.com/images/productos/176299392831060809618174.png | https://euchelperu.com/images/productos/176299672005355868056113.png | https://euchelperu.com/images/productos/176299678343362157217064.png | https://euchelperu.com/images/productos/176299774524572494317975.png
292,Chaleco Zenit,Blusas,721,Blanco,947,M,65.0,65.0,,,https://euchelperu.com/images/productos/176299672005355868056113.png | https://euchelperu.com/images/productos/175686253513878993239478.jpg | https://euchelperu.com/images/productos/176299392831060809618174.png | https://euchelperu.com/images/productos/176299678343362157217064.png | https://euchelperu.com/images/productos/176299774524572494317975.png
292,Chaleco Zenit,Blusas,722,Gris,948,S,65.0,65.0,,,https://euchelperu.com/images/productos/176299774524572494317975.png | https://euchelperu.com/images/productos/175686253513878993239478.jpg | https://euchelperu.com/images/productos/176299392831060809618174.png | https://euchelperu.com/images/productos/176299672005355868056113.png | https://euchelperu.com/images/productos/176299678343362157217064.png
292,Chaleco Zenit,Blusas,722,Gris,949,M,65.0,65.0,,,https://euchelperu.com/images/productos/176299774524572494317975.png | https://euchelperu.com/images/productos/175686253513878993239478.jpg | https://euchelperu.com/images/productos/176299392831060809618174.png | https://euchelperu.com/images/productos/176299672005355868056113.png | https://euchelperu.com/images/productos/176299678343362157217064.png
292,Chaleco Zenit,Blusas,723,Beige,950,S,65.0,65.0,,,https://euchelperu.com/images/productos/176299678343362157217064.png | https://euchelperu.com/images/productos/175686253513878993239478.jpg | https://euchelperu.com/images/productos/176299392831060809618174.png | https://euchelperu.com/images/productos/176299672005355868056113.png | https://euchelperu.com/images/productos/176299774524572494317975.png
292,Chaleco Zenit,Blusas,723,Beige,951,M,65.0,65.0,,,https://euchelperu.com/images/productos/176299678343362157217064.png | https://euchelperu.com/images/productos/175686253513878993239478.jpg | https://euchelperu.com/images/productos/176299392831060809618174.png | https://euchelperu.com/images/productos/176299672005355868056113.png | https://euchelperu.com/images/productos/176299774524572494317975.png
292,Chaleco Zenit,Blusas,1006,Negro,1263,S,65.0,65.0,,,https://euchelperu.com/images/productos/176299392831060809618174.png | https://euchelperu.com/images/productos/175686253513878993239478.jpg | https://euchelperu.com/images/productos/176299672005355868056113.png | https://euchelperu.com/images/productos/176299678343362157217064.png | https://euchelperu.com/images/productos/176299774524572494317975.png
292,Chaleco Zenit,Blusas,1006,Negro,1264,M,65.0,65.0,,,https://euchelperu.com/images/productos/176299392831060809618174.png | https://euchelperu.com/images/productos/175686253513878993239478.jpg | https://euchelperu.com/images/productos/176299672005355868056113.png | https://euchelperu.com/images/productos/176299678343362157217064.png | https://euchelperu.com/images/productos/176299774524572494317975.png
293,Top piel y2k,Tops,504,Vino,449,Standard,45.0,29.0,45.0,,https://euchelperu.com/images/productos/175684719001252554379794.jpg | https://euchelperu.com/images/productos/175849729001902216561128.jpg | https://euchelperu.com/images/productos/175858002441542102335186.jpg
293,Top piel y2k,Tops,719,Negro,944,Standard,45.0,29.0,45.0,,https://euchelperu.com/images/productos/175858002441542102335186.jpg | https://euchelperu.com/images/productos/175684719001252554379794.jpg | https://euchelperu.com/images/productos/175849729001902216561128.jpg
293,Top piel y2k,Tops,720,Azul,945,Standard,45.0,29.0,45.0,,https://euchelperu.com/images/productos/175684719001252554379794.jpg | https://euchelperu.com/images/productos/175849729001902216561128.jpg | https://euchelperu.com/images/productos/175858002441542102335186.jpg
294,Blusa lentejuelas,Blusas,505,Verde,450,Standard,49.0,49.0,,,https://euchelperu.com/images/productos/175684705682287289892618.jpg | https://euchelperu.com/images/productos/176004806145995186242220.jpg
294,Blusa lentejuelas,Blusas,715,Vino,939,Standard,49.0,49.0,,,https://euchelperu.com/images/productos/175684705682287289892618.jpg | https://euchelperu.com/images/productos/176004806145995186242220.jpg
294,Blusa lentejuelas,Blusas,716,Celeste,940,Standard,49.0,49.0,,,https://euchelperu.com/images/productos/176004806145995186242220.jpg | https://euchelperu.com/images/productos/175684705682287289892618.jpg
295,BLUSA CORSET MANGA LARGA,Blusas,711,Negro,935,Standard,59.0,59.0,,,https://euchelperu.com/images/productos/17595321608473507287895.jpg | https://euchelperu.com/images/productos/175953194848785487023483.jpg | https://euchelperu.com/images/productos/175953241829424541236607.jpg | https://euchelperu.com/images/productos/176305302218623465091877.jpg | https://euchelperu.com/images/productos/177715879622040440657045.jpg
295,BLUSA CORSET MANGA LARGA,Blusas,712,Blanco,936,Standard,59.0,59.0,,,https://euchelperu.com/images/productos/175953194848785487023483.jpg | https://euchelperu.com/images/productos/17595321608473507287895.jpg | https://euchelperu.com/images/productos/175953241829424541236607.jpg | https://euchelperu.com/images/productos/176305302218623465091877.jpg | https://euchelperu.com/images/productos/177715879622040440657045.jpg
295,BLUSA CORSET MANGA LARGA,Blusas,713,Marrón,937,Standard,59.0,59.0,,,https://euchelperu.com/images/productos/175953241829424541236607.jpg | https://euchelperu.com/images/productos/175953194848785487023483.jpg | https://euchelperu.com/images/productos/17595321608473507287895.jpg | https://euchelperu.com/images/productos/176305302218623465091877.jpg | https://euchelperu.com/images/productos/177715879622040440657045.jpg
295,BLUSA CORSET MANGA LARGA,Blusas,1601,Plomo,1864,S-M,59.0,59.0,,,https://euchelperu.com/images/productos/176305302218623465091877.jpg | https://euchelperu.com/images/productos/175953194848785487023483.jpg | https://euchelperu.com/images/productos/17595321608473507287895.jpg | https://euchelperu.com/images/productos/175953241829424541236607.jpg | https://euchelperu.com/images/productos/177715879622040440657045.jpg
295,BLUSA CORSET MANGA LARGA,Blusas,1988,Vino,2314,S,59.0,59.0,,,https://euchelperu.com/images/productos/177715879622040440657045.jpg | https://euchelperu.com/images/productos/175953194848785487023483.jpg | https://euchelperu.com/images/productos/17595321608473507287895.jpg | https://euchelperu.com/images/productos/175953241829424541236607.jpg | https://euchelperu.com/images/productos/176305302218623465091877.jpg
295,BLUSA CORSET MANGA LARGA,Blusas,1988,Vino,2315,M,59.0,59.0,,,https://euchelperu.com/images/productos/177715879622040440657045.jpg | https://euchelperu.com/images/productos/175953194848785487023483.jpg | https://euchelperu.com/images/productos/17595321608473507287895.jpg | https://euchelperu.com/images/productos/175953241829424541236607.jpg | https://euchelperu.com/images/productos/176305302218623465091877.jpg
296,Top cuerina broche,Tops,507,Marrón,452,S,55.0,55.0,,,https://euchelperu.com/images/productos/175684702756139688015078.jpg | https://euchelperu.com/images/productos/175942842788546917471218.jpg | https://euchelperu.com/images/productos/175942846737163386948504.jpg
296,Top cuerina broche,Tops,507,Marrón,1377,XS,55.0,55.0,,,https://euchelperu.com/images/productos/175684702756139688015078.jpg | https://euchelperu.com/images/productos/175942842788546917471218.jpg | https://euchelperu.com/images/productos/175942846737163386948504.jpg
296,Top cuerina broche,Tops,507,Marrón,1378,M,55.0,55.0,,,https://euchelperu.com/images/productos/175684702756139688015078.jpg | https://euchelperu.com/images/productos/175942842788546917471218.jpg | https://euchelperu.com/images/productos/175942846737163386948504.jpg
296,Top cuerina broche,Tops,1119,Negro,1379,XS,55.0,55.0,,,https://euchelperu.com/images/productos/175942846737163386948504.jpg | https://euchelperu.com/images/productos/175684702756139688015078.jpg | https://euchelperu.com/images/productos/175942842788546917471218.jpg
296,Top cuerina broche,Tops,1119,Negro,1380,S,55.0,55.0,,,https://euchelperu.com/images/productos/175942846737163386948504.jpg | https://euchelperu.com/images/productos/175684702756139688015078.jpg | https://euchelperu.com/images/productos/175942842788546917471218.jpg
296,Top cuerina broche,Tops,1119,Negro,1381,M,55.0,55.0,,,https://euchelperu.com/images/productos/175942846737163386948504.jpg | https://euchelperu.com/images/productos/175684702756139688015078.jpg | https://euchelperu.com/images/productos/175942842788546917471218.jpg
296,Top cuerina broche,Tops,1120,Vino,1382,XS,55.0,55.0,,,https://euchelperu.com/images/productos/175942842788546917471218.jpg | https://euchelperu.com/images/productos/175684702756139688015078.jpg | https://euchelperu.com/images/productos/175942846737163386948504.jpg
296,Top cuerina broche,Tops,1120,Vino,1383,S,55.0,55.0,,,https://euchelperu.com/images/productos/175942842788546917471218.jpg | https://euchelperu.com/images/productos/175684702756139688015078.jpg | https://euchelperu.com/images/productos/175942846737163386948504.jpg
296,Top cuerina broche,Tops,1120,Vino,1384,M,55.0,55.0,,,https://euchelperu.com/images/productos/175942842788546917471218.jpg | https://euchelperu.com/images/productos/175684702756139688015078.jpg | https://euchelperu.com/images/productos/175942846737163386948504.jpg
298,Pantalón Broche Zenit,Pantalones,509,Marrón,454,S,95.0,95.0,,,https://euchelperu.com/images/productos/175686250565667277095674.jpg | https://euchelperu.com/images/productos/175857166564266825350325.jpg | https://euchelperu.com/images/productos/17642942971951333091311.jpg
298,Pantalón Broche Zenit,Pantalones,509,Marrón,694,M,95.0,95.0,,,https://euchelperu.com/images/productos/175686250565667277095674.jpg | https://euchelperu.com/images/productos/175857166564266825350325.jpg | https://euchelperu.com/images/productos/17642942971951333091311.jpg
298,Pantalón Broche Zenit,Pantalones,509,Marrón,695,L,95.0,95.0,,,https://euchelperu.com/images/productos/175686250565667277095674.jpg | https://euchelperu.com/images/productos/175857166564266825350325.jpg | https://euchelperu.com/images/productos/17642942971951333091311.jpg
298,Pantalón Broche Zenit,Pantalones,717,Negro,941,S,95.0,95.0,,,https://euchelperu.com/images/productos/175857166564266825350325.jpg | https://euchelperu.com/images/productos/175686250565667277095674.jpg | https://euchelperu.com/images/productos/17642942971951333091311.jpg
298,Pantalón Broche Zenit,Pantalones,717,Negro,2304,M,95.0,95.0,,,https://euchelperu.com/images/productos/175857166564266825350325.jpg | https://euchelperu.com/images/productos/175686250565667277095674.jpg | https://euchelperu.com/images/productos/17642942971951333091311.jpg
298,Pantalón Broche Zenit,Pantalones,717,Negro,2305,L,95.0,95.0,,,https://euchelperu.com/images/productos/175857166564266825350325.jpg | https://euchelperu.com/images/productos/175686250565667277095674.jpg | https://euchelperu.com/images/productos/17642942971951333091311.jpg
298,Pantalón Broche Zenit,Pantalones,718,Plomo,942,S,95.0,95.0,,,https://euchelperu.com/images/productos/17642942971951333091311.jpg | https://euchelperu.com/images/productos/175686250565667277095674.jpg | https://euchelperu.com/images/productos/175857166564266825350325.jpg
298,Pantalón Broche Zenit,Pantalones,718,Plomo,943,M,95.0,95.0,,,https://euchelperu.com/images/productos/17642942971951333091311.jpg | https://euchelperu.com/images/productos/175686250565667277095674.jpg | https://euchelperu.com/images/productos/175857166564266825350325.jpg
298,Pantalón Broche Zenit,Pantalones,718,Plomo,2306,L,95.0,95.0,,,https://euchelperu.com/images/productos/17642942971951333091311.jpg | https://euchelperu.com/images/productos/175686250565667277095674.jpg | https://euchelperu.com/images/productos/175857166564266825350325.jpg
298,Pantalón Broche Zenit,Pantalones,1984,Blanco,2297,S,95.0,95.0,,,https://euchelperu.com/images/productos/175686250565667277095674.jpg | https://euchelperu.com/images/productos/175857166564266825350325.jpg | https://euchelperu.com/images/productos/17642942971951333091311.jpg
298,Pantalón Broche Zenit,Pantalones,1984,Blanco,2298,M,95.0,95.0,,,https://euchelperu.com/images/productos/175686250565667277095674.jpg | https://euchelperu.com/images/productos/175857166564266825350325.jpg | https://euchelperu.com/images/productos/17642942971951333091311.jpg
298,Pantalón Broche Zenit,Pantalones,1984,Blanco,2299,L,95.0,95.0,,,https://euchelperu.com/images/productos/175686250565667277095674.jpg | https://euchelperu.com/images/productos/175857166564266825350325.jpg | https://euchelperu.com/images/productos/17642942971951333091311.jpg
298,Pantalón Broche Zenit,Pantalones,1985,Beige,2300,L,95.0,95.0,,,https://euchelperu.com/images/productos/175686250565667277095674.jpg | https://euchelperu.com/images/productos/175857166564266825350325.jpg | https://euchelperu.com/images/productos/17642942971951333091311.jpg
298,Pantalón Broche Zenit,Pantalones,1986,Crema,2301,S,95.0,95.0,,,https://euchelperu.com/images/productos/175686250565667277095674.jpg | https://euchelperu.com/images/productos/175857166564266825350325.jpg | https://euchelperu.com/images/productos/17642942971951333091311.jpg
298,Pantalón Broche Zenit,Pantalones,1986,Crema,2302,M,95.0,95.0,,,https://euchelperu.com/images/productos/175686250565667277095674.jpg | https://euchelperu.com/images/productos/175857166564266825350325.jpg | https://euchelperu.com/images/productos/17642942971951333091311.jpg
298,Pantalón Broche Zenit,Pantalones,1987,Gris,2307,S,95.0,95.0,,,https://euchelperu.com/images/productos/175686250565667277095674.jpg | https://euchelperu.com/images/productos/175857166564266825350325.jpg | https://euchelperu.com/images/productos/17642942971951333091311.jpg
298,Pantalón Broche Zenit,Pantalones,1987,Gris,2308,M,95.0,95.0,,,https://euchelperu.com/images/productos/175686250565667277095674.jpg | https://euchelperu.com/images/productos/175857166564266825350325.jpg | https://euchelperu.com/images/productos/17642942971951333091311.jpg
298,Pantalón Broche Zenit,Pantalones,1987,Gris,2309,L,95.0,95.0,,,https://euchelperu.com/images/productos/175686250565667277095674.jpg | https://euchelperu.com/images/productos/175857166564266825350325.jpg | https://euchelperu.com/images/productos/17642942971951333091311.jpg
299,Set Marmoleado,Set,510,Único,455,Standard,79.0,39.0,,,https://euchelperu.com/images/productos/175684690966921205170322.jpg
303,Blusa Lady Manga Larga,Blusas,514,Blanco c/ Plomo,459,Standard,59.0,49.0,59.0,,https://euchelperu.com/images/productos/17568473681431778277020.jpg | https://euchelperu.com/images/productos/17600522424441671286230.jpg
303,Blusa Lady Manga Larga,Blusas,514,Blanco c/ Plomo,568,Medium,59.0,49.0,59.0,,https://euchelperu.com/images/productos/17568473681431778277020.jpg | https://euchelperu.com/images/productos/17600522424441671286230.jpg
303,Blusa Lady Manga Larga,Blusas,619,Blanco c/ Celeste,569,Standard,59.0,49.0,59.0,,https://euchelperu.com/images/productos/17568473681431778277020.jpg | https://euchelperu.com/images/productos/17600522424441671286230.jpg
303,Blusa Lady Manga Larga,Blusas,619,Blanco c/ Celeste,570,Medium,59.0,49.0,59.0,,https://euchelperu.com/images/productos/17568473681431778277020.jpg | https://euchelperu.com/images/productos/17600522424441671286230.jpg
303,Blusa Lady Manga Larga,Blusas,620,Blanco c/ Beige,571,Standard,59.0,49.0,59.0,,https://euchelperu.com/images/productos/17600522424441671286230.jpg | https://euchelperu.com/images/productos/17568473681431778277020.jpg
303,Blusa Lady Manga Larga,Blusas,620,Blanco c/ Beige,572,Medium,59.0,49.0,59.0,,https://euchelperu.com/images/productos/17600522424441671286230.jpg | https://euchelperu.com/images/productos/17568473681431778277020.jpg
303,Blusa Lady Manga Larga,Blusas,621,Moca,573,Standard,59.0,49.0,59.0,,https://euchelperu.com/images/productos/17568473681431778277020.jpg | https://euchelperu.com/images/productos/17600522424441671286230.jpg
303,Blusa Lady Manga Larga,Blusas,621,Moca,574,Medium,59.0,49.0,59.0,,https://euchelperu.com/images/productos/17568473681431778277020.jpg | https://euchelperu.com/images/productos/17600522424441671286230.jpg
303,Blusa Lady Manga Larga,Blusas,624,Negro,578,Standard,59.0,49.0,59.0,,https://euchelperu.com/images/productos/17568473681431778277020.jpg | https://euchelperu.com/images/productos/17600522424441671286230.jpg
303,Blusa Lady Manga Larga,Blusas,624,Negro,579,Medium,59.0,49.0,59.0,,https://euchelperu.com/images/productos/17568473681431778277020.jpg | https://euchelperu.com/images/productos/17600522424441671286230.jpg
303,Blusa Lady Manga Larga,Blusas,625,Beige,580,Standard,59.0,49.0,59.0,,https://euchelperu.com/images/productos/17568473681431778277020.jpg | https://euchelperu.com/images/productos/17600522424441671286230.jpg
303,Blusa Lady Manga Larga,Blusas,625,Beige,581,Medium,59.0,49.0,59.0,,https://euchelperu.com/images/productos/17568473681431778277020.jpg | https://euchelperu.com/images/productos/17600522424441671286230.jpg
303,Blusa Lady Manga Larga,Blusas,626,Celeste,582,Standard,59.0,49.0,59.0,,https://euchelperu.com/images/productos/17568473681431778277020.jpg | https://euchelperu.com/images/productos/17600522424441671286230.jpg
303,Blusa Lady Manga Larga,Blusas,626,Celeste,583,Medium,59.0,49.0,59.0,,https://euchelperu.com/images/productos/17568473681431778277020.jpg | https://euchelperu.com/images/productos/17600522424441671286230.jpg
304,Lentes Vintage Lux,Accesorios,515,Color 1,460,único,20.0,20.0,,,https://euchelperu.com/images/productos/175686093792727593425357.jpg
304,Lentes Vintage Lux,Accesorios,709,Color 2,933,único,20.0,20.0,,,https://euchelperu.com/images/productos/175686093792727593425357.jpg
304,Lentes Vintage Lux,Accesorios,710,Color 3,934,único,20.0,20.0,,,https://euchelperu.com/images/productos/175686093792727593425357.jpg
305,Lentes Sunny Shades,Accesorios,516,Color 1,461,único,20.0,20.0,,,https://euchelperu.com/images/productos/175686088681570752763477.jpg
305,Lentes Sunny Shades,Accesorios,707,Color 2,931,único,20.0,20.0,,,https://euchelperu.com/images/productos/175686088681570752763477.jpg
305,Lentes Sunny Shades,Accesorios,708,Color 3,932,único,20.0,20.0,,,https://euchelperu.com/images/productos/175686088681570752763477.jpg
306,Lentes Crystal Clare,Accesorios,517,Color 1,462,único,20.0,20.0,,,https://euchelperu.com/images/productos/175686082432412268691980.jpg
306,Lentes Crystal Clare,Accesorios,705,Color 2,929,único,20.0,20.0,,,https://euchelperu.com/images/productos/175686082432412268691980.jpg
306,Lentes Crystal Clare,Accesorios,706,Color 3,930,único,20.0,20.0,,,https://euchelperu.com/images/productos/175686082432412268691980.jpg
307,Lentes Shade Haven,Accesorios,518,Color 1,463,único,20.0,20.0,,,https://euchelperu.com/images/productos/175709693396774425733252.jpg
307,Lentes Shade Haven,Accesorios,703,Color 2,927,único,20.0,20.0,,,https://euchelperu.com/images/productos/175709693396774425733252.jpg
307,Lentes Shade Haven,Accesorios,704,Color 3,928,único,20.0,20.0,,,https://euchelperu.com/images/productos/175709693396774425733252.jpg
310,Casaca Polar Capucha,Chaquetas,521,Camel,466,Standard,95.0,95.0,,,https://euchelperu.com/images/productos/175686040271398130184770.jpg
310,Casaca Polar Capucha,Chaquetas,608,Blanco,557,Standard,95.0,95.0,,,https://euchelperu.com/images/productos/175686040271398130184770.jpg
310,Casaca Polar Capucha,Chaquetas,609,Plomo,558,Standard,95.0,95.0,,,https://euchelperu.com/images/productos/175686040271398130184770.jpg
310,Casaca Polar Capucha,Chaquetas,610,Beige,559,Standard,95.0,95.0,,,https://euchelperu.com/images/productos/175686040271398130184770.jpg
310,Casaca Polar Capucha,Chaquetas,611,Negro,560,Standard,95.0,95.0,,,https://euchelperu.com/images/productos/175686040271398130184770.jpg
310,Casaca Polar Capucha,Chaquetas,1019,Marrón,1831,Standard,95.0,95.0,,,https://euchelperu.com/images/productos/175686040271398130184770.jpg
312,Flare Gretel Basta,Pantalones,523,Azul Claro,468,26,95.0,95.0,,,https://euchelperu.com/images/productos/175694394874663461868711.jpg
312,Flare Gretel Basta,Pantalones,523,Azul Claro,549,28,95.0,95.0,,,https://euchelperu.com/images/productos/175694394874663461868711.jpg
312,Flare Gretel Basta,Pantalones,523,Azul Claro,683,30,95.0,95.0,,,https://euchelperu.com/images/productos/175694394874663461868711.jpg
312,Flare Gretel Basta,Pantalones,523,Azul Claro,684,32,95.0,95.0,,,https://euchelperu.com/images/productos/175694394874663461868711.jpg
312,Flare Gretel Basta,Pantalones,523,Azul Claro,685,34,95.0,95.0,,,https://euchelperu.com/images/productos/175694394874663461868711.jpg
312,Flare Gretel Basta,Pantalones,605,Azul Oscuro,550,26,95.0,95.0,,,https://euchelperu.com/images/productos/175694394874663461868711.jpg
312,Flare Gretel Basta,Pantalones,605,Azul Oscuro,551,28,95.0,95.0,,,https://euchelperu.com/images/productos/175694394874663461868711.jpg
312,Flare Gretel Basta,Pantalones,605,Azul Oscuro,552,32,95.0,95.0,,,https://euchelperu.com/images/productos/175694394874663461868711.jpg
312,Flare Gretel Basta,Pantalones,605,Azul Oscuro,686,32,95.0,95.0,,,https://euchelperu.com/images/productos/175694394874663461868711.jpg
312,Flare Gretel Basta,Pantalones,605,Azul Oscuro,687,34,95.0,95.0,,,https://euchelperu.com/images/productos/175694394874663461868711.jpg
318,Top Mía Satín,Blusas,542,Negro,485,Standard,45.0,45.0,,,https://euchelperu.com/images/productos/175692026374773677918281.jpg | https://euchelperu.com/images/productos/176264514513474767776984.jpg | https://euchelperu.com/images/productos/176264550755057851372015.jpg | https://euchelperu.com/images/productos/176264572253396249279958.jpg
318,Top Mía Satín,Blusas,543,Blanco,486,Standard,45.0,45.0,,,https://euchelperu.com/images/productos/176264550755057851372015.jpg | https://euchelperu.com/images/productos/175692026374773677918281.jpg | https://euchelperu.com/images/productos/176264514513474767776984.jpg | https://euchelperu.com/images/productos/176264572253396249279958.jpg
318,Top Mía Satín,Blusas,545,Rojo,488,Standard,45.0,45.0,,,https://euchelperu.com/images/productos/176264514513474767776984.jpg | https://euchelperu.com/images/productos/175692026374773677918281.jpg | https://euchelperu.com/images/productos/176264550755057851372015.jpg | https://euchelperu.com/images/productos/176264572253396249279958.jpg
318,Top Mía Satín,Blusas,1588,Piel,,,,45.0,,,https://euchelperu.com/images/productos/176264572253396249279958.jpg | https://euchelperu.com/images/productos/175692026374773677918281.jpg | https://euchelperu.com/images/productos/176264514513474767776984.jpg | https://euchelperu.com/images/productos/176264550755057851372015.jpg
320,Vestido Medusa Tul,Vestidos,549,Celeste,492,Standard,75.0,49.0,,,https://euchelperu.com/images/productos/175692110573101165553180.jpg | https://euchelperu.com/images/productos/175856540202499724433971.jpg | https://euchelperu.com/images/productos/175856601005461971941154.jpg | https://euchelperu.com/images/productos/175856603245933830595858.jpg
320,Vestido Medusa Tul,Vestidos,550,Blanco,493,Standard,75.0,49.0,,,https://euchelperu.com/images/productos/175856540202499724433971.jpg | https://euchelperu.com/images/productos/175692110573101165553180.jpg | https://euchelperu.com/images/productos/175856601005461971941154.jpg | https://euchelperu.com/images/productos/175856603245933830595858.jpg
320,Vestido Medusa Tul,Vestidos,551,Verde,494,Standard,75.0,49.0,,,https://euchelperu.com/images/productos/175692110573101165553180.jpg | https://euchelperu.com/images/productos/175856540202499724433971.jpg | https://euchelperu.com/images/productos/175856601005461971941154.jpg | https://euchelperu.com/images/productos/175856603245933830595858.jpg
320,Vestido Medusa Tul,Vestidos,552,Negro,495,Standard,75.0,49.0,,,https://euchelperu.com/images/productos/175692110573101165553180.jpg | https://euchelperu.com/images/productos/175856540202499724433971.jpg | https://euchelperu.com/images/productos/175856601005461971941154.jpg | https://euchelperu.com/images/productos/175856603245933830595858.jpg
320,Vestido Medusa Tul,Vestidos,1010,Vino,1482,Standar,75.0,49.0,,,https://euchelperu.com/images/productos/175856603245933830595858.jpg | https://euchelperu.com/images/productos/175692110573101165553180.jpg | https://euchelperu.com/images/productos/175856540202499724433971.jpg | https://euchelperu.com/images/productos/175856601005461971941154.jpg
320,Vestido Medusa Tul,Vestidos,1011,Gris,1483,Standar,75.0,49.0,,,https://euchelperu.com/images/productos/175856601005461971941154.jpg | https://euchelperu.com/images/productos/175692110573101165553180.jpg | https://euchelperu.com/images/productos/175856540202499724433971.jpg | https://euchelperu.com/images/productos/175856603245933830595858.jpg
321,Vestido Sabrina Strapless Tul,Vestidos,553,Morado/negro,496,Standard,65.0,65.0,,,https://euchelperu.com/images/productos/17569234012700613522366.jpg | https://euchelperu.com/images/productos/175848880596564814722056.jpg
321,Vestido Sabrina Strapless Tul,Vestidos,554,Verde/negro,497,Standard,65.0,65.0,,,https://euchelperu.com/images/productos/17569234012700613522366.jpg | https://euchelperu.com/images/productos/175848880596564814722056.jpg
321,Vestido Sabrina Strapless Tul,Vestidos,555,Celeste/negro,498,Standard,65.0,65.0,,,https://euchelperu.com/images/productos/175848880596564814722056.jpg | https://euchelperu.com/images/productos/17569234012700613522366.jpg
322,Chompa Ojal Laly,Sweaters,556,Vino,499,Standard,55.0,55.0,,,https://euchelperu.com/images/productos/175848588946649827555241.jpg | https://euchelperu.com/images/productos/175830483635627700289334.png | https://euchelperu.com/images/productos/176291024302950207988495.png | https://euchelperu.com/images/productos/17629104861477136674608.png | https://euchelperu.com/images/productos/176291081825476511436599.png | https://euchelperu.com/images/productos/176291100367420727756979.png
322,Chompa Ojal Laly,Sweaters,557,Beige claro,500,Standard,55.0,55.0,,,https://euchelperu.com/images/productos/176291100367420727756979.png | https://euchelperu.com/images/productos/175830483635627700289334.png | https://euchelperu.com/images/productos/175848588946649827555241.jpg | https://euchelperu.com/images/productos/176291024302950207988495.png | https://euchelperu.com/images/productos/17629104861477136674608.png | https://euchelperu.com/images/productos/176291081825476511436599.png
322,Chompa Ojal Laly,Sweaters,558,Beige oscuro,501,Standard,55.0,55.0,,,https://euchelperu.com/images/productos/175830483635627700289334.png | https://euchelperu.com/images/productos/175848588946649827555241.jpg | https://euchelperu.com/images/productos/176291024302950207988495.png | https://euchelperu.com/images/productos/17629104861477136674608.png | https://euchelperu.com/images/productos/176291081825476511436599.png | https://euchelperu.com/images/productos/176291100367420727756979.png
322,Chompa Ojal Laly,Sweaters,919,Marron,1163,Standar,55.0,55.0,,,https://euchelperu.com/images/productos/176291024302950207988495.png | https://euchelperu.com/images/productos/175830483635627700289334.png | https://euchelperu.com/images/productos/175848588946649827555241.jpg | https://euchelperu.com/images/productos/17629104861477136674608.png | https://euchelperu.com/images/productos/176291081825476511436599.png | https://euchelperu.com/images/productos/176291100367420727756979.png
322,Chompa Ojal Laly,Sweaters,920,Gris,1164,Standar,55.0,55.0,,,https://euchelperu.com/images/productos/17629104861477136674608.png | https://euchelperu.com/images/productos/175830483635627700289334.png | https://euchelperu.com/images/productos/175848588946649827555241.jpg | https://euchelperu.com/images/productos/176291024302950207988495.png | https://euchelperu.com/images/productos/176291081825476511436599.png | https://euchelperu.com/images/productos/176291100367420727756979.png
322,Chompa Ojal Laly,Sweaters,1199,Blanco,1463,Standar,55.0,55.0,,,https://euchelperu.com/images/productos/176291081825476511436599.png | https://euchelperu.com/images/productos/175830483635627700289334.png | https://euchelperu.com/images/productos/175848588946649827555241.jpg | https://euchelperu.com/images/productos/176291024302950207988495.png | https://euchelperu.com/images/productos/17629104861477136674608.png | https://euchelperu.com/images/productos/176291100367420727756979.png
324,Set Viena,Set,562,Blanco,505,Standard,65.0,65.0,,,https://euchelperu.com/images/productos/17626462349453359138076.jpg | https://euchelperu.com/images/productos/176264605486234637216112.jpg | https://euchelperu.com/images/productos/176264613931883120754736.jpg | https://euchelperu.com/images/productos/176547724423805425579185.jpg
324,Set Viena,Set,563,Negro,506,Standard,65.0,65.0,,,https://euchelperu.com/images/productos/176264613931883120754736.jpg | https://euchelperu.com/images/productos/176264605486234637216112.jpg | https://euchelperu.com/images/productos/17626462349453359138076.jpg | https://euchelperu.com/images/productos/176547724423805425579185.jpg
324,Set Viena,Set,988,Beige oscuro,1829,Standard,65.0,65.0,,,https://euchelperu.com/images/productos/176264605486234637216112.jpg | https://euchelperu.com/images/productos/176264613931883120754736.jpg | https://euchelperu.com/images/productos/17626462349453359138076.jpg | https://euchelperu.com/images/productos/176547724423805425579185.jpg
324,Set Viena,Set,2087,Acero,2915,Standard,65.0,65.0,,,https://euchelperu.com/images/productos/176547724423805425579185.jpg | https://euchelperu.com/images/productos/176264605486234637216112.jpg | https://euchelperu.com/images/productos/176264613931883120754736.jpg | https://euchelperu.com/images/productos/17626462349453359138076.jpg
325,Top Margaret,Tops,565,Azul Acero,508,Standard,45.0,45.0,,,https://euchelperu.com/images/productos/17569260351382573659316.jpg | https://euchelperu.com/images/productos/175942616894194523684832.jpg | https://euchelperu.com/images/productos/175942621689166513813144.jpg | https://euchelperu.com/images/productos/175942634065821190457978.jpg | https://euchelperu.com/images/productos/175942636361986533946302.jpg
325,Top Margaret,Tops,573,Marrón,516,Standard,45.0,45.0,,,https://euchelperu.com/images/productos/175942616894194523684832.jpg | https://euchelperu.com/images/productos/17569260351382573659316.jpg | https://euchelperu.com/images/productos/175942621689166513813144.jpg | https://euchelperu.com/images/productos/175942634065821190457978.jpg | https://euchelperu.com/images/productos/175942636361986533946302.jpg
325,Top Margaret,Tops,954,Vino,1143,Standar,45.0,45.0,,,https://euchelperu.com/images/productos/175942621689166513813144.jpg | https://euchelperu.com/images/productos/17569260351382573659316.jpg | https://euchelperu.com/images/productos/175942616894194523684832.jpg | https://euchelperu.com/images/productos/175942634065821190457978.jpg | https://euchelperu.com/images/productos/175942636361986533946302.jpg
325,Top Margaret,Tops,1228,Blanco,1826,Standard,45.0,45.0,,,https://euchelperu.com/images/productos/175942634065821190457978.jpg | https://euchelperu.com/images/productos/17569260351382573659316.jpg | https://euchelperu.com/images/productos/175942616894194523684832.jpg | https://euchelperu.com/images/productos/175942621689166513813144.jpg | https://euchelperu.com/images/productos/175942636361986533946302.jpg
325,Top Margaret,Tops,1229,Negro,1827,Standard,45.0,45.0,,,https://euchelperu.com/images/productos/175942636361986533946302.jpg | https://euchelperu.com/images/productos/17569260351382573659316.jpg | https://euchelperu.com/images/productos/175942616894194523684832.jpg | https://euchelperu.com/images/productos/175942621689166513813144.jpg | https://euchelperu.com/images/productos/175942634065821190457978.jpg
326,Vestido Gabriela Copa Tul,Vestidos,567,Azul Eléctrico,510,Standar,65.0,65.0,,,https://euchelperu.com/images/productos/175693687655030959215182.jpg | https://euchelperu.com/images/productos/175953554549584125172028.jpg | https://euchelperu.com/images/productos/175953559532656930059965.jpg
326,Vestido Gabriela Copa Tul,Vestidos,568,Negro,511,Standar,65.0,65.0,,,https://euchelperu.com/images/productos/175693687655030959215182.jpg | https://euchelperu.com/images/productos/175953554549584125172028.jpg | https://euchelperu.com/images/productos/175953559532656930059965.jpg
326,Vestido Gabriela Copa Tul,Vestidos,569,Verde Botella,512,Standar,65.0,65.0,,,https://euchelperu.com/images/productos/175953559532656930059965.jpg | https://euchelperu.com/images/productos/175693687655030959215182.jpg | https://euchelperu.com/images/productos/175953554549584125172028.jpg
326,Vestido Gabriela Copa Tul,Vestidos,570,Print Rojo,513,Standar,65.0,65.0,,,https://euchelperu.com/images/productos/175953554549584125172028.jpg | https://euchelperu.com/images/productos/175693687655030959215182.jpg | https://euchelperu.com/images/productos/175953559532656930059965.jpg
326,Vestido Gabriela Copa Tul,Vestidos,571,Print Verde,514,Standar,65.0,65.0,,,https://euchelperu.com/images/productos/175693687655030959215182.jpg | https://euchelperu.com/images/productos/175953554549584125172028.jpg | https://euchelperu.com/images/productos/175953559532656930059965.jpg
326,Vestido Gabriela Copa Tul,Vestidos,572,Print Turquesa,515,Standar,65.0,65.0,,,https://euchelperu.com/images/productos/175693687655030959215182.jpg | https://euchelperu.com/images/productos/175953554549584125172028.jpg | https://euchelperu.com/images/productos/175953559532656930059965.jpg
329,Cardigan Emily,Sweaters,583,Beige,526,Standard,59.0,59.0,,,https://euchelperu.com/images/productos/175693685436027262885107.jpg
329,Cardigan Emily,Sweaters,584,Rojo,527,Standard,59.0,59.0,,,https://euchelperu.com/images/productos/175693685436027262885107.jpg
329,Cardigan Emily,Sweaters,585,Azul marino,528,Standard,59.0,59.0,,,https://euchelperu.com/images/productos/175693685436027262885107.jpg
329,Cardigan Emily,Sweaters,586,Negro,529,Standard,59.0,59.0,,,https://euchelperu.com/images/productos/175693685436027262885107.jpg
329,Cardigan Emily,Sweaters,587,Blanco,530,Standard,59.0,59.0,,,https://euchelperu.com/images/productos/175693685436027262885107.jpg
331,Vestido Meli Copa Aro,Vestidos,592,Negro,540,Standard,69.0,69.0,,,https://euchelperu.com/images/productos/175954044702116505461826.jpg | https://euchelperu.com/images/productos/175954018703864758265321.jpg
331,Vestido Meli Copa Aro,Vestidos,595,Marrón,543,Standard,69.0,69.0,,,https://euchelperu.com/images/productos/175954018703864758265321.jpg | https://euchelperu.com/images/productos/175954044702116505461826.jpg
332,Polera Volkisch,Poleras,599,Azul Acero,537,Standard,65.0,65.0,,,https://euchelperu.com/images/productos/175693678304921521524763.jpg | https://euchelperu.com/images/productos/17594329390657663075326.jpg | https://euchelperu.com/images/productos/175943297543108628035920.jpg
332,Polera Volkisch,Poleras,601,Marrón,538,Standard,65.0,65.0,,,https://euchelperu.com/images/productos/175693678304921521524763.jpg | https://euchelperu.com/images/productos/17594329390657663075326.jpg | https://euchelperu.com/images/productos/175943297543108628035920.jpg
332,Polera Volkisch,Poleras,602,Verde Botella,539,Standard,65.0,65.0,,,https://euchelperu.com/images/productos/175693678304921521524763.jpg | https://euchelperu.com/images/productos/17594329390657663075326.jpg | https://euchelperu.com/images/productos/175943297543108628035920.jpg
332,Polera Volkisch,Poleras,627,Negro,595,Standard,65.0,65.0,,,https://euchelperu.com/images/productos/175943297543108628035920.jpg | https://euchelperu.com/images/productos/175693678304921521524763.jpg | https://euchelperu.com/images/productos/17594329390657663075326.jpg
332,Polera Volkisch,Poleras,628,Blanco,596,Standard,65.0,65.0,,,https://euchelperu.com/images/productos/17594329390657663075326.jpg | https://euchelperu.com/images/productos/175693678304921521524763.jpg | https://euchelperu.com/images/productos/175943297543108628035920.jpg
337,Casaca Zenit Oversize,Chaquetas,645,Vino,869,Standard,145.0,145.0,,,https://euchelperu.com/images/productos/17575479614287437415094.jpg | https://euchelperu.com/images/productos/175864568791304762223426.jpg | https://euchelperu.com/images/productos/175864570085720429141597.jpg
337,Casaca Zenit Oversize,Chaquetas,646,Negro,870,Standard,145.0,145.0,,,https://euchelperu.com/images/productos/175864568791304762223426.jpg | https://euchelperu.com/images/productos/17575479614287437415094.jpg | https://euchelperu.com/images/productos/175864570085720429141597.jpg
337,Casaca Zenit Oversize,Chaquetas,647,Marrón,871,Standard,145.0,145.0,,,https://euchelperu.com/images/productos/175864570085720429141597.jpg | https://euchelperu.com/images/productos/17575479614287437415094.jpg | https://euchelperu.com/images/productos/175864568791304762223426.jpg
338,Top Mesh Plus,Tops,649,Color 1,873,Standard,45.0,45.0,,,https://euchelperu.com/images/productos/175754896668926922714346.jpg | https://euchelperu.com/images/productos/175769358369041154243763.jpg | https://euchelperu.com/images/productos/175769359109284942136996.jpg | https://euchelperu.com/images/productos/17576936088398229786991.jpg | https://euchelperu.com/images/productos/175769362579107224361262.jpg
338,Top Mesh Plus,Tops,650,Color 2,874,Standard,45.0,45.0,,,https://euchelperu.com/images/productos/175769358369041154243763.jpg | https://euchelperu.com/images/productos/175754896668926922714346.jpg | https://euchelperu.com/images/productos/175769359109284942136996.jpg | https://euchelperu.com/images/productos/17576936088398229786991.jpg | https://euchelperu.com/images/productos/175769362579107224361262.jpg
338,Top Mesh Plus,Tops,651,Color 3,875,Standard,45.0,45.0,,,https://euchelperu.com/images/productos/175769359109284942136996.jpg | https://euchelperu.com/images/productos/175754896668926922714346.jpg | https://euchelperu.com/images/productos/175769358369041154243763.jpg | https://euchelperu.com/images/productos/17576936088398229786991.jpg | https://euchelperu.com/images/productos/175769362579107224361262.jpg
338,Top Mesh Plus,Tops,652,Color 4,876,Standard,45.0,45.0,,,https://euchelperu.com/images/productos/17576936088398229786991.jpg | https://euchelperu.com/images/productos/175754896668926922714346.jpg | https://euchelperu.com/images/productos/175769358369041154243763.jpg | https://euchelperu.com/images/productos/175769359109284942136996.jpg | https://euchelperu.com/images/productos/175769362579107224361262.jpg
338,Top Mesh Plus,Tops,653,Color 5,877,Standard,45.0,45.0,,,https://euchelperu.com/images/productos/175769362579107224361262.jpg | https://euchelperu.com/images/productos/175754896668926922714346.jpg | https://euchelperu.com/images/productos/175769358369041154243763.jpg | https://euchelperu.com/images/productos/175769359109284942136996.jpg | https://euchelperu.com/images/productos/17576936088398229786991.jpg
339,Top Medusa Mesh,Tops,655,Vino,879,Standard,45.0,35.0,,,https://euchelperu.com/images/productos/176048687428689606423637.jpg | https://euchelperu.com/images/productos/175829582595466834045506.jpg | https://euchelperu.com/images/productos/175829585449836245149715.jpg | https://euchelperu.com/images/productos/17629095360645745014497.png
339,Top Medusa Mesh,Tops,656,Negro,880,Standard,45.0,35.0,,,https://euchelperu.com/images/productos/175829585449836245149715.jpg | https://euchelperu.com/images/productos/175829582595466834045506.jpg | https://euchelperu.com/images/productos/176048687428689606423637.jpg | https://euchelperu.com/images/productos/17629095360645745014497.png
339,Top Medusa Mesh,Tops,657,Marrón,881,Standard,45.0,35.0,,,https://euchelperu.com/images/productos/175829582595466834045506.jpg | https://euchelperu.com/images/productos/175829585449836245149715.jpg | https://euchelperu.com/images/productos/176048687428689606423637.jpg | https://euchelperu.com/images/productos/17629095360645745014497.png
339,Top Medusa Mesh,Tops,658,Puntos,882,Standard,45.0,35.0,,,https://euchelperu.com/images/productos/17629095360645745014497.png | https://euchelperu.com/images/productos/175829582595466834045506.jpg | https://euchelperu.com/images/productos/175829585449836245149715.jpg | https://euchelperu.com/images/productos/176048687428689606423637.jpg
341,Vestido Ale,Vestidos,663,Amarillo,887,Standard,59.0,49.0,59.0,,https://euchelperu.com/images/productos/176245549161258160692051.png | https://euchelperu.com/images/productos/175755092059500408315206.jpg | https://euchelperu.com/images/productos/17585799418263059574240.jpg | https://euchelperu.com/images/productos/176245311741834728581330.png | https://euchelperu.com/images/productos/17624532069643651973074.png
341,Vestido Ale,Vestidos,664,Negro,888,Standard,59.0,49.0,59.0,,https://euchelperu.com/images/productos/176245311741834728581330.png | https://euchelperu.com/images/productos/175755092059500408315206.jpg | https://euchelperu.com/images/productos/17585799418263059574240.jpg | https://euchelperu.com/images/productos/17624532069643651973074.png | https://euchelperu.com/images/productos/176245549161258160692051.png
341,Vestido Ale,Vestidos,665,Blanco,889,Standard,59.0,49.0,59.0,,https://euchelperu.com/images/productos/17624532069643651973074.png | https://euchelperu.com/images/productos/175755092059500408315206.jpg | https://euchelperu.com/images/productos/17585799418263059574240.jpg | https://euchelperu.com/images/productos/176245311741834728581330.png | https://euchelperu.com/images/productos/176245549161258160692051.png
341,Vestido Ale,Vestidos,666,Azul,890,Standard,59.0,49.0,59.0,,https://euchelperu.com/images/productos/17585799418263059574240.jpg | https://euchelperu.com/images/productos/175755092059500408315206.jpg | https://euchelperu.com/images/productos/176245311741834728581330.png | https://euchelperu.com/images/productos/17624532069643651973074.png | https://euchelperu.com/images/productos/176245549161258160692051.png
341,Vestido Ale,Vestidos,667,Rosado,891,Standard,59.0,49.0,59.0,,https://euchelperu.com/images/productos/175755092059500408315206.jpg | https://euchelperu.com/images/productos/17585799418263059574240.jpg | https://euchelperu.com/images/productos/176245311741834728581330.png | https://euchelperu.com/images/productos/17624532069643651973074.png | https://euchelperu.com/images/productos/176245549161258160692051.png
343,Casaca Zenit Cuerina,Chaquetas,682,Negro,909,Standard,125.0,125.0,,,https://euchelperu.com/images/productos/175848830624241352717988.jpg | https://euchelperu.com/images/productos/175864457134067803364825.jpg | https://euchelperu.com/images/productos/175864460081656166147811.jpg
343,Casaca Zenit Cuerina,Chaquetas,683,Marrón,910,Standard,125.0,125.0,,,https://euchelperu.com/images/productos/175864457134067803364825.jpg | https://euchelperu.com/images/productos/175848830624241352717988.jpg | https://euchelperu.com/images/productos/175864460081656166147811.jpg
343,Casaca Zenit Cuerina,Chaquetas,684,Vino,911,Standard,125.0,125.0,,,https://euchelperu.com/images/productos/175864460081656166147811.jpg | https://euchelperu.com/images/productos/175848830624241352717988.jpg | https://euchelperu.com/images/productos/175864457134067803364825.jpg
345,Savanna bag,Carteras,810,Print marrón,1039,Mila Leopard,85.0,85.0,,,https://euchelperu.com/images/productos/175769867617848770248724.jpg | https://euchelperu.com/images/productos/175769871176702387054001.jpg
345,Savanna bag,Carteras,811,Print vino,1040,Mila Leopard,85.0,85.0,,,https://euchelperu.com/images/productos/175769871176702387054001.jpg | https://euchelperu.com/images/productos/175769867617848770248724.jpg
346,Leather&key bag,Carteras,812,Negro,1041,Cleo Charm,90.0,90.0,,,https://euchelperu.com/images/productos/175770016612755606575865.jpg | https://euchelperu.com/images/productos/175770022695918126224328.jpg | https://euchelperu.com/images/productos/175770024105573978125300.jpg
346,Leather&key bag,Carteras,813,Marrón,1042,Cleo Charm,90.0,90.0,,,https://euchelperu.com/images/productos/175770022695918126224328.jpg | https://euchelperu.com/images/productos/175770016612755606575865.jpg | https://euchelperu.com/images/productos/175770024105573978125300.jpg
346,Leather&key bag,Carteras,814,Topo,1043,Cleo Charm,90.0,90.0,,,https://euchelperu.com/images/productos/175770024105573978125300.jpg | https://euchelperu.com/images/productos/175770016612755606575865.jpg | https://euchelperu.com/images/productos/175770022695918126224328.jpg
347,Kuna bag,Carteras,815,Marrón,1044,Kairo Taupe,139.0,139.0,,,https://euchelperu.com/images/productos/175770069472827338488445.jpg | https://euchelperu.com/images/productos/175770070883824154528794.jpg
347,Kuna bag,Carteras,816,Negro,1045,Kairo Taupe,139.0,139.0,,,https://euchelperu.com/images/productos/175770070883824154528794.jpg | https://euchelperu.com/images/productos/175770069472827338488445.jpg
348,Tote Urbelle bag,Carteras,817,Marrón,1046,Tosu Grace,95.0,95.0,,,https://euchelperu.com/images/productos/1757702025219537899901.jpg | https://euchelperu.com/images/productos/175770203829136258065523.jpg
348,Tote Urbelle bag,Carteras,818,Negro,1047,Tosu Grace,95.0,95.0,,,https://euchelperu.com/images/productos/175770203829136258065523.jpg | https://euchelperu.com/images/productos/1757702025219537899901.jpg
349,Luxe Minimal Tote bag,Carteras,819,Negro,1048,The Tote Bag,95.0,95.0,,,https://euchelperu.com/images/productos/175770241948974737475842.jpg | https://euchelperu.com/images/productos/175770243346804191711421.jpg
349,Luxe Minimal Tote bag,Carteras,820,Beige,1049,The Tote Bag,95.0,95.0,,,https://euchelperu.com/images/productos/175770243346804191711421.jpg | https://euchelperu.com/images/productos/175770241948974737475842.jpg
350,Vintage Siena bag,Carteras,821,Negro,1050,Clasp bag,89.0,89.0,,,https://euchelperu.com/images/productos/175770272554843244589527.jpg | https://euchelperu.com/images/productos/175770273735565936367389.jpg
350,Vintage Siena bag,Carteras,822,Marrón,1051,Clasp bag,89.0,89.0,,,https://euchelperu.com/images/productos/175770273735565936367389.jpg | https://euchelperu.com/images/productos/175770272554843244589527.jpg
352,Short Shine,Shorts,828,Negro,1057,Standard,65.0,65.0,,,https://euchelperu.com/images/productos/175770485503922355535468.jpg | https://euchelperu.com/images/productos/175770486921103726490746.jpg
352,Short Shine,Shorts,829,Plomo,1058,Standard,65.0,65.0,,,https://euchelperu.com/images/productos/175770486921103726490746.jpg | https://euchelperu.com/images/productos/175770485503922355535468.jpg
353,Buzo Sayuri cierre,Set,889,Verde,1117,Standard,110.0,110.0,,,https://euchelperu.com/images/productos/176005818439825865348206.jpg | https://euchelperu.com/images/productos/176005820482213286450364.jpg | https://euchelperu.com/images/productos/176005822478973474428020.jpg
353,Buzo Sayuri cierre,Set,890,Negro,1118,Standard,110.0,110.0,,,https://euchelperu.com/images/productos/176005820482213286450364.jpg | https://euchelperu.com/images/productos/176005818439825865348206.jpg | https://euchelperu.com/images/productos/176005822478973474428020.jpg
353,Buzo Sayuri cierre,Set,892,Beige,1121,Standard,110.0,110.0,,,https://euchelperu.com/images/productos/176005822478973474428020.jpg | https://euchelperu.com/images/productos/176005818439825865348206.jpg | https://euchelperu.com/images/productos/176005820482213286450364.jpg
354,Buzo Kaori,Set,854,Verde Pistacho,1082,Standard,99.0,99.0,,,https://euchelperu.com/images/productos/175778632421740149240304.jpg
354,Buzo Kaori,Set,876,Vino,1104,Standard,99.0,99.0,,,https://euchelperu.com/images/productos/175778632421740149240304.jpg
354,Buzo Kaori,Set,877,Negro,1105,Standard,99.0,99.0,,,https://euchelperu.com/images/productos/175778632421740149240304.jpg
354,Buzo Kaori,Set,878,Beige,1106,Standard,99.0,99.0,,,https://euchelperu.com/images/productos/175778632421740149240304.jpg
354,Buzo Kaori,Set,879,Camel,1107,Standard,99.0,99.0,,,https://euchelperu.com/images/productos/175778632421740149240304.jpg
356,Top Leila espalda,Tops,856,Rojo,1084,Standard,45.0,20.0,,,https://euchelperu.com/images/productos/175778965019352346690441.jpg | https://euchelperu.com/images/productos/175778965733852579496905.jpg | https://euchelperu.com/images/productos/17582969788333634555901.jpg | https://euchelperu.com/images/productos/175829702004884567772247.jpg
356,Top Leila espalda,Tops,887,Negro,1115,Standard,45.0,20.0,,,https://euchelperu.com/images/productos/17582969788333634555901.jpg | https://euchelperu.com/images/productos/175778965019352346690441.jpg | https://euchelperu.com/images/productos/175778965733852579496905.jpg | https://euchelperu.com/images/productos/175829702004884567772247.jpg
356,Top Leila espalda,Tops,888,Marrón,1116,Standard,45.0,20.0,,,https://euchelperu.com/images/productos/175829702004884567772247.jpg | https://euchelperu.com/images/productos/175778965019352346690441.jpg | https://euchelperu.com/images/productos/175778965733852579496905.jpg | https://euchelperu.com/images/productos/17582969788333634555901.jpg
359,Polera Dalessa,Poleras,859,Marrón,1087,Standard,65.0,65.0,,,https://euchelperu.com/images/productos/175779010134619590947788.jpg | https://euchelperu.com/images/productos/176325656021064295239638.png
359,Polera Dalessa,Poleras,880,Gris,1108,Standard,65.0,65.0,,,https://euchelperu.com/images/productos/175779010134619590947788.jpg | https://euchelperu.com/images/productos/176325656021064295239638.png
359,Polera Dalessa,Poleras,881,Blanco,1109,Standard,65.0,65.0,,,https://euchelperu.com/images/productos/175779010134619590947788.jpg | https://euchelperu.com/images/productos/176325656021064295239638.png
359,Polera Dalessa,Poleras,882,Verde Botella,1110,Standard,65.0,65.0,,,https://euchelperu.com/images/productos/175779010134619590947788.jpg | https://euchelperu.com/images/productos/176325656021064295239638.png
359,Polera Dalessa,Poleras,883,Negro,1111,Standard,65.0,65.0,,,https://euchelperu.com/images/productos/176325656021064295239638.png | https://euchelperu.com/images/productos/175779010134619590947788.jpg
361,Mascarilla Peel-Off,Cuidado personal,860,Único,1088,único,3.0,3.0,,,https://euchelperu.com/images/productos/175780108358252763451016.jpg
362,Banda Anti Imperfecciones,Cuidado personal,862,Único,1090,único,6.0,6.0,,,https://euchelperu.com/images/productos/17578012137581151811057.jpg
364,Gancho marmoleado,Accesorios,870,Color 1,1098,único,5.0,5.0,,,https://euchelperu.com/images/productos/17578031785379194964402.jpg
364,Gancho marmoleado,Accesorios,871,Color 2,1099,único,5.0,5.0,,,https://euchelperu.com/images/productos/17578031785379194964402.jpg
364,Gancho marmoleado,Accesorios,872,Color 3,1100,único,5.0,5.0,,,https://euchelperu.com/images/productos/17578031785379194964402.jpg
364,Gancho marmoleado,Accesorios,873,Color 4,1101,único,5.0,5.0,,,https://euchelperu.com/images/productos/17578031785379194964402.jpg
364,Gancho marmoleado,Accesorios,874,Color 5,1102,único,5.0,5.0,,,https://euchelperu.com/images/productos/17578031785379194964402.jpg
364,Gancho marmoleado,Accesorios,875,Color 6,1103,único,5.0,5.0,,,https://euchelperu.com/images/productos/17578031785379194964402.jpg
365,Set de Ligas,Accesorios,869,Único,1097,único,3.0,3.0,,,https://euchelperu.com/images/productos/175780307814485824181424.jpg
366,Pinza de Flor Acrílica,Accesorios,863,Color 1,1091,único,7.0,7.0,,,https://euchelperu.com/images/productos/17578025701730062927681.jpg
366,Pinza de Flor Acrílica,Accesorios,864,Color 2,1092,único,7.0,7.0,,,https://euchelperu.com/images/productos/17578025701730062927681.jpg
366,Pinza de Flor Acrílica,Accesorios,865,Color 3,1093,único,7.0,7.0,,,https://euchelperu.com/images/productos/17578025701730062927681.jpg
366,Pinza de Flor Acrílica,Accesorios,866,Color 4,1094,único,7.0,7.0,,,https://euchelperu.com/images/productos/17578025701730062927681.jpg
366,Pinza de Flor Acrílica,Accesorios,867,Color 5,1095,único,7.0,7.0,,,https://euchelperu.com/images/productos/17578025701730062927681.jpg
366,Pinza de Flor Acrílica,Accesorios,868,Color 6,1096,único,7.0,7.0,,,https://euchelperu.com/images/productos/17578025701730062927681.jpg
367,Bikini Soleil,BIKINIS,970,Rojo,1218,S,89.0,69.0,89.0,,https://euchelperu.com/images/productos/175919543128663175676425.jpg | https://euchelperu.com/images/productos/175919543621006891931320.jpg | https://euchelperu.com/images/productos/17591954648431328022465.jpg
367,Bikini Soleil,BIKINIS,970,Rojo,1219,M,89.0,69.0,89.0,,https://euchelperu.com/images/productos/175919543128663175676425.jpg | https://euchelperu.com/images/productos/175919543621006891931320.jpg | https://euchelperu.com/images/productos/17591954648431328022465.jpg
367,Bikini Soleil,BIKINIS,971,Amarillo,1220,S,89.0,69.0,89.0,,https://euchelperu.com/images/productos/17591954648431328022465.jpg | https://euchelperu.com/images/productos/175919543128663175676425.jpg | https://euchelperu.com/images/productos/175919543621006891931320.jpg
368,Bikini Halo,BIKINIS,972,Bicolor,1221,L,89.0,69.0,89.0,,https://euchelperu.com/images/productos/175798107769689939117332.jpg
369,Bikini Floral Bliss,BIKINIS,973,Floral,1222,M,89.0,69.0,89.0,,https://euchelperu.com/images/productos/175798150439978664095881.jpg
370,Bikini Wild Print,BIKINIS,974,Animal Print,1223,M,89.0,69.0,89.0,,https://euchelperu.com/images/productos/175798183308825186174730.jpg
371,Bikini Coralina,BIKINIS,975,Rosado,1224,S,89.0,69.0,89.0,,https://euchelperu.com/images/productos/175798222058919440798776.jpg
372,Bikini Ocean,BIKINIS,976,Marrón,1225,L,89.0,69.0,,,https://euchelperu.com/images/productos/175798248519968161397757.jpg
373,Bikini Lua,BIKINIS,977,Celeste,1226,S,89.0,69.0,89.0,,https://euchelperu.com/images/productos/175798306717223556245963.jpg
373,Bikini Lua,BIKINIS,977,Celeste,1227,M,89.0,69.0,89.0,,https://euchelperu.com/images/productos/175798306717223556245963.jpg
373,Bikini Lua,BIKINIS,978,Morado,1228,S,89.0,69.0,89.0,,https://euchelperu.com/images/productos/175798306717223556245963.jpg
374,Bikini Venus,BIKINIS,979,Morado,1229,S,89.0,69.0,89.0,,https://euchelperu.com/images/productos/17579838799815072646905.jpg
374,Bikini Venus,BIKINIS,979,Morado,1230,M,89.0,69.0,89.0,,https://euchelperu.com/images/productos/17579838799815072646905.jpg
375,Bikini Nudé,BIKINIS,980,Amarillo,1231,M,89.0,69.0,89.0,,https://euchelperu.com/images/productos/17579840892124364797300.jpg
378,Top Demi Broche,Tops,995,Marrón,1241,Standar,45.0,35.0,,,https://euchelperu.com/images/productos/17625418173817422629736.jpg | https://euchelperu.com/images/productos/175841748888831305792086.jpg | https://euchelperu.com/images/productos/175841808004169235572529.jpg | https://euchelperu.com/images/productos/17741216794221074187796.jpg | https://euchelperu.com/images/productos/177412177273424593065386.jpg
378,Top Demi Broche,Tops,997,Vino,1243,Standar,45.0,35.0,,,https://euchelperu.com/images/productos/175841748888831305792086.jpg | https://euchelperu.com/images/productos/175841808004169235572529.jpg | https://euchelperu.com/images/productos/17625418173817422629736.jpg | https://euchelperu.com/images/productos/17741216794221074187796.jpg | https://euchelperu.com/images/productos/177412177273424593065386.jpg
378,Top Demi Broche,Tops,3093,Rosado pastel,,,,35.0,,,https://euchelperu.com/images/productos/17741216794221074187796.jpg | https://euchelperu.com/images/productos/175841748888831305792086.jpg | https://euchelperu.com/images/productos/175841808004169235572529.jpg | https://euchelperu.com/images/productos/17625418173817422629736.jpg | https://euchelperu.com/images/productos/177412177273424593065386.jpg
378,Top Demi Broche,Tops,3094,Celeste pastel,,,,35.0,,,https://euchelperu.com/images/productos/177412177273424593065386.jpg | https://euchelperu.com/images/productos/175841748888831305792086.jpg | https://euchelperu.com/images/productos/175841808004169235572529.jpg | https://euchelperu.com/images/productos/17625418173817422629736.jpg | https://euchelperu.com/images/productos/17741216794221074187796.jpg
380,Falda Short Tul,Faldas,1000,Negro,1246,XS,69.0,69.0,,,https://euchelperu.com/images/productos/175848569104187530025807.jpg | https://euchelperu.com/images/productos/175848571579335143032074.jpg | https://euchelperu.com/images/productos/175848572481122761454748.jpg
380,Falda Short Tul,Faldas,1000,Negro,1247,S,69.0,69.0,,,https://euchelperu.com/images/productos/175848569104187530025807.jpg | https://euchelperu.com/images/productos/175848571579335143032074.jpg | https://euchelperu.com/images/productos/175848572481122761454748.jpg
380,Falda Short Tul,Faldas,1000,Negro,1248,M,69.0,69.0,,,https://euchelperu.com/images/productos/175848569104187530025807.jpg | https://euchelperu.com/images/productos/175848571579335143032074.jpg | https://euchelperu.com/images/productos/175848572481122761454748.jpg
380,Falda Short Tul,Faldas,1000,Negro,1852,L,69.0,69.0,,,https://euchelperu.com/images/productos/175848569104187530025807.jpg | https://euchelperu.com/images/productos/175848571579335143032074.jpg | https://euchelperu.com/images/productos/175848572481122761454748.jpg
380,Falda Short Tul,Faldas,1001,Blanco,1249,XS,69.0,69.0,,,https://euchelperu.com/images/productos/175848571579335143032074.jpg | https://euchelperu.com/images/productos/175848569104187530025807.jpg | https://euchelperu.com/images/productos/175848572481122761454748.jpg
380,Falda Short Tul,Faldas,1001,Blanco,1250,S,69.0,69.0,,,https://euchelperu.com/images/productos/175848571579335143032074.jpg | https://euchelperu.com/images/productos/175848569104187530025807.jpg | https://euchelperu.com/images/productos/175848572481122761454748.jpg
380,Falda Short Tul,Faldas,1001,Blanco,1251,M,69.0,69.0,,,https://euchelperu.com/images/productos/175848571579335143032074.jpg | https://euchelperu.com/images/productos/175848569104187530025807.jpg | https://euchelperu.com/images/productos/175848572481122761454748.jpg
380,Falda Short Tul,Faldas,1001,Blanco,1853,L,69.0,69.0,,,https://euchelperu.com/images/productos/175848571579335143032074.jpg | https://euchelperu.com/images/productos/175848569104187530025807.jpg | https://euchelperu.com/images/productos/175848572481122761454748.jpg
380,Falda Short Tul,Faldas,1002,Crema,1252,XS,69.0,69.0,,,https://euchelperu.com/images/productos/175848572481122761454748.jpg | https://euchelperu.com/images/productos/175848569104187530025807.jpg | https://euchelperu.com/images/productos/175848571579335143032074.jpg
380,Falda Short Tul,Faldas,1002,Crema,1253,S,69.0,69.0,,,https://euchelperu.com/images/productos/175848572481122761454748.jpg | https://euchelperu.com/images/productos/175848569104187530025807.jpg | https://euchelperu.com/images/productos/175848571579335143032074.jpg
380,Falda Short Tul,Faldas,1002,Crema,1254,M,69.0,69.0,,,https://euchelperu.com/images/productos/175848572481122761454748.jpg | https://euchelperu.com/images/productos/175848569104187530025807.jpg | https://euchelperu.com/images/productos/175848571579335143032074.jpg
380,Falda Short Tul,Faldas,1002,Crema,1854,L,69.0,69.0,,,https://euchelperu.com/images/productos/175848572481122761454748.jpg | https://euchelperu.com/images/productos/175848569104187530025807.jpg | https://euchelperu.com/images/productos/175848571579335143032074.jpg
381,Falda Short Lentejuelas,Faldas,1003,Blanco,1255,XS,75.0,75.0,,,https://euchelperu.com/images/productos/17584856015661835996229.jpg | https://euchelperu.com/images/productos/17584856127225227768243.jpg | https://euchelperu.com/images/productos/175890324338183131389732.jpg | https://euchelperu.com/images/productos/175890327753812568155442.jpg | https://euchelperu.com/images/productos/175890328959325607984509.jpg
381,Falda Short Lentejuelas,Faldas,1003,Blanco,1256,S,75.0,75.0,,,https://euchelperu.com/images/productos/17584856015661835996229.jpg | https://euchelperu.com/images/productos/17584856127225227768243.jpg | https://euchelperu.com/images/productos/175890324338183131389732.jpg | https://euchelperu.com/images/productos/175890327753812568155442.jpg | https://euchelperu.com/images/productos/175890328959325607984509.jpg
381,Falda Short Lentejuelas,Faldas,1003,Blanco,1257,M,75.0,75.0,,,https://euchelperu.com/images/productos/17584856015661835996229.jpg | https://euchelperu.com/images/productos/17584856127225227768243.jpg | https://euchelperu.com/images/productos/175890324338183131389732.jpg | https://euchelperu.com/images/productos/175890327753812568155442.jpg | https://euchelperu.com/images/productos/175890328959325607984509.jpg
381,Falda Short Lentejuelas,Faldas,1004,Beige,1258,XS,75.0,75.0,,,https://euchelperu.com/images/productos/17584856127225227768243.jpg | https://euchelperu.com/images/productos/17584856015661835996229.jpg | https://euchelperu.com/images/productos/175890324338183131389732.jpg | https://euchelperu.com/images/productos/175890327753812568155442.jpg | https://euchelperu.com/images/productos/175890328959325607984509.jpg
381,Falda Short Lentejuelas,Faldas,1004,Beige,1259,S,75.0,75.0,,,https://euchelperu.com/images/productos/17584856127225227768243.jpg | https://euchelperu.com/images/productos/17584856015661835996229.jpg | https://euchelperu.com/images/productos/175890324338183131389732.jpg | https://euchelperu.com/images/productos/175890327753812568155442.jpg | https://euchelperu.com/images/productos/175890328959325607984509.jpg
381,Falda Short Lentejuelas,Faldas,1004,Beige,1260,M,75.0,75.0,,,https://euchelperu.com/images/productos/17584856127225227768243.jpg | https://euchelperu.com/images/productos/17584856015661835996229.jpg | https://euchelperu.com/images/productos/175890324338183131389732.jpg | https://euchelperu.com/images/productos/175890327753812568155442.jpg | https://euchelperu.com/images/productos/175890328959325607984509.jpg
381,Falda Short Lentejuelas,Faldas,1020,Rosado,1337,XS,75.0,75.0,,,https://euchelperu.com/images/productos/175890324338183131389732.jpg | https://euchelperu.com/images/productos/17584856015661835996229.jpg | https://euchelperu.com/images/productos/17584856127225227768243.jpg | https://euchelperu.com/images/productos/175890327753812568155442.jpg | https://euchelperu.com/images/productos/175890328959325607984509.jpg
381,Falda Short Lentejuelas,Faldas,1020,Rosado,1338,S,75.0,75.0,,,https://euchelperu.com/images/productos/175890324338183131389732.jpg | https://euchelperu.com/images/productos/17584856015661835996229.jpg | https://euchelperu.com/images/productos/17584856127225227768243.jpg | https://euchelperu.com/images/productos/175890327753812568155442.jpg | https://euchelperu.com/images/productos/175890328959325607984509.jpg
381,Falda Short Lentejuelas,Faldas,1020,Rosado,1339,M,75.0,75.0,,,https://euchelperu.com/images/productos/175890324338183131389732.jpg | https://euchelperu.com/images/productos/17584856015661835996229.jpg | https://euchelperu.com/images/productos/17584856127225227768243.jpg | https://euchelperu.com/images/productos/175890327753812568155442.jpg | https://euchelperu.com/images/productos/175890328959325607984509.jpg
381,Falda Short Lentejuelas,Faldas,1021,Negro,1343,XS,75.0,75.0,,,https://euchelperu.com/images/productos/175890327753812568155442.jpg | https://euchelperu.com/images/productos/17584856015661835996229.jpg | https://euchelperu.com/images/productos/17584856127225227768243.jpg | https://euchelperu.com/images/productos/175890324338183131389732.jpg | https://euchelperu.com/images/productos/175890328959325607984509.jpg
381,Falda Short Lentejuelas,Faldas,1021,Negro,1344,S,75.0,75.0,,,https://euchelperu.com/images/productos/175890327753812568155442.jpg | https://euchelperu.com/images/productos/17584856015661835996229.jpg | https://euchelperu.com/images/productos/17584856127225227768243.jpg | https://euchelperu.com/images/productos/175890324338183131389732.jpg | https://euchelperu.com/images/productos/175890328959325607984509.jpg
381,Falda Short Lentejuelas,Faldas,1021,Negro,1345,M,75.0,75.0,,,https://euchelperu.com/images/productos/175890327753812568155442.jpg | https://euchelperu.com/images/productos/17584856015661835996229.jpg | https://euchelperu.com/images/productos/17584856127225227768243.jpg | https://euchelperu.com/images/productos/175890324338183131389732.jpg | https://euchelperu.com/images/productos/175890328959325607984509.jpg
381,Falda Short Lentejuelas,Faldas,1022,Plateado,1340,XS,75.0,75.0,,,https://euchelperu.com/images/productos/175890328959325607984509.jpg | https://euchelperu.com/images/productos/17584856015661835996229.jpg | https://euchelperu.com/images/productos/17584856127225227768243.jpg | https://euchelperu.com/images/productos/175890324338183131389732.jpg | https://euchelperu.com/images/productos/175890327753812568155442.jpg
381,Falda Short Lentejuelas,Faldas,1022,Plateado,1341,S,75.0,75.0,,,https://euchelperu.com/images/productos/175890328959325607984509.jpg | https://euchelperu.com/images/productos/17584856015661835996229.jpg | https://euchelperu.com/images/productos/17584856127225227768243.jpg | https://euchelperu.com/images/productos/175890324338183131389732.jpg | https://euchelperu.com/images/productos/175890327753812568155442.jpg
381,Falda Short Lentejuelas,Faldas,1022,Plateado,1342,M,75.0,75.0,,,https://euchelperu.com/images/productos/175890328959325607984509.jpg | https://euchelperu.com/images/productos/17584856015661835996229.jpg | https://euchelperu.com/images/productos/17584856127225227768243.jpg | https://euchelperu.com/images/productos/175890324338183131389732.jpg | https://euchelperu.com/images/productos/175890327753812568155442.jpg
381,Falda Short Lentejuelas,Faldas,1598,Dorado,1855,XS,75.0,75.0,,,https://euchelperu.com/images/productos/17584856015661835996229.jpg | https://euchelperu.com/images/productos/17584856127225227768243.jpg | https://euchelperu.com/images/productos/175890324338183131389732.jpg | https://euchelperu.com/images/productos/175890327753812568155442.jpg | https://euchelperu.com/images/productos/175890328959325607984509.jpg
381,Falda Short Lentejuelas,Faldas,1598,Dorado,1856,S,75.0,75.0,,,https://euchelperu.com/images/productos/17584856015661835996229.jpg | https://euchelperu.com/images/productos/17584856127225227768243.jpg | https://euchelperu.com/images/productos/175890324338183131389732.jpg | https://euchelperu.com/images/productos/175890327753812568155442.jpg | https://euchelperu.com/images/productos/175890328959325607984509.jpg
381,Falda Short Lentejuelas,Faldas,1598,Dorado,1857,M,75.0,75.0,,,https://euchelperu.com/images/productos/17584856015661835996229.jpg | https://euchelperu.com/images/productos/17584856127225227768243.jpg | https://euchelperu.com/images/productos/175890324338183131389732.jpg | https://euchelperu.com/images/productos/175890327753812568155442.jpg | https://euchelperu.com/images/productos/175890328959325607984509.jpg
382,Top martina,Tops,1026,Marrón,1265,Standar,49.0,49.0,,,https://euchelperu.com/images/productos/175890383707660532588779.jpg
384,Vestido Broche Mariposa,Vestidos,1029,Marmoleado marrón,1268,Standar,69.0,69.0,,,https://euchelperu.com/images/productos/175890419437459296828795.jpg
385,Mini vestido lucia,Vestidos,1030,Marmoleado verde,1269,Standar,69.0,69.0,,,https://euchelperu.com/images/productos/17589042641543463935541.jpg
386,Top luisa,Tops,1032,Vaca Marrón,1270,Standar,29.0,15.0,29.0,,https://euchelperu.com/images/productos/175890464984305342751221.jpg | https://euchelperu.com/images/productos/175934724773871376839447.jpg | https://euchelperu.com/images/productos/17593472589784431844655.jpg | https://euchelperu.com/images/productos/176279427467828162864217.png | https://euchelperu.com/images/productos/176279452226492907861014.png
386,Top luisa,Tops,1127,Vaca,1391,Standar,29.0,15.0,29.0,,https://euchelperu.com/images/productos/17593472589784431844655.jpg | https://euchelperu.com/images/productos/175890464984305342751221.jpg | https://euchelperu.com/images/productos/175934724773871376839447.jpg | https://euchelperu.com/images/productos/176279427467828162864217.png | https://euchelperu.com/images/productos/176279452226492907861014.png
386,Top luisa,Tops,1128,Cherry,1392,Standar,29.0,15.0,29.0,,https://euchelperu.com/images/productos/175934724773871376839447.jpg | https://euchelperu.com/images/productos/175890464984305342751221.jpg | https://euchelperu.com/images/productos/17593472589784431844655.jpg | https://euchelperu.com/images/productos/176279427467828162864217.png | https://euchelperu.com/images/productos/176279452226492907861014.png
386,Top luisa,Tops,1589,Negro,1837,Standard,39.0,15.0,29.0,,https://euchelperu.com/images/productos/176279427467828162864217.png | https://euchelperu.com/images/productos/175890464984305342751221.jpg | https://euchelperu.com/images/productos/175934724773871376839447.jpg | https://euchelperu.com/images/productos/17593472589784431844655.jpg | https://euchelperu.com/images/productos/176279452226492907861014.png
386,Top luisa,Tops,1590,Blanco,1838,Standard,39.0,15.0,29.0,,https://euchelperu.com/images/productos/176279452226492907861014.png | https://euchelperu.com/images/productos/175890464984305342751221.jpg | https://euchelperu.com/images/productos/175934724773871376839447.jpg | https://euchelperu.com/images/productos/17593472589784431844655.jpg | https://euchelperu.com/images/productos/176279427467828162864217.png
388,Set summer,Set,1034,Marrón,1272,Standar,75.0,75.0,,,https://euchelperu.com/images/productos/175890492873537101468689.jpg
398,Top envolvente puntos,Tops,1044,Negro,1286,Standar,45.0,45.0,,,https://euchelperu.com/images/productos/175899157742513874116049.jpg
399,Mini falda puntos,Faldas,1045,Negro,1287,Standar,55.0,55.0,,,https://euchelperu.com/images/productos/17589916673797427965059.jpg
400,Vestido estrella corrugado,Vestidos,1046,Vino,1288,Standar,59.0,59.0,,,https://euchelperu.com/images/productos/175899170974152817227286.jpg | https://euchelperu.com/images/productos/175926400725740184149068.jpg | https://euchelperu.com/images/productos/175926402316829162134638.jpg | https://euchelperu.com/images/productos/175926403186423324274943.jpg
400,Vestido estrella corrugado,Vestidos,1171,Marrón,1436,Standar,59.0,59.0,,,https://euchelperu.com/images/productos/175926400725740184149068.jpg | https://euchelperu.com/images/productos/175899170974152817227286.jpg | https://euchelperu.com/images/productos/175926402316829162134638.jpg | https://euchelperu.com/images/productos/175926403186423324274943.jpg
400,Vestido estrella corrugado,Vestidos,1172,Blanco,1437,Standar,59.0,59.0,,,https://euchelperu.com/images/productos/175926402316829162134638.jpg | https://euchelperu.com/images/productos/175899170974152817227286.jpg | https://euchelperu.com/images/productos/175926400725740184149068.jpg | https://euchelperu.com/images/productos/175926403186423324274943.jpg
400,Vestido estrella corrugado,Vestidos,1173,Negro,1438,Standar,59.0,59.0,,,https://euchelperu.com/images/productos/175926403186423324274943.jpg | https://euchelperu.com/images/productos/175899170974152817227286.jpg | https://euchelperu.com/images/productos/175926400725740184149068.jpg | https://euchelperu.com/images/productos/175926402316829162134638.jpg
401,Top teffy punta,Tops,1047,Plomo,1289,Standar,39.0,25.0,,,https://euchelperu.com/images/productos/175899176175293786147217.jpg | https://euchelperu.com/images/productos/17593471666359269597206.jpg | https://euchelperu.com/images/productos/175934717806632314625969.jpg | https://euchelperu.com/images/productos/17593471891142142185045.jpg | https://euchelperu.com/images/productos/175934720048215211992639.jpg
401,Top teffy punta,Tops,1138,Negro,1402,Standar,39.0,25.0,,,https://euchelperu.com/images/productos/17593471666359269597206.jpg | https://euchelperu.com/images/productos/175899176175293786147217.jpg | https://euchelperu.com/images/productos/175934717806632314625969.jpg | https://euchelperu.com/images/productos/17593471891142142185045.jpg | https://euchelperu.com/images/productos/175934720048215211992639.jpg
401,Top teffy punta,Tops,1139,Topo,1403,Standar,39.0,25.0,,,https://euchelperu.com/images/productos/175934717806632314625969.jpg | https://euchelperu.com/images/productos/175899176175293786147217.jpg | https://euchelperu.com/images/productos/17593471666359269597206.jpg | https://euchelperu.com/images/productos/17593471891142142185045.jpg | https://euchelperu.com/images/productos/175934720048215211992639.jpg
401,Top teffy punta,Tops,1140,Blanco,1404,Standar,39.0,25.0,,,https://euchelperu.com/images/productos/17593471891142142185045.jpg | https://euchelperu.com/images/productos/175899176175293786147217.jpg | https://euchelperu.com/images/productos/17593471666359269597206.jpg | https://euchelperu.com/images/productos/175934717806632314625969.jpg | https://euchelperu.com/images/productos/175934720048215211992639.jpg
401,Top teffy punta,Tops,1141,Acero,1405,Standar,39.0,25.0,,,https://euchelperu.com/images/productos/175934720048215211992639.jpg | https://euchelperu.com/images/productos/175899176175293786147217.jpg | https://euchelperu.com/images/productos/17593471666359269597206.jpg | https://euchelperu.com/images/productos/175934717806632314625969.jpg | https://euchelperu.com/images/productos/17593471891142142185045.jpg
404,Top Jazmin,Tops,1051,Marrón,1291,Standar,45.0,45.0,,,https://euchelperu.com/images/productos/175899436515644571162005.jpg | https://euchelperu.com/images/productos/175901177522418105643808.jpg | https://euchelperu.com/images/productos/176239204076247293521893.jpg | https://euchelperu.com/images/productos/176239333217921586598382.jpg
404,Top Jazmin,Tops,1087,Celeste,1292,Standar,45.0,45.0,,,https://euchelperu.com/images/productos/175901177522418105643808.jpg | https://euchelperu.com/images/productos/175899436515644571162005.jpg | https://euchelperu.com/images/productos/176239204076247293521893.jpg | https://euchelperu.com/images/productos/176239333217921586598382.jpg
404,Top Jazmin,Tops,1105,Melón,1364,Standar,45.0,45.0,,,https://euchelperu.com/images/productos/176239333217921586598382.jpg | https://euchelperu.com/images/productos/175899436515644571162005.jpg | https://euchelperu.com/images/productos/175901177522418105643808.jpg | https://euchelperu.com/images/productos/176239204076247293521893.jpg
404,Top Jazmin,Tops,1106,Amarillo,1365,Standar,45.0,45.0,,,https://euchelperu.com/images/productos/176239204076247293521893.jpg | https://euchelperu.com/images/productos/175899436515644571162005.jpg | https://euchelperu.com/images/productos/175901177522418105643808.jpg | https://euchelperu.com/images/productos/176239333217921586598382.jpg
408,Top camila rollete,Tops,1055,Marrón,1298,Standar,45.0,45.0,,,https://euchelperu.com/images/productos/17589948371176349634700.jpg | https://euchelperu.com/images/productos/175900018472805353686975.jpg | https://euchelperu.com/images/productos/175900019827671817271004.jpg | https://euchelperu.com/images/productos/175900021727536568880504.jpg | https://euchelperu.com/images/productos/175900023132357961523342.jpg
408,Top camila rollete,Tops,1073,Negro,1299,Standar,45.0,45.0,,,https://euchelperu.com/images/productos/175900018472805353686975.jpg | https://euchelperu.com/images/productos/17589948371176349634700.jpg | https://euchelperu.com/images/productos/175900019827671817271004.jpg | https://euchelperu.com/images/productos/175900021727536568880504.jpg | https://euchelperu.com/images/productos/175900023132357961523342.jpg
408,Top camila rollete,Tops,1074,Amarillo,1300,Standar,45.0,45.0,,,https://euchelperu.com/images/productos/175900019827671817271004.jpg | https://euchelperu.com/images/productos/17589948371176349634700.jpg | https://euchelperu.com/images/productos/175900018472805353686975.jpg | https://euchelperu.com/images/productos/175900021727536568880504.jpg | https://euchelperu.com/images/productos/175900023132357961523342.jpg
408,Top camila rollete,Tops,1075,Beige,1301,Standar,45.0,45.0,,,https://euchelperu.com/images/productos/175900021727536568880504.jpg | https://euchelperu.com/images/productos/17589948371176349634700.jpg | https://euchelperu.com/images/productos/175900018472805353686975.jpg | https://euchelperu.com/images/productos/175900019827671817271004.jpg | https://euchelperu.com/images/productos/175900023132357961523342.jpg
408,Top camila rollete,Tops,1076,Blanco,1302,Standar,45.0,45.0,,,https://euchelperu.com/images/productos/175900023132357961523342.jpg | https://euchelperu.com/images/productos/17589948371176349634700.jpg | https://euchelperu.com/images/productos/175900018472805353686975.jpg | https://euchelperu.com/images/productos/175900019827671817271004.jpg | https://euchelperu.com/images/productos/175900021727536568880504.jpg
409,Gancho terciopelo,Accesorios,1056,Marrón,1331,Standar,5.0,5.0,,,https://euchelperu.com/images/productos/17589951266832369982888.jpg | https://euchelperu.com/images/productos/175899514208068709184917.jpg | https://euchelperu.com/images/productos/17589951617233175376470.jpg | https://euchelperu.com/images/productos/175899517596959213459226.jpg | https://euchelperu.com/images/productos/175899518733676591817304.jpg
409,Gancho terciopelo,Accesorios,1057,Celeste,1332,Standar,5.0,5.0,,,https://euchelperu.com/images/productos/17589951266832369982888.jpg | https://euchelperu.com/images/productos/175899514208068709184917.jpg | https://euchelperu.com/images/productos/17589951617233175376470.jpg | https://euchelperu.com/images/productos/175899517596959213459226.jpg | https://euchelperu.com/images/productos/175899518733676591817304.jpg
409,Gancho terciopelo,Accesorios,1058,Negro,1333,Standar,5.0,5.0,,,https://euchelperu.com/images/productos/175899514208068709184917.jpg | https://euchelperu.com/images/productos/17589951266832369982888.jpg | https://euchelperu.com/images/productos/17589951617233175376470.jpg | https://euchelperu.com/images/productos/175899517596959213459226.jpg | https://euchelperu.com/images/productos/175899518733676591817304.jpg
409,Gancho terciopelo,Accesorios,1059,Vino,1334,Standar,5.0,5.0,,,https://euchelperu.com/images/productos/17589951617233175376470.jpg | https://euchelperu.com/images/productos/17589951266832369982888.jpg | https://euchelperu.com/images/productos/175899514208068709184917.jpg | https://euchelperu.com/images/productos/175899517596959213459226.jpg | https://euchelperu.com/images/productos/175899518733676591817304.jpg
409,Gancho terciopelo,Accesorios,1060,Rojo,1335,Standar,5.0,5.0,,,https://euchelperu.com/images/productos/175899517596959213459226.jpg | https://euchelperu.com/images/productos/17589951266832369982888.jpg | https://euchelperu.com/images/productos/175899514208068709184917.jpg | https://euchelperu.com/images/productos/17589951617233175376470.jpg | https://euchelperu.com/images/productos/175899518733676591817304.jpg
409,Gancho terciopelo,Accesorios,1061,Camel,1336,Standar,5.0,5.0,,,https://euchelperu.com/images/productos/175899518733676591817304.jpg | https://euchelperu.com/images/productos/17589951266832369982888.jpg | https://euchelperu.com/images/productos/175899514208068709184917.jpg | https://euchelperu.com/images/productos/17589951617233175376470.jpg | https://euchelperu.com/images/productos/175899517596959213459226.jpg
410,Sombrero jessie,Accesorios,1062,Rojo,1330,Standar,20.0,20.0,,,https://euchelperu.com/images/productos/175899526322430883742640.jpg
414,Top Fabi Aro,Tops,1066,Turquesa,1304,Standar,49.0,49.0,,,https://euchelperu.com/images/productos/175899955589218428836228.jpg | https://euchelperu.com/images/productos/175934658632011226011153.jpg | https://euchelperu.com/images/productos/175934661059573549935524.jpg
414,Top Fabi Aro,Tops,1116,Naranja,1374,Standar,49.0,49.0,,,https://euchelperu.com/images/productos/175899955589218428836228.jpg | https://euchelperu.com/images/productos/175934658632011226011153.jpg | https://euchelperu.com/images/productos/175934661059573549935524.jpg
414,Top Fabi Aro,Tops,1117,Rosado,1375,Standar,49.0,49.0,,,https://euchelperu.com/images/productos/175934661059573549935524.jpg | https://euchelperu.com/images/productos/175899955589218428836228.jpg | https://euchelperu.com/images/productos/175934658632011226011153.jpg
414,Top Fabi Aro,Tops,1118,Gris,1376,Standar,49.0,49.0,,,https://euchelperu.com/images/productos/175934658632011226011153.jpg | https://euchelperu.com/images/productos/175899955589218428836228.jpg | https://euchelperu.com/images/productos/175934661059573549935524.jpg
415,Top Hilary Aro,Tops,1067,Azul,1305,Standar,49.0,49.0,,,https://euchelperu.com/images/productos/175899959661299395944319.jpg | https://euchelperu.com/images/productos/175901270926161420396711.jpg | https://euchelperu.com/images/productos/175901271756762789716296.jpg
415,Top Hilary Aro,Tops,1088,Vino,1306,Standar,49.0,49.0,,,https://euchelperu.com/images/productos/175901270926161420396711.jpg | https://euchelperu.com/images/productos/175899959661299395944319.jpg | https://euchelperu.com/images/productos/175901271756762789716296.jpg
415,Top Hilary Aro,Tops,1089,Marrón,1307,Standar,49.0,49.0,,,https://euchelperu.com/images/productos/175901271756762789716296.jpg | https://euchelperu.com/images/productos/175899959661299395944319.jpg | https://euchelperu.com/images/productos/175901270926161420396711.jpg
416,Top hailey aro,Tops,1068,Vino,1308,Standar,45.0,45.0,,,https://euchelperu.com/images/productos/175899968198992752721416.jpg | https://euchelperu.com/images/productos/175925170506435885721461.jpg | https://euchelperu.com/images/productos/175925171914141282271403.jpg | https://euchelperu.com/images/productos/175925173766888656627609.jpg | https://euchelperu.com/images/productos/175925175969751848615547.jpg
416,Top hailey aro,Tops,1111,Marrón,1370,Standar,45.0,45.0,,,https://euchelperu.com/images/productos/175925175969751848615547.jpg | https://euchelperu.com/images/productos/175899968198992752721416.jpg | https://euchelperu.com/images/productos/175925170506435885721461.jpg | https://euchelperu.com/images/productos/175925171914141282271403.jpg | https://euchelperu.com/images/productos/175925173766888656627609.jpg
416,Top hailey aro,Tops,1112,Negro,1371,Standar,45.0,45.0,,,https://euchelperu.com/images/productos/175925173766888656627609.jpg | https://euchelperu.com/images/productos/175899968198992752721416.jpg | https://euchelperu.com/images/productos/175925170506435885721461.jpg | https://euchelperu.com/images/productos/175925171914141282271403.jpg | https://euchelperu.com/images/productos/175925175969751848615547.jpg
416,Top hailey aro,Tops,1113,Rosado,1372,Standar,45.0,45.0,,,https://euchelperu.com/images/productos/175925171914141282271403.jpg | https://euchelperu.com/images/productos/175899968198992752721416.jpg | https://euchelperu.com/images/productos/175925170506435885721461.jpg | https://euchelperu.com/images/productos/175925173766888656627609.jpg | https://euchelperu.com/images/productos/175925175969751848615547.jpg
416,Top hailey aro,Tops,1114,Blanco,1373,Standar,45.0,45.0,,,https://euchelperu.com/images/productos/175925170506435885721461.jpg | https://euchelperu.com/images/productos/175899968198992752721416.jpg | https://euchelperu.com/images/productos/175925171914141282271403.jpg | https://euchelperu.com/images/productos/175925173766888656627609.jpg | https://euchelperu.com/images/productos/175925175969751848615547.jpg
418,Pantalon Jean Excusas,Pantalones,1071,Color 1,1317,26,95.0,95.0,,,https://euchelperu.com/images/productos/175899993846672660134568.jpg | https://euchelperu.com/images/productos/17589999601863036197331.jpg
418,Pantalon Jean Excusas,Pantalones,1071,Color 1,1318,28,95.0,95.0,,,https://euchelperu.com/images/productos/175899993846672660134568.jpg | https://euchelperu.com/images/productos/17589999601863036197331.jpg
418,Pantalon Jean Excusas,Pantalones,1071,Color 1,1319,30,95.0,95.0,,,https://euchelperu.com/images/productos/175899993846672660134568.jpg | https://euchelperu.com/images/productos/17589999601863036197331.jpg
418,Pantalon Jean Excusas,Pantalones,1071,Color 1,1320,32,95.0,95.0,,,https://euchelperu.com/images/productos/175899993846672660134568.jpg | https://euchelperu.com/images/productos/17589999601863036197331.jpg
418,Pantalon Jean Excusas,Pantalones,1072,Color 2,1321,26,95.0,95.0,,,https://euchelperu.com/images/productos/17589999601863036197331.jpg | https://euchelperu.com/images/productos/175899993846672660134568.jpg
418,Pantalon Jean Excusas,Pantalones,1072,Color 2,1322,28,95.0,95.0,,,https://euchelperu.com/images/productos/17589999601863036197331.jpg | https://euchelperu.com/images/productos/175899993846672660134568.jpg
418,Pantalon Jean Excusas,Pantalones,1072,Color 2,1323,30,95.0,95.0,,,https://euchelperu.com/images/productos/17589999601863036197331.jpg | https://euchelperu.com/images/productos/175899993846672660134568.jpg
418,Pantalon Jean Excusas,Pantalones,1072,Color 2,1324,32,95.0,95.0,,,https://euchelperu.com/images/productos/17589999601863036197331.jpg | https://euchelperu.com/images/productos/175899993846672660134568.jpg
420,Sombrero marinero,Accesorios,1080,Único,1327,Standar,20.0,20.0,,,https://euchelperu.com/images/productos/175900045388349360712473.jpg
421,Vincha diosa,Accesorios,1081,Dorado,1328,Standar,6.0,6.0,,,https://euchelperu.com/images/productos/17590005132168199052813.jpg
422,Falda Jean,Faldas,1091,Azul,1346,XS,89.0,89.0,,,https://euchelperu.com/images/productos/175901741713338867178489.jpg
422,Falda Jean,Faldas,1091,Azul,1347,S,89.0,89.0,,,https://euchelperu.com/images/productos/175901741713338867178489.jpg
422,Falda Jean,Faldas,1091,Azul,1348,M,89.0,89.0,,,https://euchelperu.com/images/productos/175901741713338867178489.jpg
422,Falda Jean,Faldas,1091,Azul,1349,L,89.0,89.0,,,https://euchelperu.com/images/productos/175901741713338867178489.jpg
425,Pantalón Meli Buzo,Pantalones,1094,Marrón,1352,S-M,59.0,59.0,,,https://euchelperu.com/images/productos/175902016387464155628477.jpg | https://euchelperu.com/images/productos/175902019015278891957199.jpg | https://euchelperu.com/images/productos/175902019907379320961962.jpg | https://euchelperu.com/images/productos/17590202098639528040559.jpg
425,Pantalón Meli Buzo,Pantalones,1095,Negro,1353,S-M,59.0,59.0,,,https://euchelperu.com/images/productos/175902019015278891957199.jpg | https://euchelperu.com/images/productos/175902016387464155628477.jpg | https://euchelperu.com/images/productos/175902019907379320961962.jpg | https://euchelperu.com/images/productos/17590202098639528040559.jpg
425,Pantalón Meli Buzo,Pantalones,1096,Plomo,1354,S-M,59.0,59.0,,,https://euchelperu.com/images/productos/175902019907379320961962.jpg | https://euchelperu.com/images/productos/175902016387464155628477.jpg | https://euchelperu.com/images/productos/175902019015278891957199.jpg | https://euchelperu.com/images/productos/17590202098639528040559.jpg
425,Pantalón Meli Buzo,Pantalones,1097,Camel,1355,S-M,59.0,59.0,,,https://euchelperu.com/images/productos/17590202098639528040559.jpg | https://euchelperu.com/images/productos/175902016387464155628477.jpg | https://euchelperu.com/images/productos/175902019015278891957199.jpg | https://euchelperu.com/images/productos/175902019907379320961962.jpg
427,Short Animal Print,Shorts,1099,Marrón,1357,Standar,69.0,69.0,,,https://euchelperu.com/images/productos/175902052123426336331016.jpg | https://euchelperu.com/images/productos/17590205320521155157038.jpg
427,Short Animal Print,Shorts,1100,Negro,1358,Standar,69.0,69.0,,,https://euchelperu.com/images/productos/17590205320521155157038.jpg | https://euchelperu.com/images/productos/175902052123426336331016.jpg
428,Falda Dorada,Faldas,1101,Dorada,1359,Standar,39.0,39.0,,,https://euchelperu.com/images/productos/1759020663189849312595.jpg
429,Mini Vestido Rollete,Vestidos,1200,Negro,1464,Standard,69.0,69.0,,,https://euchelperu.com/images/productos/175916576026882569169688.jpg | https://euchelperu.com/images/productos/175916577936998280678361.jpg | https://euchelperu.com/images/productos/1759165788970071199758.jpg
429,Mini Vestido Rollete,Vestidos,1201,Beige,1465,Standard,69.0,69.0,,,https://euchelperu.com/images/productos/175916577936998280678361.jpg | https://euchelperu.com/images/productos/175916576026882569169688.jpg | https://euchelperu.com/images/productos/1759165788970071199758.jpg
429,Mini Vestido Rollete,Vestidos,1202,Palo Rosa,1466,Standard,69.0,69.0,,,https://euchelperu.com/images/productos/1759165788970071199758.jpg | https://euchelperu.com/images/productos/175916576026882569169688.jpg | https://euchelperu.com/images/productos/175916577936998280678361.jpg
438,Vestido Cuello Tortuga,Vestidos,1247,Verde,1491,Standard,75.0,75.0,,,https://euchelperu.com/images/productos/176020675878599221428992.jpg | https://euchelperu.com/images/productos/17604006579740121359016.jpg | https://euchelperu.com/images/productos/176083780929195463237348.jpg | https://euchelperu.com/images/productos/176262457908996778846186.jpg | https://euchelperu.com/images/productos/176262481565994289810527.jpg | https://euchelperu.com/images/productos/17626248469694323933093.jpg
438,Vestido Cuello Tortuga,Vestidos,1248,Marrón,1492,Standard,75.0,75.0,,,https://euchelperu.com/images/productos/17604006579740121359016.jpg | https://euchelperu.com/images/productos/176262481565994289810527.jpg | https://euchelperu.com/images/productos/176020675878599221428992.jpg | https://euchelperu.com/images/productos/176083780929195463237348.jpg | https://euchelperu.com/images/productos/176262457908996778846186.jpg | https://euchelperu.com/images/productos/17626248469694323933093.jpg
438,Vestido Cuello Tortuga,Vestidos,1249,Rojo,1493,Standard,75.0,75.0,,,https://euchelperu.com/images/productos/176262457908996778846186.jpg | https://euchelperu.com/images/productos/176020675878599221428992.jpg | https://euchelperu.com/images/productos/17604006579740121359016.jpg | https://euchelperu.com/images/productos/176083780929195463237348.jpg | https://euchelperu.com/images/productos/176262481565994289810527.jpg | https://euchelperu.com/images/productos/17626248469694323933093.jpg
438,Vestido Cuello Tortuga,Vestidos,1250,Perla,1494,Standard,75.0,75.0,,,https://euchelperu.com/images/productos/176020675878599221428992.jpg | https://euchelperu.com/images/productos/17604006579740121359016.jpg | https://euchelperu.com/images/productos/176083780929195463237348.jpg | https://euchelperu.com/images/productos/176262457908996778846186.jpg | https://euchelperu.com/images/productos/176262481565994289810527.jpg | https://euchelperu.com/images/productos/17626248469694323933093.jpg
438,Vestido Cuello Tortuga,Vestidos,1272,Negro,,,,75.0,,,https://euchelperu.com/images/productos/176083780929195463237348.jpg | https://euchelperu.com/images/productos/176020675878599221428992.jpg | https://euchelperu.com/images/productos/17604006579740121359016.jpg | https://euchelperu.com/images/productos/176262457908996778846186.jpg | https://euchelperu.com/images/productos/176262481565994289810527.jpg | https://euchelperu.com/images/productos/17626248469694323933093.jpg
438,Vestido Cuello Tortuga,Vestidos,1583,Blanco,,,,75.0,,,https://euchelperu.com/images/productos/17626248469694323933093.jpg | https://euchelperu.com/images/productos/176020675878599221428992.jpg | https://euchelperu.com/images/productos/17604006579740121359016.jpg | https://euchelperu.com/images/productos/176083780929195463237348.jpg | https://euchelperu.com/images/productos/176262457908996778846186.jpg | https://euchelperu.com/images/productos/176262481565994289810527.jpg
439,VESTIDO FUSIÓN AZUL,Vestidos,1251,Azul,1495,Standard,75.0,45.0,,,https://euchelperu.com/images/productos/176020752359545929097060.jpg
441,TOP AURORA,Tops,1254,Terracota,1498,Standard,45.0,29.0,,,https://euchelperu.com/images/productos/176021229011837218080615.jpg
442,FALDA DIOSA TUL,Faldas,1255,Azul,1499,Standard,55.0,55.0,,,https://euchelperu.com/images/productos/176048962325071355655407.jpg | https://euchelperu.com/images/productos/176048964042559181115378.jpg | https://euchelperu.com/images/productos/176048964987243885175066.jpg
442,FALDA DIOSA TUL,Faldas,1256,Blanco,1500,Standard,55.0,55.0,,,https://euchelperu.com/images/productos/176048964042559181115378.jpg | https://euchelperu.com/images/productos/176048962325071355655407.jpg | https://euchelperu.com/images/productos/176048964987243885175066.jpg
442,FALDA DIOSA TUL,Faldas,1257,Negro,1501,Standard,55.0,55.0,,,https://euchelperu.com/images/productos/176048964987243885175066.jpg | https://euchelperu.com/images/productos/176048962325071355655407.jpg | https://euchelperu.com/images/productos/176048964042559181115378.jpg
443,TOP DIOSA TUL,Tops,1258,Azul,1502,Standard,35.0,15.0,,,https://euchelperu.com/images/productos/17604905356582514124864.jpg | https://euchelperu.com/images/productos/176049055231009829622305.jpg | https://euchelperu.com/images/productos/176049056234532250274579.jpg
443,TOP DIOSA TUL,Tops,1259,Negro,1503,Standard,35.0,15.0,,,https://euchelperu.com/images/productos/176049055231009829622305.jpg | https://euchelperu.com/images/productos/17604905356582514124864.jpg | https://euchelperu.com/images/productos/176049056234532250274579.jpg
443,TOP DIOSA TUL,Tops,1260,Blanco,1504,Standard,35.0,15.0,,,https://euchelperu.com/images/productos/176049056234532250274579.jpg | https://euchelperu.com/images/productos/17604905356582514124864.jpg | https://euchelperu.com/images/productos/176049055231009829622305.jpg
448,BLUSA JEAN,Blusas,1265,Azul,1509,Standard,70.0,70.0,,,https://euchelperu.com/images/productos/176082781052783373044715.jpg
449,TOP LEOPARDO,Tops,1266,Negro,1510,Standard,39.0,39.0,,,https://euchelperu.com/images/productos/176082861581834394823744.jpg
450,SHORT LEOPARDO,Shorts,1267,Negro,1511,Standard,45.0,45.0,,,https://euchelperu.com/images/productos/176082925559100464270194.jpg
456,Top Venus,Tops,1274,Rosado,1517,Standar,39.0,39.0,,,https://euchelperu.com/images/productos/176084791194644810043143.jpg | https://euchelperu.com/images/productos/176239273224035234128454.jpg | https://euchelperu.com/images/productos/17623930187787263793724.jpg | https://euchelperu.com/images/productos/176239375026998646497561.jpg | https://euchelperu.com/images/productos/17624635401381056587808.jpg | https://euchelperu.com/images/productos/17624637596968198185287.jpg
456,Top Venus,Tops,1424,Blanco,1674,Standar,39.0,39.0,,,https://euchelperu.com/images/productos/17623930187787263793724.jpg | https://euchelperu.com/images/productos/176084791194644810043143.jpg | https://euchelperu.com/images/productos/176239273224035234128454.jpg | https://euchelperu.com/images/productos/176239375026998646497561.jpg | https://euchelperu.com/images/productos/17624635401381056587808.jpg | https://euchelperu.com/images/productos/17624637596968198185287.jpg
456,Top Venus,Tops,1425,Amarillo,1675,Standar,39.0,39.0,,,https://euchelperu.com/images/productos/176239375026998646497561.jpg | https://euchelperu.com/images/productos/176084791194644810043143.jpg | https://euchelperu.com/images/productos/176239273224035234128454.jpg | https://euchelperu.com/images/productos/17623930187787263793724.jpg | https://euchelperu.com/images/productos/17624635401381056587808.jpg | https://euchelperu.com/images/productos/17624637596968198185287.jpg
456,Top Venus,Tops,1426,Negro,1676,Standar,39.0,39.0,,,https://euchelperu.com/images/productos/17624635401381056587808.jpg | https://euchelperu.com/images/productos/176084791194644810043143.jpg | https://euchelperu.com/images/productos/176239273224035234128454.jpg | https://euchelperu.com/images/productos/17623930187787263793724.jpg | https://euchelperu.com/images/productos/176239375026998646497561.jpg | https://euchelperu.com/images/productos/17624637596968198185287.jpg
456,Top Venus,Tops,1427,Vino,1677,Standar,39.0,39.0,,,https://euchelperu.com/images/productos/17624637596968198185287.jpg | https://euchelperu.com/images/productos/176084791194644810043143.jpg | https://euchelperu.com/images/productos/176239273224035234128454.jpg | https://euchelperu.com/images/productos/17623930187787263793724.jpg | https://euchelperu.com/images/productos/176239375026998646497561.jpg | https://euchelperu.com/images/productos/17624635401381056587808.jpg
456,Top Venus,Tops,1428,Celeste,1678,Standar,39.0,39.0,,,https://euchelperu.com/images/productos/176239273224035234128454.jpg | https://euchelperu.com/images/productos/176084791194644810043143.jpg | https://euchelperu.com/images/productos/17623930187787263793724.jpg | https://euchelperu.com/images/productos/176239375026998646497561.jpg | https://euchelperu.com/images/productos/17624635401381056587808.jpg | https://euchelperu.com/images/productos/17624637596968198185287.jpg
459,Top Andrea,Tops,1277,Azul,1520,Standar,45.0,45.0,,,https://euchelperu.com/images/productos/1760847873425356009155.jpg | https://euchelperu.com/images/productos/17626233634431564779180.jpg | https://euchelperu.com/images/productos/176262342884533810689642.jpg | https://euchelperu.com/images/productos/17626235188756964845890.jpg | https://euchelperu.com/images/productos/17682486977102906986292.png
459,Top Andrea,Tops,1441,Negro,1691,Standar,45.0,45.0,,,https://euchelperu.com/images/productos/17626233634431564779180.jpg | https://euchelperu.com/images/productos/1760847873425356009155.jpg | https://euchelperu.com/images/productos/176262342884533810689642.jpg | https://euchelperu.com/images/productos/17626235188756964845890.jpg | https://euchelperu.com/images/productos/17682486977102906986292.png
459,Top Andrea,Tops,1442,Vino,1692,Standar,45.0,45.0,,,https://euchelperu.com/images/productos/1760847873425356009155.jpg | https://euchelperu.com/images/productos/17626233634431564779180.jpg | https://euchelperu.com/images/productos/176262342884533810689642.jpg | https://euchelperu.com/images/productos/17626235188756964845890.jpg | https://euchelperu.com/images/productos/17682486977102906986292.png
459,Top Andrea,Tops,1443,Blanco,1693,Standar,45.0,45.0,,,https://euchelperu.com/images/productos/176262342884533810689642.jpg | https://euchelperu.com/images/productos/1760847873425356009155.jpg | https://euchelperu.com/images/productos/17626233634431564779180.jpg | https://euchelperu.com/images/productos/17626235188756964845890.jpg | https://euchelperu.com/images/productos/17682486977102906986292.png
459,Top Andrea,Tops,1444,Amarillo,1694,Standar,45.0,45.0,,,https://euchelperu.com/images/productos/17626235188756964845890.jpg | https://euchelperu.com/images/productos/1760847873425356009155.jpg | https://euchelperu.com/images/productos/17626233634431564779180.jpg | https://euchelperu.com/images/productos/176262342884533810689642.jpg | https://euchelperu.com/images/productos/17682486977102906986292.png
459,Top Andrea,Tops,1445,Marrón,1695,Standar,45.0,45.0,,,https://euchelperu.com/images/productos/1760847873425356009155.jpg | https://euchelperu.com/images/productos/17626233634431564779180.jpg | https://euchelperu.com/images/productos/176262342884533810689642.jpg | https://euchelperu.com/images/productos/17626235188756964845890.jpg | https://euchelperu.com/images/productos/17682486977102906986292.png
459,Top Andrea,Tops,2510,Rosado,2932,Standard,45.0,45.0,,,https://euchelperu.com/images/productos/17682486977102906986292.png | https://euchelperu.com/images/productos/1760847873425356009155.jpg | https://euchelperu.com/images/productos/17626233634431564779180.jpg | https://euchelperu.com/images/productos/176262342884533810689642.jpg | https://euchelperu.com/images/productos/17626235188756964845890.jpg
462,Top Iris,Tops,1452,Blanco,1702,Standar,45.0,45.0,,,https://euchelperu.com/images/productos/176255997715273207241824.jpg | https://euchelperu.com/images/productos/176255975401599106945380.jpg | https://euchelperu.com/images/productos/176591006161954212036815.jpg | https://euchelperu.com/images/productos/176591013202419937828390.jpg | https://euchelperu.com/images/productos/176591023452068857744766.jpg | https://euchelperu.com/images/productos/1765910352848063939958.jpg
462,Top Iris,Tops,1453,Negro,1703,Standar,45.0,45.0,,,https://euchelperu.com/images/productos/176255975401599106945380.jpg | https://euchelperu.com/images/productos/176255997715273207241824.jpg | https://euchelperu.com/images/productos/176591006161954212036815.jpg | https://euchelperu.com/images/productos/176591013202419937828390.jpg | https://euchelperu.com/images/productos/176591023452068857744766.jpg | https://euchelperu.com/images/productos/1765910352848063939958.jpg
462,Top Iris,Tops,2098,Marrón,,,,45.0,,,https://euchelperu.com/images/productos/176591006161954212036815.jpg | https://euchelperu.com/images/productos/176255975401599106945380.jpg | https://euchelperu.com/images/productos/176255997715273207241824.jpg | https://euchelperu.com/images/productos/176591013202419937828390.jpg | https://euchelperu.com/images/productos/176591023452068857744766.jpg | https://euchelperu.com/images/productos/1765910352848063939958.jpg
462,Top Iris,Tops,2099,Vino,,,,45.0,,,https://euchelperu.com/images/productos/176591013202419937828390.jpg | https://euchelperu.com/images/productos/176255975401599106945380.jpg | https://euchelperu.com/images/productos/176255997715273207241824.jpg | https://euchelperu.com/images/productos/176591006161954212036815.jpg | https://euchelperu.com/images/productos/176591023452068857744766.jpg | https://euchelperu.com/images/productos/1765910352848063939958.jpg
462,Top Iris,Tops,2100,Rojo,,,,45.0,,,https://euchelperu.com/images/productos/1765910352848063939958.jpg | https://euchelperu.com/images/productos/176255975401599106945380.jpg | https://euchelperu.com/images/productos/176255997715273207241824.jpg | https://euchelperu.com/images/productos/176591006161954212036815.jpg | https://euchelperu.com/images/productos/176591013202419937828390.jpg | https://euchelperu.com/images/productos/176591023452068857744766.jpg
462,Top Iris,Tops,2101,Amarillo,,,,45.0,,,https://euchelperu.com/images/productos/176591023452068857744766.jpg | https://euchelperu.com/images/productos/176255975401599106945380.jpg | https://euchelperu.com/images/productos/176255997715273207241824.jpg | https://euchelperu.com/images/productos/176591006161954212036815.jpg | https://euchelperu.com/images/productos/176591013202419937828390.jpg | https://euchelperu.com/images/productos/1765910352848063939958.jpg
468,Short Rayas,Shorts,1287,Rayas Rosadas,1530,Standar,39.0,39.0,,,https://euchelperu.com/images/productos/176084563906195433479668.jpg | https://euchelperu.com/images/productos/17608456568360615941839.jpg | https://euchelperu.com/images/productos/17608456704462246352098.jpg
468,Short Rayas,Shorts,1329,Rayas Beige,1531,Standar,39.0,39.0,,,https://euchelperu.com/images/productos/17608456568360615941839.jpg | https://euchelperu.com/images/productos/176084563906195433479668.jpg | https://euchelperu.com/images/productos/17608456704462246352098.jpg
468,Short Rayas,Shorts,1330,Rayas Negras,1532,Standar,39.0,39.0,,,https://euchelperu.com/images/productos/17608456704462246352098.jpg | https://euchelperu.com/images/productos/176084563906195433479668.jpg | https://euchelperu.com/images/productos/17608456568360615941839.jpg
469,Falda Cadera Puntos,Faldas,1288,Negro,1533,M,55.0,55.0,,,https://euchelperu.com/images/productos/176084559857057983330137.jpg | https://euchelperu.com/images/productos/176084560584843558665493.jpg
469,Falda Cadera Puntos,Faldas,1289,Beige,1534,M,55.0,55.0,,,https://euchelperu.com/images/productos/176084560584843558665493.jpg | https://euchelperu.com/images/productos/176084559857057983330137.jpg
470,Vestido Ruby,Vestidos,1290,Rosado,1598,Standar,85.0,85.0,,,https://euchelperu.com/images/productos/176092412264646276595308.jpg | https://euchelperu.com/images/productos/176254075296141346197897.jpg | https://euchelperu.com/images/productos/17625410867415819984057.jpg | https://euchelperu.com/images/productos/176255539411699645568724.jpg
470,Vestido Ruby,Vestidos,1489,Beige,1739,Standar,79.0,85.0,,,https://euchelperu.com/images/productos/176255539411699645568724.jpg | https://euchelperu.com/images/productos/176092412264646276595308.jpg | https://euchelperu.com/images/productos/176254075296141346197897.jpg | https://euchelperu.com/images/productos/17625410867415819984057.jpg
470,Vestido Ruby,Vestidos,1490,Negro,1740,Standar,79.0,85.0,,,https://euchelperu.com/images/productos/176254075296141346197897.jpg | https://euchelperu.com/images/productos/176092412264646276595308.jpg | https://euchelperu.com/images/productos/17625410867415819984057.jpg | https://euchelperu.com/images/productos/176255539411699645568724.jpg
470,Vestido Ruby,Vestidos,1491,Blanco,1741,Standar,79.0,85.0,,,https://euchelperu.com/images/productos/17625410867415819984057.jpg | https://euchelperu.com/images/productos/176092412264646276595308.jpg | https://euchelperu.com/images/productos/176254075296141346197897.jpg | https://euchelperu.com/images/productos/176255539411699645568724.jpg
471,Pantalón Lina,Pantalones,1291,Blanco con rayas,1535,S,55.0,55.0,,,https://euchelperu.com/images/productos/176429291287911459553333.jpg | https://euchelperu.com/images/productos/176247922635107350759995.jpg | https://euchelperu.com/images/productos/176247925894294775894448.jpg | https://euchelperu.com/images/productos/176429302243304833216274.jpg
471,Pantalón Lina,Pantalones,1291,Blanco con rayas,2270,M,55.0,55.0,,,https://euchelperu.com/images/productos/176429291287911459553333.jpg | https://euchelperu.com/images/productos/176247922635107350759995.jpg | https://euchelperu.com/images/productos/176247925894294775894448.jpg | https://euchelperu.com/images/productos/176429302243304833216274.jpg
471,Pantalón Lina,Pantalones,1486,Negro,1736,S,55.0,55.0,,,https://euchelperu.com/images/productos/176247922635107350759995.jpg | https://euchelperu.com/images/productos/176247925894294775894448.jpg | https://euchelperu.com/images/productos/176429291287911459553333.jpg | https://euchelperu.com/images/productos/176429302243304833216274.jpg
471,Pantalón Lina,Pantalones,1486,Negro,2272,M,55.0,55.0,,,https://euchelperu.com/images/productos/176247922635107350759995.jpg | https://euchelperu.com/images/productos/176247925894294775894448.jpg | https://euchelperu.com/images/productos/176429291287911459553333.jpg | https://euchelperu.com/images/productos/176429302243304833216274.jpg
471,Pantalón Lina,Pantalones,1573,Blanco,1867,S,55.0,55.0,,,https://euchelperu.com/images/productos/176247925894294775894448.jpg | https://euchelperu.com/images/productos/176247922635107350759995.jpg | https://euchelperu.com/images/productos/176429291287911459553333.jpg | https://euchelperu.com/images/productos/176429302243304833216274.jpg
471,Pantalón Lina,Pantalones,1574,Marrón,1868,S,55.0,55.0,,,https://euchelperu.com/images/productos/176429302243304833216274.jpg | https://euchelperu.com/images/productos/176247922635107350759995.jpg | https://euchelperu.com/images/productos/176247925894294775894448.jpg | https://euchelperu.com/images/productos/176429291287911459553333.jpg
471,Pantalón Lina,Pantalones,1574,Marrón,2271,M,55.0,55.0,,,https://euchelperu.com/images/productos/176429302243304833216274.jpg | https://euchelperu.com/images/productos/176247922635107350759995.jpg | https://euchelperu.com/images/productos/176247925894294775894448.jpg | https://euchelperu.com/images/productos/176429291287911459553333.jpg
471,Pantalón Lina,Pantalones,2764,Amarillo,,,,55.0,,,https://euchelperu.com/images/productos/176247922635107350759995.jpg | https://euchelperu.com/images/productos/176247925894294775894448.jpg | https://euchelperu.com/images/productos/176429291287911459553333.jpg | https://euchelperu.com/images/productos/176429302243304833216274.jpg
471,Pantalón Lina,Pantalones,2765,Negro con rayas,,,,55.0,,,https://euchelperu.com/images/productos/176247922635107350759995.jpg | https://euchelperu.com/images/productos/176247925894294775894448.jpg | https://euchelperu.com/images/productos/176429291287911459553333.jpg | https://euchelperu.com/images/productos/176429302243304833216274.jpg
472,Polo Oversize,Tops,1292,Martini,1536,Standar,49.0,49.0,,,https://euchelperu.com/images/productos/176084543448313981547961.jpg | https://euchelperu.com/images/productos/176084545454720702356489.jpg | https://euchelperu.com/images/productos/176084547507973169496318.jpg | https://euchelperu.com/images/productos/176084549003124749748497.jpg | https://euchelperu.com/images/productos/17608455064954982502250.jpg | https://euchelperu.com/images/productos/17608455249905430094805.jpg
472,Polo Oversize,Tops,1324,Cherrie,1537,Standar,49.0,49.0,,,https://euchelperu.com/images/productos/176084545454720702356489.jpg | https://euchelperu.com/images/productos/176084543448313981547961.jpg | https://euchelperu.com/images/productos/176084547507973169496318.jpg | https://euchelperu.com/images/productos/176084549003124749748497.jpg | https://euchelperu.com/images/productos/17608455064954982502250.jpg | https://euchelperu.com/images/productos/17608455249905430094805.jpg
472,Polo Oversize,Tops,1325,Cocktail,1538,Standar,49.0,49.0,,,https://euchelperu.com/images/productos/176084547507973169496318.jpg | https://euchelperu.com/images/productos/176084543448313981547961.jpg | https://euchelperu.com/images/productos/176084545454720702356489.jpg | https://euchelperu.com/images/productos/176084549003124749748497.jpg | https://euchelperu.com/images/productos/17608455064954982502250.jpg | https://euchelperu.com/images/productos/17608455249905430094805.jpg
472,Polo Oversize,Tops,1326,Sol,1539,Standar,49.0,49.0,,,https://euchelperu.com/images/productos/176084549003124749748497.jpg | https://euchelperu.com/images/productos/176084543448313981547961.jpg | https://euchelperu.com/images/productos/176084545454720702356489.jpg | https://euchelperu.com/images/productos/176084547507973169496318.jpg | https://euchelperu.com/images/productos/17608455064954982502250.jpg | https://euchelperu.com/images/productos/17608455249905430094805.jpg
472,Polo Oversize,Tops,1327,Lemon,1540,Standar,49.0,49.0,,,https://euchelperu.com/images/productos/17608455064954982502250.jpg | https://euchelperu.com/images/productos/176084543448313981547961.jpg | https://euchelperu.com/images/productos/176084545454720702356489.jpg | https://euchelperu.com/images/productos/176084547507973169496318.jpg | https://euchelperu.com/images/productos/176084549003124749748497.jpg | https://euchelperu.com/images/productos/17608455249905430094805.jpg
472,Polo Oversize,Tops,1328,Cool life,1541,Standar,49.0,49.0,,,https://euchelperu.com/images/productos/17608455249905430094805.jpg | https://euchelperu.com/images/productos/176084543448313981547961.jpg | https://euchelperu.com/images/productos/176084545454720702356489.jpg | https://euchelperu.com/images/productos/176084547507973169496318.jpg | https://euchelperu.com/images/productos/176084549003124749748497.jpg | https://euchelperu.com/images/productos/17608455064954982502250.jpg
473,Top Teresa,Tops,1293,Celeste,1542,Standar,49.0,49.0,,,https://euchelperu.com/images/productos/17608463837279392680045.jpg | https://euchelperu.com/images/productos/17659105831814190265798.jpg | https://euchelperu.com/images/productos/176591061075556528368677.jpg | https://euchelperu.com/images/productos/176591065457494246482467.jpg | https://euchelperu.com/images/productos/176591080892921505978864.jpg
473,Top Teresa,Tops,1478,Blanco,1728,Standar,49.0,49.0,,,https://euchelperu.com/images/productos/176591061075556528368677.jpg | https://euchelperu.com/images/productos/17608463837279392680045.jpg | https://euchelperu.com/images/productos/17659105831814190265798.jpg | https://euchelperu.com/images/productos/176591065457494246482467.jpg | https://euchelperu.com/images/productos/176591080892921505978864.jpg
473,Top Teresa,Tops,1479,Negro,1729,Standar,49.0,49.0,,,https://euchelperu.com/images/productos/176591065457494246482467.jpg | https://euchelperu.com/images/productos/17608463837279392680045.jpg | https://euchelperu.com/images/productos/17659105831814190265798.jpg | https://euchelperu.com/images/productos/176591061075556528368677.jpg | https://euchelperu.com/images/productos/176591080892921505978864.jpg
473,Top Teresa,Tops,1480,Beige,1730,Standar,49.0,49.0,,,https://euchelperu.com/images/productos/17608463837279392680045.jpg | https://euchelperu.com/images/productos/17659105831814190265798.jpg | https://euchelperu.com/images/productos/176591061075556528368677.jpg | https://euchelperu.com/images/productos/176591065457494246482467.jpg | https://euchelperu.com/images/productos/176591080892921505978864.jpg
473,Top Teresa,Tops,1481,Rosado,1731,Standar,49.0,49.0,,,https://euchelperu.com/images/productos/17659105831814190265798.jpg | https://euchelperu.com/images/productos/17608463837279392680045.jpg | https://euchelperu.com/images/productos/176591061075556528368677.jpg | https://euchelperu.com/images/productos/176591065457494246482467.jpg | https://euchelperu.com/images/productos/176591080892921505978864.jpg
473,Top Teresa,Tops,1482,Verde,1732,Standar,49.0,49.0,,,https://euchelperu.com/images/productos/17608463837279392680045.jpg | https://euchelperu.com/images/productos/17659105831814190265798.jpg | https://euchelperu.com/images/productos/176591061075556528368677.jpg | https://euchelperu.com/images/productos/176591065457494246482467.jpg | https://euchelperu.com/images/productos/176591080892921505978864.jpg
473,Top Teresa,Tops,2102,Rojo,,,,49.0,,,https://euchelperu.com/images/productos/176591080892921505978864.jpg | https://euchelperu.com/images/productos/17608463837279392680045.jpg | https://euchelperu.com/images/productos/17659105831814190265798.jpg | https://euchelperu.com/images/productos/176591061075556528368677.jpg | https://euchelperu.com/images/productos/176591065457494246482467.jpg
473,Top Teresa,Tops,2103,Amarillo,,,,49.0,,,https://euchelperu.com/images/productos/17608463837279392680045.jpg | https://euchelperu.com/images/productos/17659105831814190265798.jpg | https://euchelperu.com/images/productos/176591061075556528368677.jpg | https://euchelperu.com/images/productos/176591065457494246482467.jpg | https://euchelperu.com/images/productos/176591080892921505978864.jpg
480,Mini Vestido Dannie,Vestidos,1301,Vino,1546,Standar,59.0,59.0,,,https://euchelperu.com/images/productos/17608463362709474513397.jpg | https://euchelperu.com/images/productos/17626216532725749852327.jpg | https://euchelperu.com/images/productos/176262193939124620318852.jpg
480,Mini Vestido Dannie,Vestidos,1410,Blanco,1660,Standar,59.0,59.0,,,https://euchelperu.com/images/productos/176262193939124620318852.jpg | https://euchelperu.com/images/productos/17608463362709474513397.jpg | https://euchelperu.com/images/productos/17626216532725749852327.jpg
480,Mini Vestido Dannie,Vestidos,1411,Negro,1661,Standar,59.0,59.0,,,https://euchelperu.com/images/productos/17626216532725749852327.jpg | https://euchelperu.com/images/productos/17608463362709474513397.jpg | https://euchelperu.com/images/productos/176262193939124620318852.jpg
480,Mini Vestido Dannie,Vestidos,1412,Marrón,1662,Standar,59.0,59.0,,,https://euchelperu.com/images/productos/17608463362709474513397.jpg | https://euchelperu.com/images/productos/17626216532725749852327.jpg | https://euchelperu.com/images/productos/176262193939124620318852.jpg
484,Boina Emily,Accesorios,1305,Beige,1548,Standar,35.0,35.0,,,https://euchelperu.com/images/productos/176084520206538353215482.jpg
485,Gorro Vintage,Accesorios,1306,Negro,1549,Standar,29.0,29.0,,,https://euchelperu.com/images/productos/176084512707119661033966.jpg | https://euchelperu.com/images/productos/176084515351224569952267.jpg | https://euchelperu.com/images/productos/176084516034894180952007.jpg | https://euchelperu.com/images/productos/176084517477113477435555.jpg
485,Gorro Vintage,Accesorios,1321,Azul,1550,Standar,29.0,29.0,,,https://euchelperu.com/images/productos/176084515351224569952267.jpg | https://euchelperu.com/images/productos/176084512707119661033966.jpg | https://euchelperu.com/images/productos/176084516034894180952007.jpg | https://euchelperu.com/images/productos/176084517477113477435555.jpg
485,Gorro Vintage,Accesorios,1322,Beige,1551,Standar,29.0,29.0,,,https://euchelperu.com/images/productos/176084516034894180952007.jpg | https://euchelperu.com/images/productos/176084512707119661033966.jpg | https://euchelperu.com/images/productos/176084515351224569952267.jpg | https://euchelperu.com/images/productos/176084517477113477435555.jpg
485,Gorro Vintage,Accesorios,1323,Marrón,1552,Standar,29.0,29.0,,,https://euchelperu.com/images/productos/176084517477113477435555.jpg | https://euchelperu.com/images/productos/176084512707119661033966.jpg | https://euchelperu.com/images/productos/176084515351224569952267.jpg | https://euchelperu.com/images/productos/176084516034894180952007.jpg
486,Corset Sabrina,Tops,1307,Rojo,1553,Standar,55.0,55.0,,,https://euchelperu.com/images/productos/176084113019295788242878.jpg
486,Corset Sabrina,Tops,1397,Beige,1647,Standar,55.0,55.0,,,https://euchelperu.com/images/productos/176084113019295788242878.jpg
486,Corset Sabrina,Tops,1398,Blanco,1648,Standar,55.0,55.0,,,https://euchelperu.com/images/productos/176084113019295788242878.jpg
486,Corset Sabrina,Tops,1399,Vino,1649,Standar,55.0,55.0,,,https://euchelperu.com/images/productos/176084113019295788242878.jpg
489,Vestido Sandra Hilo,Vestidos,1311,Marrón,1557,Standar,69.0,69.0,,,https://euchelperu.com/images/productos/17608453018938796263402.jpg | https://euchelperu.com/images/productos/17623669422631446471548.jpg
489,Vestido Sandra Hilo,Vestidos,1562,Rosado,1822,Standard,69.0,69.0,,,https://euchelperu.com/images/productos/17623669422631446471548.jpg | https://euchelperu.com/images/productos/17608453018938796263402.jpg
489,Vestido Sandra Hilo,Vestidos,1563,Amarillo,1823,Standard,69.0,69.0,,,https://euchelperu.com/images/productos/17608453018938796263402.jpg | https://euchelperu.com/images/productos/17623669422631446471548.jpg
489,Vestido Sandra Hilo,Vestidos,1564,Lila,1824,Standard,69.0,69.0,,,https://euchelperu.com/images/productos/17608453018938796263402.jpg | https://euchelperu.com/images/productos/17623669422631446471548.jpg
493,Top Summer Hilo,Tops,1315,Butter Yellow,1559,Standar,39.0,39.0,,,https://euchelperu.com/images/productos/176084048175512100424044.jpg | https://euchelperu.com/images/productos/17626211414734865819628.jpg | https://euchelperu.com/images/productos/176857883303969475340822.jpg | https://euchelperu.com/images/productos/176857890937739705828975.png | https://euchelperu.com/images/productos/176857908982409895795123.png | https://euchelperu.com/images/productos/176857917046828260925208.png | https://euchelperu.com/images/productos/1768579216876922098005.png | https://euchelperu.com/images/productos/17685792933124434667840.png
493,Top Summer Hilo,Tops,1378,Blanco,1628,Standar,39.0,39.0,,,https://euchelperu.com/images/productos/17626211414734865819628.jpg | https://euchelperu.com/images/productos/176084048175512100424044.jpg | https://euchelperu.com/images/productos/176857883303969475340822.jpg | https://euchelperu.com/images/productos/176857890937739705828975.png | https://euchelperu.com/images/productos/176857908982409895795123.png | https://euchelperu.com/images/productos/176857917046828260925208.png | https://euchelperu.com/images/productos/1768579216876922098005.png | https://euchelperu.com/images/productos/17685792933124434667840.png
493,Top Summer Hilo,Tops,1379,Negro,1629,Standar,39.0,39.0,,,https://euchelperu.com/images/productos/176857890937739705828975.png | https://euchelperu.com/images/productos/176084048175512100424044.jpg | https://euchelperu.com/images/productos/17626211414734865819628.jpg | https://euchelperu.com/images/productos/176857883303969475340822.jpg | https://euchelperu.com/images/productos/176857908982409895795123.png | https://euchelperu.com/images/productos/176857917046828260925208.png | https://euchelperu.com/images/productos/1768579216876922098005.png | https://euchelperu.com/images/productos/17685792933124434667840.png
493,Top Summer Hilo,Tops,1380,Beige,1630,Standar,39.0,39.0,,,https://euchelperu.com/images/productos/176857908982409895795123.png | https://euchelperu.com/images/productos/176084048175512100424044.jpg | https://euchelperu.com/images/productos/17626211414734865819628.jpg | https://euchelperu.com/images/productos/176857883303969475340822.jpg | https://euchelperu.com/images/productos/176857890937739705828975.png | https://euchelperu.com/images/productos/176857917046828260925208.png | https://euchelperu.com/images/productos/1768579216876922098005.png | https://euchelperu.com/images/productos/17685792933124434667840.png
493,Top Summer Hilo,Tops,1381,Rosa,1631,Standar,39.0,39.0,,,https://euchelperu.com/images/productos/176857883303969475340822.jpg | https://euchelperu.com/images/productos/176084048175512100424044.jpg | https://euchelperu.com/images/productos/17626211414734865819628.jpg | https://euchelperu.com/images/productos/176857890937739705828975.png | https://euchelperu.com/images/productos/176857908982409895795123.png | https://euchelperu.com/images/productos/176857917046828260925208.png | https://euchelperu.com/images/productos/1768579216876922098005.png | https://euchelperu.com/images/productos/17685792933124434667840.png
493,Top Summer Hilo,Tops,2588,Turqueza,3010,Standard,39.0,39.0,,,https://euchelperu.com/images/productos/176857917046828260925208.png | https://euchelperu.com/images/productos/176084048175512100424044.jpg | https://euchelperu.com/images/productos/17626211414734865819628.jpg | https://euchelperu.com/images/productos/176857883303969475340822.jpg | https://euchelperu.com/images/productos/176857890937739705828975.png | https://euchelperu.com/images/productos/176857908982409895795123.png | https://euchelperu.com/images/productos/1768579216876922098005.png | https://euchelperu.com/images/productos/17685792933124434667840.png
493,Top Summer Hilo,Tops,2589,Hueso,3011,Standard,39.0,39.0,,,https://euchelperu.com/images/productos/1768579216876922098005.png | https://euchelperu.com/images/productos/176084048175512100424044.jpg | https://euchelperu.com/images/productos/17626211414734865819628.jpg | https://euchelperu.com/images/productos/176857883303969475340822.jpg | https://euchelperu.com/images/productos/176857890937739705828975.png | https://euchelperu.com/images/productos/176857908982409895795123.png | https://euchelperu.com/images/productos/176857917046828260925208.png | https://euchelperu.com/images/productos/17685792933124434667840.png
493,Top Summer Hilo,Tops,2590,Verde agua,3012,Standard,39.0,39.0,,,https://euchelperu.com/images/productos/17685792933124434667840.png | https://euchelperu.com/images/productos/176084048175512100424044.jpg | https://euchelperu.com/images/productos/17626211414734865819628.jpg | https://euchelperu.com/images/productos/176857883303969475340822.jpg | https://euchelperu.com/images/productos/176857890937739705828975.png | https://euchelperu.com/images/productos/176857908982409895795123.png | https://euchelperu.com/images/productos/176857917046828260925208.png | https://euchelperu.com/images/productos/1768579216876922098005.png
496,Vestido Belly Blonda,Vestidos,1371,Amarillo,1621,Standar,75.0,75.0,,,https://euchelperu.com/images/productos/17624643582820137894158.jpg | https://euchelperu.com/images/productos/176246446366204920531901.jpg | https://euchelperu.com/images/productos/17743134618286936534104.jpg | https://euchelperu.com/images/productos/177431355109718793667899.jpg | https://euchelperu.com/images/productos/177431356852955658554849.jpg
496,Vestido Belly Blonda,Vestidos,1372,Blanco,1622,Standar,75.0,75.0,,,https://euchelperu.com/images/productos/176246446366204920531901.jpg | https://euchelperu.com/images/productos/17624643582820137894158.jpg | https://euchelperu.com/images/productos/17743134618286936534104.jpg | https://euchelperu.com/images/productos/177431355109718793667899.jpg | https://euchelperu.com/images/productos/177431356852955658554849.jpg
496,Vestido Belly Blonda,Vestidos,3128,Verde menta,3412,Standar,75.0,75.0,,,https://euchelperu.com/images/productos/17743134618286936534104.jpg | https://euchelperu.com/images/productos/17624643582820137894158.jpg | https://euchelperu.com/images/productos/176246446366204920531901.jpg | https://euchelperu.com/images/productos/177431355109718793667899.jpg | https://euchelperu.com/images/productos/177431356852955658554849.jpg
496,Vestido Belly Blonda,Vestidos,3129,Negro,3413,Standar,75.0,75.0,,,https://euchelperu.com/images/productos/177431355109718793667899.jpg | https://euchelperu.com/images/productos/17624643582820137894158.jpg | https://euchelperu.com/images/productos/176246446366204920531901.jpg | https://euchelperu.com/images/productos/17743134618286936534104.jpg | https://euchelperu.com/images/productos/177431356852955658554849.jpg
496,Vestido Belly Blonda,Vestidos,3130,Beige,3414,Standar,75.0,75.0,,,https://euchelperu.com/images/productos/177431356852955658554849.jpg | https://euchelperu.com/images/productos/17624643582820137894158.jpg | https://euchelperu.com/images/productos/176246446366204920531901.jpg | https://euchelperu.com/images/productos/17743134618286936534104.jpg | https://euchelperu.com/images/productos/177431355109718793667899.jpg
497,Set Stephany Hilo,Set,1319,Blanco-Negro,1563,Standar,69.0,69.0,,,https://euchelperu.com/images/productos/176084056787344948553142.jpg | https://euchelperu.com/images/productos/17682535094981753975242.png | https://euchelperu.com/images/productos/17682540850907494973706.png
497,Set Stephany Hilo,Set,1492,Beige,1742,Standar,69.0,69.0,,,https://euchelperu.com/images/productos/17682535094981753975242.png | https://euchelperu.com/images/productos/176084056787344948553142.jpg | https://euchelperu.com/images/productos/17682540850907494973706.png
497,Set Stephany Hilo,Set,1493,Mola,1743,Standar,69.0,69.0,,,https://euchelperu.com/images/productos/176084056787344948553142.jpg | https://euchelperu.com/images/productos/17682535094981753975242.png | https://euchelperu.com/images/productos/17682540850907494973706.png
497,Set Stephany Hilo,Set,1494,Negro,1744,Standar,69.0,69.0,,,https://euchelperu.com/images/productos/176084056787344948553142.jpg | https://euchelperu.com/images/productos/17682535094981753975242.png | https://euchelperu.com/images/productos/17682540850907494973706.png
497,Set Stephany Hilo,Set,2520,Celeste,2941,Standard,69.0,69.0,,,https://euchelperu.com/images/productos/17682540850907494973706.png | https://euchelperu.com/images/productos/176084056787344948553142.jpg | https://euchelperu.com/images/productos/17682535094981753975242.png
499,Alice bag,Carteras,1333,Negro,1617,Standar,65.0,65.0,,,https://euchelperu.com/images/productos/176085137457270144566043.jpg | https://euchelperu.com/images/productos/17608513823944294364659.jpg
499,Alice bag,Carteras,1334,Marrón,1618,Standar,65.0,65.0,,,https://euchelperu.com/images/productos/17608513823944294364659.jpg | https://euchelperu.com/images/productos/176085137457270144566043.jpg
500,Evelyn bag,Carteras,1335,Negro,1564,Standar,75.0,75.0,,,https://euchelperu.com/images/productos/176085148483536726077004.jpg | https://euchelperu.com/images/productos/176085149593121897332431.jpg | https://euchelperu.com/images/productos/17608515047919048598346.jpg
500,Evelyn bag,Carteras,1336,Blanco,1565,Standar,75.0,75.0,,,https://euchelperu.com/images/productos/176085149593121897332431.jpg | https://euchelperu.com/images/productos/176085148483536726077004.jpg | https://euchelperu.com/images/productos/17608515047919048598346.jpg
500,Evelyn bag,Carteras,1337,Rosado,1566,Standar,75.0,75.0,,,https://euchelperu.com/images/productos/17608515047919048598346.jpg | https://euchelperu.com/images/productos/176085148483536726077004.jpg | https://euchelperu.com/images/productos/176085149593121897332431.jpg
502,Antonella bag,Carteras,1341,Marrón,1570,Standar,75.0,75.0,,,https://euchelperu.com/images/productos/176085179275491487147144.jpg | https://euchelperu.com/images/productos/176085180442889302427671.jpg | https://euchelperu.com/images/productos/17608518101104137427856.jpg
502,Antonella bag,Carteras,1342,Negro,1571,Standar,75.0,75.0,,,https://euchelperu.com/images/productos/176085180442889302427671.jpg | https://euchelperu.com/images/productos/176085179275491487147144.jpg | https://euchelperu.com/images/productos/17608518101104137427856.jpg
502,Antonella bag,Carteras,1343,Blanco,1572,Standar,75.0,75.0,,,https://euchelperu.com/images/productos/17608518101104137427856.jpg | https://euchelperu.com/images/productos/176085179275491487147144.jpg | https://euchelperu.com/images/productos/176085180442889302427671.jpg
505,Olivia bag,Carteras,1351,Blanco,1580,Standar,85.0,85.0,,,https://euchelperu.com/images/productos/176085224223793845084429.jpg | https://euchelperu.com/images/productos/17608522498943078054131.jpg
505,Olivia bag,Carteras,1352,Negro,1581,Standar,85.0,85.0,,,https://euchelperu.com/images/productos/17608522498943078054131.jpg | https://euchelperu.com/images/productos/176085224223793845084429.jpg
506,Camile bag,Carteras,1353,Negro,1582,Standar,85.0,85.0,,,https://euchelperu.com/images/productos/17608523871749948569698.jpg | https://euchelperu.com/images/productos/176085239471915215265939.jpg
506,Camile bag,Carteras,1354,Blanco,1583,Standar,85.0,85.0,,,https://euchelperu.com/images/productos/176085239471915215265939.jpg | https://euchelperu.com/images/productos/17608523871749948569698.jpg
508,Kassy bag,Carteras,1356,Negro,1585,Standar,75.0,75.0,,,https://euchelperu.com/images/productos/17608525820436298138285.jpg | https://euchelperu.com/images/productos/176085259403466797057814.jpg
508,Kassy bag,Carteras,1357,Beige,1586,Standar,75.0,75.0,,,https://euchelperu.com/images/productos/176085259403466797057814.jpg | https://euchelperu.com/images/productos/17608525820436298138285.jpg
510,Falda Lentejuela 2.0,Faldas,1367,Negro,1611,Standar,75.0,75.0,,,https://euchelperu.com/images/productos/17609251063923027618083.jpg | https://euchelperu.com/images/productos/176092511288831448378470.jpg | https://euchelperu.com/images/productos/176092511904485917785305.jpg
510,Falda Lentejuela 2.0,Faldas,1368,Plateado,1612,Standar,75.0,75.0,,,https://euchelperu.com/images/productos/176092511288831448378470.jpg | https://euchelperu.com/images/productos/17609251063923027618083.jpg | https://euchelperu.com/images/productos/176092511904485917785305.jpg
510,Falda Lentejuela 2.0,Faldas,1369,Rosa,1613,Standar,75.0,75.0,,,https://euchelperu.com/images/productos/176092511904485917785305.jpg | https://euchelperu.com/images/productos/17609251063923027618083.jpg | https://euchelperu.com/images/productos/176092511288831448378470.jpg
512,Set Isabella Hilo,Set,1495,Palo Rosa,1819,Standard,59.0,59.0,,,https://euchelperu.com/images/productos/17621314436893334444099.jpg | https://euchelperu.com/images/productos/17624040543289543979835.png | https://euchelperu.com/images/productos/176290288615868833585827.png
512,Set Isabella Hilo,Set,1496,Celeste,1820,Standard,59.0,59.0,,,https://euchelperu.com/images/productos/17624040543289543979835.png | https://euchelperu.com/images/productos/17621314436893334444099.jpg | https://euchelperu.com/images/productos/176290288615868833585827.png
512,Set Isabella Hilo,Set,1497,Negro,1821,Standard,59.0,59.0,,,https://euchelperu.com/images/productos/176290288615868833585827.png | https://euchelperu.com/images/productos/17621314436893334444099.jpg | https://euchelperu.com/images/productos/17624040543289543979835.png
515,Top Caroline Escote,Tops,1507,Negro,1799,Standard,39.0,39.0,,,https://euchelperu.com/images/productos/17623900856442652056618.jpg | https://euchelperu.com/images/productos/176239017958933676818306.jpg | https://euchelperu.com/images/productos/176239040814202249726972.jpg
515,Top Caroline Escote,Tops,1509,Blanco,1801,Standard,39.0,39.0,,,https://euchelperu.com/images/productos/176239040814202249726972.jpg | https://euchelperu.com/images/productos/17623900856442652056618.jpg | https://euchelperu.com/images/productos/176239017958933676818306.jpg
515,Top Caroline Escote,Tops,1510,Beige,1802,Standard,39.0,39.0,,,https://euchelperu.com/images/productos/176239017958933676818306.jpg | https://euchelperu.com/images/productos/17623900856442652056618.jpg | https://euchelperu.com/images/productos/176239040814202249726972.jpg
516,Top Allison Aro,Tops,1511,Verde,1794,Standard,39.0,39.0,,,https://euchelperu.com/images/productos/176238751553046223383272.jpg | https://euchelperu.com/images/productos/176238616199484408315057.png
516,Top Allison Aro,Tops,1513,Blanco,1796,Standard,39.0,39.0,,,https://euchelperu.com/images/productos/176238616199484408315057.png | https://euchelperu.com/images/productos/176238751553046223383272.jpg
517,Top Alice,Tops,1516,Amarillo,1789,Standard,45.0,45.0,,,https://euchelperu.com/images/productos/176213153653415268826520.jpg | https://euchelperu.com/images/productos/176240188566008156035192.png | https://euchelperu.com/images/productos/176240200246336688510209.png | https://euchelperu.com/images/productos/176240231363633740716903.png | https://euchelperu.com/images/productos/176240232372124216216160.png
517,Top Alice,Tops,1517,Blanco,1790,Standard,45.0,45.0,,,https://euchelperu.com/images/productos/176240188566008156035192.png | https://euchelperu.com/images/productos/176213153653415268826520.jpg | https://euchelperu.com/images/productos/176240200246336688510209.png | https://euchelperu.com/images/productos/176240231363633740716903.png | https://euchelperu.com/images/productos/176240232372124216216160.png
517,Top Alice,Tops,1518,Negro,1791,Standard,45.0,45.0,,,https://euchelperu.com/images/productos/176240200246336688510209.png | https://euchelperu.com/images/productos/176213153653415268826520.jpg | https://euchelperu.com/images/productos/176240188566008156035192.png | https://euchelperu.com/images/productos/176240231363633740716903.png | https://euchelperu.com/images/productos/176240232372124216216160.png
517,Top Alice,Tops,1519,Rosado,1792,Standard,45.0,45.0,,,https://euchelperu.com/images/productos/176240231363633740716903.png | https://euchelperu.com/images/productos/176213153653415268826520.jpg | https://euchelperu.com/images/productos/176240188566008156035192.png | https://euchelperu.com/images/productos/176240200246336688510209.png | https://euchelperu.com/images/productos/176240232372124216216160.png
517,Top Alice,Tops,1520,Marrón,1793,Standard,45.0,45.0,,,https://euchelperu.com/images/productos/176240232372124216216160.png | https://euchelperu.com/images/productos/176213153653415268826520.jpg | https://euchelperu.com/images/productos/176240188566008156035192.png | https://euchelperu.com/images/productos/176240200246336688510209.png | https://euchelperu.com/images/productos/176240231363633740716903.png
519,Maxi Chaleco Zenit,Blusas,1528,Rosado,1774,Standard,75.0,75.0,,,https://euchelperu.com/images/productos/176213157945855984398205.jpg | https://euchelperu.com/images/productos/176246566091090619619806.jpg | https://euchelperu.com/images/productos/17624664043429765317640.jpg | https://euchelperu.com/images/productos/176246641397262782397073.jpg | https://euchelperu.com/images/productos/176305258506310526521021.jpg
519,Maxi Chaleco Zenit,Blusas,1529,Negro,1775,Standard,75.0,75.0,,,https://euchelperu.com/images/productos/176246566091090619619806.jpg | https://euchelperu.com/images/productos/176213157945855984398205.jpg | https://euchelperu.com/images/productos/17624664043429765317640.jpg | https://euchelperu.com/images/productos/176246641397262782397073.jpg | https://euchelperu.com/images/productos/176305258506310526521021.jpg
519,Maxi Chaleco Zenit,Blusas,1530,Beige claro,1778,Standard,75.0,75.0,,,https://euchelperu.com/images/productos/17624664043429765317640.jpg | https://euchelperu.com/images/productos/176213157945855984398205.jpg | https://euchelperu.com/images/productos/176246566091090619619806.jpg | https://euchelperu.com/images/productos/176246641397262782397073.jpg | https://euchelperu.com/images/productos/176305258506310526521021.jpg
519,Maxi Chaleco Zenit,Blusas,1531,Beige oscuro,1779,Standard,75.0,75.0,,,https://euchelperu.com/images/productos/176246641397262782397073.jpg | https://euchelperu.com/images/productos/176213157945855984398205.jpg | https://euchelperu.com/images/productos/176246566091090619619806.jpg | https://euchelperu.com/images/productos/17624664043429765317640.jpg | https://euchelperu.com/images/productos/176305258506310526521021.jpg
519,Maxi Chaleco Zenit,Blusas,1532,Crema,1780,Standard,75.0,75.0,,,https://euchelperu.com/images/productos/176305258506310526521021.jpg | https://euchelperu.com/images/productos/176213157945855984398205.jpg | https://euchelperu.com/images/productos/176246566091090619619806.jpg | https://euchelperu.com/images/productos/17624664043429765317640.jpg | https://euchelperu.com/images/productos/176246641397262782397073.jpg
521,Top Britney Aro,Tops,1540,Negro,1766,Standard,45.0,45.0,,,https://euchelperu.com/images/productos/176238951528483864250239.jpg | https://euchelperu.com/images/productos/176238953128787810721052.jpg | https://euchelperu.com/images/productos/176238981775526181090873.jpg | https://euchelperu.com/images/productos/176325710071548619769454.png
521,Top Britney Aro,Tops,1541,Vino,1767,Standard,45.0,45.0,,,https://euchelperu.com/images/productos/176238981775526181090873.jpg | https://euchelperu.com/images/productos/176238951528483864250239.jpg | https://euchelperu.com/images/productos/176238953128787810721052.jpg | https://euchelperu.com/images/productos/176325710071548619769454.png
521,Top Britney Aro,Tops,1542,Blanco,1768,Standard,45.0,45.0,,,https://euchelperu.com/images/productos/176238953128787810721052.jpg | https://euchelperu.com/images/productos/176238951528483864250239.jpg | https://euchelperu.com/images/productos/176238981775526181090873.jpg | https://euchelperu.com/images/productos/176325710071548619769454.png
521,Top Britney Aro,Tops,1678,Marrón,1944,Standar,45.0,45.0,,,https://euchelperu.com/images/productos/176325710071548619769454.png | https://euchelperu.com/images/productos/176238951528483864250239.jpg | https://euchelperu.com/images/productos/176238953128787810721052.jpg | https://euchelperu.com/images/productos/176238981775526181090873.jpg
522,Falda Short Novata,Faldas,1544,Negro,1807,S,69.0,69.0,,,https://euchelperu.com/images/productos/176244990746226495361943.png | https://euchelperu.com/images/productos/176213165431143493870040.jpg | https://euchelperu.com/images/productos/17621316639135231741688.jpg
522,Falda Short Novata,Faldas,1544,Negro,1808,M,69.0,69.0,,,https://euchelperu.com/images/productos/176244990746226495361943.png | https://euchelperu.com/images/productos/176213165431143493870040.jpg | https://euchelperu.com/images/productos/17621316639135231741688.jpg
522,Falda Short Novata,Faldas,1545,Marrón,1809,S,69.0,69.0,,,https://euchelperu.com/images/productos/176213165431143493870040.jpg | https://euchelperu.com/images/productos/17621316639135231741688.jpg | https://euchelperu.com/images/productos/176244990746226495361943.png
522,Falda Short Novata,Faldas,1545,Marrón,1810,M,69.0,69.0,,,https://euchelperu.com/images/productos/176213165431143493870040.jpg | https://euchelperu.com/images/productos/17621316639135231741688.jpg | https://euchelperu.com/images/productos/176244990746226495361943.png
522,Falda Short Novata,Faldas,1546,rojo,1811,S,69.0,69.0,,,https://euchelperu.com/images/productos/17621316639135231741688.jpg | https://euchelperu.com/images/productos/176213165431143493870040.jpg | https://euchelperu.com/images/productos/176244990746226495361943.png
522,Falda Short Novata,Faldas,1546,rojo,1812,M,69.0,69.0,,,https://euchelperu.com/images/productos/17621316639135231741688.jpg | https://euchelperu.com/images/productos/176213165431143493870040.jpg | https://euchelperu.com/images/productos/176244990746226495361943.png
523,Set Abby,Set,1547,Rojo,1754,Standard,75.0,75.0,,,https://euchelperu.com/images/productos/176239087838512794573800.png | https://euchelperu.com/images/productos/17621316830629797764123.jpg | https://euchelperu.com/images/productos/176239090303344844889147.png | https://euchelperu.com/images/productos/176265371351032891687052.jpg
523,Set Abby,Set,1548,Marrón,1755,Standard,75.0,75.0,,,https://euchelperu.com/images/productos/176239090303344844889147.png | https://euchelperu.com/images/productos/17621316830629797764123.jpg | https://euchelperu.com/images/productos/176239087838512794573800.png | https://euchelperu.com/images/productos/176265371351032891687052.jpg
523,Set Abby,Set,1549,Vino,1756,Standard,75.0,75.0,,,https://euchelperu.com/images/productos/17621316830629797764123.jpg | https://euchelperu.com/images/productos/176239087838512794573800.png | https://euchelperu.com/images/productos/176239090303344844889147.png | https://euchelperu.com/images/productos/176265371351032891687052.jpg
523,Set Abby,Set,1550,Azul,1757,Standard,75.0,75.0,,,https://euchelperu.com/images/productos/176265371351032891687052.jpg | https://euchelperu.com/images/productos/17621316830629797764123.jpg | https://euchelperu.com/images/productos/176239087838512794573800.png | https://euchelperu.com/images/productos/176239090303344844889147.png
524,Vestido Hanna Shine,Vestidos,1554,Negro,1751,Standard,75.0,75.0,,,https://euchelperu.com/images/productos/17625375632520264224215.jpg | https://euchelperu.com/images/productos/17665394849962710114908.jpg
524,Vestido Hanna Shine,Vestidos,2230,Dorado,2619,Standar,79.0,75.0,,,https://euchelperu.com/images/productos/17665394849962710114908.jpg | https://euchelperu.com/images/productos/17625375632520264224215.jpg
529,TOP VANESSA,Tops,1609,Azul,1876,Standar,39.0,39.0,,,https://euchelperu.com/images/productos/176341737072415429569261.jpg | https://euchelperu.com/images/productos/176359126737778359311012.png | https://euchelperu.com/images/productos/176359137209827414319511.png | https://euchelperu.com/images/productos/176359148624779623185547.png | https://euchelperu.com/images/productos/176359373881781298222797.png | https://euchelperu.com/images/productos/176359417958067245640753.png | https://euchelperu.com/images/productos/178295831154482196277570.jpg
529,TOP VANESSA,Tops,1610,Negro,1877,Standar,39.0,39.0,,,https://euchelperu.com/images/productos/176359126737778359311012.png | https://euchelperu.com/images/productos/176341737072415429569261.jpg | https://euchelperu.com/images/productos/176359137209827414319511.png | https://euchelperu.com/images/productos/176359148624779623185547.png | https://euchelperu.com/images/productos/176359373881781298222797.png | https://euchelperu.com/images/productos/176359417958067245640753.png | https://euchelperu.com/images/productos/178295831154482196277570.jpg
529,TOP VANESSA,Tops,1611,Marrón,1878,Standar,39.0,39.0,,,https://euchelperu.com/images/productos/176359148624779623185547.png | https://euchelperu.com/images/productos/176341737072415429569261.jpg | https://euchelperu.com/images/productos/176359126737778359311012.png | https://euchelperu.com/images/productos/176359137209827414319511.png | https://euchelperu.com/images/productos/176359373881781298222797.png | https://euchelperu.com/images/productos/176359417958067245640753.png | https://euchelperu.com/images/productos/178295831154482196277570.jpg
529,TOP VANESSA,Tops,1612,Blanco,1879,Standar,39.0,39.0,,,https://euchelperu.com/images/productos/176359137209827414319511.png | https://euchelperu.com/images/productos/176341737072415429569261.jpg | https://euchelperu.com/images/productos/176359126737778359311012.png | https://euchelperu.com/images/productos/176359148624779623185547.png | https://euchelperu.com/images/productos/176359373881781298222797.png | https://euchelperu.com/images/productos/176359417958067245640753.png | https://euchelperu.com/images/productos/178295831154482196277570.jpg
529,TOP VANESSA,Tops,1613,Vino,1880,Standar,39.0,39.0,,,https://euchelperu.com/images/productos/176359373881781298222797.png | https://euchelperu.com/images/productos/176341737072415429569261.jpg | https://euchelperu.com/images/productos/176359126737778359311012.png | https://euchelperu.com/images/productos/176359137209827414319511.png | https://euchelperu.com/images/productos/176359148624779623185547.png | https://euchelperu.com/images/productos/176359417958067245640753.png | https://euchelperu.com/images/productos/178295831154482196277570.jpg
529,TOP VANESSA,Tops,1614,Celeste,1881,Standar,39.0,39.0,,,https://euchelperu.com/images/productos/176359417958067245640753.png | https://euchelperu.com/images/productos/176341737072415429569261.jpg | https://euchelperu.com/images/productos/176359126737778359311012.png | https://euchelperu.com/images/productos/176359137209827414319511.png | https://euchelperu.com/images/productos/176359148624779623185547.png | https://euchelperu.com/images/productos/176359373881781298222797.png | https://euchelperu.com/images/productos/178295831154482196277570.jpg
529,TOP VANESSA,Tops,3773,Rosado pastel,,,,39.0,,,https://euchelperu.com/images/productos/178295831154482196277570.jpg | https://euchelperu.com/images/productos/176341737072415429569261.jpg | https://euchelperu.com/images/productos/176359126737778359311012.png | https://euchelperu.com/images/productos/176359137209827414319511.png | https://euchelperu.com/images/productos/176359148624779623185547.png | https://euchelperu.com/images/productos/176359373881781298222797.png | https://euchelperu.com/images/productos/176359417958067245640753.png
530,TOP ALONDRA HILO,Tops,1615,Rosa,1882,Standar,39.0,39.0,,,https://euchelperu.com/images/productos/17634174355372610668120.jpg | https://euchelperu.com/images/productos/176359436374309868930266.png | https://euchelperu.com/images/productos/176359448105438292412591.png | https://euchelperu.com/images/productos/17635945560766342801928.png | https://euchelperu.com/images/productos/17635948931192497039622.png | https://euchelperu.com/images/productos/176359584048542618850024.png
530,TOP ALONDRA HILO,Tops,1616,Amarillo,1883,Standar,39.0,39.0,,,https://euchelperu.com/images/productos/17635945560766342801928.png | https://euchelperu.com/images/productos/17634174355372610668120.jpg | https://euchelperu.com/images/productos/176359436374309868930266.png | https://euchelperu.com/images/productos/176359448105438292412591.png | https://euchelperu.com/images/productos/17635948931192497039622.png | https://euchelperu.com/images/productos/176359584048542618850024.png
530,TOP ALONDRA HILO,Tops,1617,Verde Pastel,1884,Standar,39.0,39.0,,,https://euchelperu.com/images/productos/176359584048542618850024.png | https://euchelperu.com/images/productos/17634174355372610668120.jpg | https://euchelperu.com/images/productos/176359436374309868930266.png | https://euchelperu.com/images/productos/176359448105438292412591.png | https://euchelperu.com/images/productos/17635945560766342801928.png | https://euchelperu.com/images/productos/17635948931192497039622.png
530,TOP ALONDRA HILO,Tops,1618,Beige,1885,Standar,39.0,39.0,,,https://euchelperu.com/images/productos/17635948931192497039622.png | https://euchelperu.com/images/productos/17634174355372610668120.jpg | https://euchelperu.com/images/productos/176359436374309868930266.png | https://euchelperu.com/images/productos/176359448105438292412591.png | https://euchelperu.com/images/productos/17635945560766342801928.png | https://euchelperu.com/images/productos/176359584048542618850024.png
530,TOP ALONDRA HILO,Tops,1619,Blanco,1886,Standar,39.0,39.0,,,https://euchelperu.com/images/productos/176359436374309868930266.png | https://euchelperu.com/images/productos/17634174355372610668120.jpg | https://euchelperu.com/images/productos/176359448105438292412591.png | https://euchelperu.com/images/productos/17635945560766342801928.png | https://euchelperu.com/images/productos/17635948931192497039622.png | https://euchelperu.com/images/productos/176359584048542618850024.png
530,TOP ALONDRA HILO,Tops,1620,Negro,1887,Standar,39.0,39.0,,,https://euchelperu.com/images/productos/176359448105438292412591.png | https://euchelperu.com/images/productos/17634174355372610668120.jpg | https://euchelperu.com/images/productos/176359436374309868930266.png | https://euchelperu.com/images/productos/17635945560766342801928.png | https://euchelperu.com/images/productos/17635948931192497039622.png | https://euchelperu.com/images/productos/176359584048542618850024.png
533,STRAPLESS LISS ENCAJE,Tops,1631,Rojo,1898,Standar,39.0,39.0,,,https://euchelperu.com/images/productos/176341475207738659285689.jpg | https://euchelperu.com/images/productos/176359792044613970249835.png | https://euchelperu.com/images/productos/17635979735960239883881.png | https://euchelperu.com/images/productos/17658473264726149794052.jpg
533,STRAPLESS LISS ENCAJE,Tops,1632,Negro,1899,Standar,39.0,39.0,,,https://euchelperu.com/images/productos/176359792044613970249835.png | https://euchelperu.com/images/productos/176341475207738659285689.jpg | https://euchelperu.com/images/productos/17635979735960239883881.png | https://euchelperu.com/images/productos/17658473264726149794052.jpg
533,STRAPLESS LISS ENCAJE,Tops,1633,Blanco,1900,Standar,39.0,39.0,,,https://euchelperu.com/images/productos/17635979735960239883881.png | https://euchelperu.com/images/productos/176341475207738659285689.jpg | https://euchelperu.com/images/productos/176359792044613970249835.png | https://euchelperu.com/images/productos/17658473264726149794052.jpg
533,STRAPLESS LISS ENCAJE,Tops,2092,Marrón,2450,Standar,39.0,39.0,,,https://euchelperu.com/images/productos/17658473264726149794052.jpg | https://euchelperu.com/images/productos/176341475207738659285689.jpg | https://euchelperu.com/images/productos/176359792044613970249835.png | https://euchelperu.com/images/productos/17635979735960239883881.png
537,TOP BRENDA ARO,Tops,1647,Verde Olivo,1914,Standar,45.0,45.0,,,https://euchelperu.com/images/productos/176342701255774366579418.jpg | https://euchelperu.com/images/productos/17636782429227486386123.png | https://euchelperu.com/images/productos/176367828663312151468285.png | https://euchelperu.com/images/productos/176367834157767390572264.png | https://euchelperu.com/images/productos/176367839117332382473789.png | https://euchelperu.com/images/productos/176367855486464336134483.png | https://euchelperu.com/images/productos/176367879232984575366188.png
537,TOP BRENDA ARO,Tops,1648,Vino,1915,Standar,45.0,45.0,,,https://euchelperu.com/images/productos/17636782429227486386123.png | https://euchelperu.com/images/productos/176342701255774366579418.jpg | https://euchelperu.com/images/productos/176367828663312151468285.png | https://euchelperu.com/images/productos/176367834157767390572264.png | https://euchelperu.com/images/productos/176367839117332382473789.png | https://euchelperu.com/images/productos/176367855486464336134483.png | https://euchelperu.com/images/productos/176367879232984575366188.png
537,TOP BRENDA ARO,Tops,1649,Rosa,1916,Standar,45.0,45.0,,,https://euchelperu.com/images/productos/176367839117332382473789.png | https://euchelperu.com/images/productos/176342701255774366579418.jpg | https://euchelperu.com/images/productos/17636782429227486386123.png | https://euchelperu.com/images/productos/176367828663312151468285.png | https://euchelperu.com/images/productos/176367834157767390572264.png | https://euchelperu.com/images/productos/176367855486464336134483.png | https://euchelperu.com/images/productos/176367879232984575366188.png
537,TOP BRENDA ARO,Tops,1650,Marrón,1917,Standar,45.0,45.0,,,https://euchelperu.com/images/productos/176367855486464336134483.png | https://euchelperu.com/images/productos/176342701255774366579418.jpg | https://euchelperu.com/images/productos/17636782429227486386123.png | https://euchelperu.com/images/productos/176367828663312151468285.png | https://euchelperu.com/images/productos/176367834157767390572264.png | https://euchelperu.com/images/productos/176367839117332382473789.png | https://euchelperu.com/images/productos/176367879232984575366188.png
537,TOP BRENDA ARO,Tops,1651,Plomo,1918,Standar,45.0,45.0,,,https://euchelperu.com/images/productos/176367879232984575366188.png | https://euchelperu.com/images/productos/176342701255774366579418.jpg | https://euchelperu.com/images/productos/17636782429227486386123.png | https://euchelperu.com/images/productos/176367828663312151468285.png | https://euchelperu.com/images/productos/176367834157767390572264.png | https://euchelperu.com/images/productos/176367839117332382473789.png | https://euchelperu.com/images/productos/176367855486464336134483.png
537,TOP BRENDA ARO,Tops,1652,Blanco,1919,Standar,45.0,45.0,,,https://euchelperu.com/images/productos/176367834157767390572264.png | https://euchelperu.com/images/productos/176342701255774366579418.jpg | https://euchelperu.com/images/productos/17636782429227486386123.png | https://euchelperu.com/images/productos/176367828663312151468285.png | https://euchelperu.com/images/productos/176367839117332382473789.png | https://euchelperu.com/images/productos/176367855486464336134483.png | https://euchelperu.com/images/productos/176367879232984575366188.png
537,TOP BRENDA ARO,Tops,1653,Negro,1920,Standar,45.0,45.0,,,https://euchelperu.com/images/productos/176367828663312151468285.png | https://euchelperu.com/images/productos/176342701255774366579418.jpg | https://euchelperu.com/images/productos/17636782429227486386123.png | https://euchelperu.com/images/productos/176367834157767390572264.png | https://euchelperu.com/images/productos/176367839117332382473789.png | https://euchelperu.com/images/productos/176367855486464336134483.png | https://euchelperu.com/images/productos/176367879232984575366188.png
540,TOP LUANA,Tops,1664,Animal Print,1931,Standar,39.0,39.0,,,https://euchelperu.com/images/productos/17634201060874233339616.jpg | https://euchelperu.com/images/productos/176376174546516779062320.png | https://euchelperu.com/images/productos/176376176954587415334828.png | https://euchelperu.com/images/productos/176376211853693946333485.png | https://euchelperu.com/images/productos/176376224678936105032704.png | https://euchelperu.com/images/productos/176376229392669290032749.png
540,TOP LUANA,Tops,1665,Negro,1932,Standar,39.0,39.0,,,https://euchelperu.com/images/productos/176376176954587415334828.png | https://euchelperu.com/images/productos/17634201060874233339616.jpg | https://euchelperu.com/images/productos/176376174546516779062320.png | https://euchelperu.com/images/productos/176376211853693946333485.png | https://euchelperu.com/images/productos/176376224678936105032704.png | https://euchelperu.com/images/productos/176376229392669290032749.png
540,TOP LUANA,Tops,1666,Amarillo,1933,Standar,39.0,39.0,,,https://euchelperu.com/images/productos/176376229392669290032749.png | https://euchelperu.com/images/productos/17634201060874233339616.jpg | https://euchelperu.com/images/productos/176376174546516779062320.png | https://euchelperu.com/images/productos/176376176954587415334828.png | https://euchelperu.com/images/productos/176376211853693946333485.png | https://euchelperu.com/images/productos/176376224678936105032704.png
540,TOP LUANA,Tops,1667,Blanco,1934,Standar,39.0,39.0,,,https://euchelperu.com/images/productos/176376174546516779062320.png | https://euchelperu.com/images/productos/17634201060874233339616.jpg | https://euchelperu.com/images/productos/176376176954587415334828.png | https://euchelperu.com/images/productos/176376211853693946333485.png | https://euchelperu.com/images/productos/176376224678936105032704.png | https://euchelperu.com/images/productos/176376229392669290032749.png
540,TOP LUANA,Tops,1668,Marrón,1935,Standar,39.0,39.0,,,https://euchelperu.com/images/productos/176376224678936105032704.png | https://euchelperu.com/images/productos/17634201060874233339616.jpg | https://euchelperu.com/images/productos/176376174546516779062320.png | https://euchelperu.com/images/productos/176376176954587415334828.png | https://euchelperu.com/images/productos/176376211853693946333485.png | https://euchelperu.com/images/productos/176376229392669290032749.png
540,TOP LUANA,Tops,1669,Vino,1936,Standar,39.0,39.0,,,https://euchelperu.com/images/productos/176376211853693946333485.png | https://euchelperu.com/images/productos/17634201060874233339616.jpg | https://euchelperu.com/images/productos/176376174546516779062320.png | https://euchelperu.com/images/productos/176376176954587415334828.png | https://euchelperu.com/images/productos/176376224678936105032704.png | https://euchelperu.com/images/productos/176376229392669290032749.png
542,VESTIDO ALICE COPA,Vestidos,1679,Marrón,1945,Standar,59.0,59.0,,,https://euchelperu.com/images/productos/176341414788955314444154.jpg | https://euchelperu.com/images/productos/176368312423494307337391.png | https://euchelperu.com/images/productos/176368313347052816278519.png | https://euchelperu.com/images/productos/176368313657032200167671.png | https://euchelperu.com/images/productos/176368315329884150939256.png | https://euchelperu.com/images/productos/176834185867462360450722.jpg
542,VESTIDO ALICE COPA,Vestidos,1680,Negro,1946,Standar,59.0,59.0,,,https://euchelperu.com/images/productos/176368312423494307337391.png | https://euchelperu.com/images/productos/176368313347052816278519.png | https://euchelperu.com/images/productos/176368313657032200167671.png | https://euchelperu.com/images/productos/176341414788955314444154.jpg | https://euchelperu.com/images/productos/176368315329884150939256.png | https://euchelperu.com/images/productos/176834185867462360450722.jpg
542,VESTIDO ALICE COPA,Vestidos,1681,Vino,1947,Standar,59.0,59.0,,,https://euchelperu.com/images/productos/176368315329884150939256.png | https://euchelperu.com/images/productos/176341414788955314444154.jpg | https://euchelperu.com/images/productos/176368312423494307337391.png | https://euchelperu.com/images/productos/176368313347052816278519.png | https://euchelperu.com/images/productos/176368313657032200167671.png | https://euchelperu.com/images/productos/176834185867462360450722.jpg
542,VESTIDO ALICE COPA,Vestidos,2538,Amarillo,2959,Standard,59.0,59.0,,,https://euchelperu.com/images/productos/176834185867462360450722.jpg | https://euchelperu.com/images/productos/176341414788955314444154.jpg | https://euchelperu.com/images/productos/176368312423494307337391.png | https://euchelperu.com/images/productos/176368313347052816278519.png | https://euchelperu.com/images/productos/176368313657032200167671.png | https://euchelperu.com/images/productos/176368315329884150939256.png
544,VESTIDO ALISON BOBOS,Vestidos,1689,Marrón,1955,Standar,69.0,69.0,,,https://euchelperu.com/images/productos/176341713108247676771913.jpg | https://euchelperu.com/images/productos/176376781639424723564600.png | https://euchelperu.com/images/productos/176376782812530998825223.png | https://euchelperu.com/images/productos/176376784134627645322552.png
544,VESTIDO ALISON BOBOS,Vestidos,1690,Negro,1956,Standar,69.0,69.0,,,https://euchelperu.com/images/productos/176376781639424723564600.png | https://euchelperu.com/images/productos/176341713108247676771913.jpg | https://euchelperu.com/images/productos/176376782812530998825223.png | https://euchelperu.com/images/productos/176376784134627645322552.png
544,VESTIDO ALISON BOBOS,Vestidos,1691,Vino,1957,Standar,69.0,69.0,,,https://euchelperu.com/images/productos/176376782812530998825223.png | https://euchelperu.com/images/productos/176341713108247676771913.jpg | https://euchelperu.com/images/productos/176376781639424723564600.png | https://euchelperu.com/images/productos/176376784134627645322552.png
544,VESTIDO ALISON BOBOS,Vestidos,1692,Blanco,1958,Standar,69.0,69.0,,,https://euchelperu.com/images/productos/176376784134627645322552.png | https://euchelperu.com/images/productos/176341713108247676771913.jpg | https://euchelperu.com/images/productos/176376781639424723564600.png | https://euchelperu.com/images/productos/176376782812530998825223.png
548,VESTIDO ROMA,Vestidos,1700,Rojo,1966,S,75.0,75.0,,,https://euchelperu.com/images/productos/176342087346179124354972.jpg | https://euchelperu.com/images/productos/17635868106187606551740.png
548,VESTIDO ROMA,Vestidos,1700,Rojo,2055,M,75.0,75.0,,,https://euchelperu.com/images/productos/176342087346179124354972.jpg | https://euchelperu.com/images/productos/17635868106187606551740.png
548,VESTIDO ROMA,Vestidos,1701,Blanco,1967,S,75.0,75.0,,,https://euchelperu.com/images/productos/17635868106187606551740.png | https://euchelperu.com/images/productos/176342087346179124354972.jpg
548,VESTIDO ROMA,Vestidos,1701,Blanco,2056,M,75.0,75.0,,,https://euchelperu.com/images/productos/17635868106187606551740.png | https://euchelperu.com/images/productos/176342087346179124354972.jpg
549,VESTIDO ORIANA HILO,Vestidos,1706,Negro,1972,Standar,65.0,65.0,,,https://euchelperu.com/images/productos/176529918432979675958312.jpg | https://euchelperu.com/images/productos/176529908513370510311952.jpg
549,VESTIDO ORIANA HILO,Vestidos,1709,Blanco,1975,Standar,65.0,65.0,,,https://euchelperu.com/images/productos/176529908513370510311952.jpg | https://euchelperu.com/images/productos/176529918432979675958312.jpg
552,VESTIDO LISA,Vestidos,1714,Marrón,1979,Standar,89.0,89.0,,,https://euchelperu.com/images/productos/176342330207433373659640.jpg | https://euchelperu.com/images/productos/176529859394643601549648.jpg | https://euchelperu.com/images/productos/176529860521565502116412.jpg | https://euchelperu.com/images/productos/176591418511958962490580.jpg | https://euchelperu.com/images/productos/176685400248410861572763.jpg | https://euchelperu.com/images/productos/176780948833884562881131.jpg | https://euchelperu.com/images/productos/176780975949968285228441.jpg
552,VESTIDO LISA,Vestidos,1715,Negro,1980,Standar,89.0,89.0,,,https://euchelperu.com/images/productos/176529859394643601549648.jpg | https://euchelperu.com/images/productos/176342330207433373659640.jpg | https://euchelperu.com/images/productos/176529860521565502116412.jpg | https://euchelperu.com/images/productos/176591418511958962490580.jpg | https://euchelperu.com/images/productos/176685400248410861572763.jpg | https://euchelperu.com/images/productos/176780948833884562881131.jpg | https://euchelperu.com/images/productos/176780975949968285228441.jpg
552,VESTIDO LISA,Vestidos,1716,Blanco,1981,Standar,89.0,89.0,,,https://euchelperu.com/images/productos/176529860521565502116412.jpg | https://euchelperu.com/images/productos/176342330207433373659640.jpg | https://euchelperu.com/images/productos/176529859394643601549648.jpg | https://euchelperu.com/images/productos/176591418511958962490580.jpg | https://euchelperu.com/images/productos/176685400248410861572763.jpg | https://euchelperu.com/images/productos/176780948833884562881131.jpg | https://euchelperu.com/images/productos/176780975949968285228441.jpg
552,VESTIDO LISA,Vestidos,2121,Celeste,2688,Standar,89.0,89.0,,,https://euchelperu.com/images/productos/176591418511958962490580.jpg | https://euchelperu.com/images/productos/176342330207433373659640.jpg | https://euchelperu.com/images/productos/176529859394643601549648.jpg | https://euchelperu.com/images/productos/176529860521565502116412.jpg | https://euchelperu.com/images/productos/176685400248410861572763.jpg | https://euchelperu.com/images/productos/176780948833884562881131.jpg | https://euchelperu.com/images/productos/176780975949968285228441.jpg
552,VESTIDO LISA,Vestidos,2287,Rojo,2687,Standar,89.0,89.0,,,https://euchelperu.com/images/productos/176685400248410861572763.jpg | https://euchelperu.com/images/productos/176342330207433373659640.jpg | https://euchelperu.com/images/productos/176529859394643601549648.jpg | https://euchelperu.com/images/productos/176529860521565502116412.jpg | https://euchelperu.com/images/productos/176591418511958962490580.jpg | https://euchelperu.com/images/productos/176780948833884562881131.jpg | https://euchelperu.com/images/productos/176780975949968285228441.jpg
552,VESTIDO LISA,Vestidos,2442,Verde olivo,,,,89.0,,,https://euchelperu.com/images/productos/176780975949968285228441.jpg | https://euchelperu.com/images/productos/176342330207433373659640.jpg | https://euchelperu.com/images/productos/176529859394643601549648.jpg | https://euchelperu.com/images/productos/176529860521565502116412.jpg | https://euchelperu.com/images/productos/176591418511958962490580.jpg | https://euchelperu.com/images/productos/176685400248410861572763.jpg | https://euchelperu.com/images/productos/176780948833884562881131.jpg
552,VESTIDO LISA,Vestidos,2443,Vino,,,,89.0,,,https://euchelperu.com/images/productos/176780948833884562881131.jpg | https://euchelperu.com/images/productos/176342330207433373659640.jpg | https://euchelperu.com/images/productos/176529859394643601549648.jpg | https://euchelperu.com/images/productos/176529860521565502116412.jpg | https://euchelperu.com/images/productos/176591418511958962490580.jpg | https://euchelperu.com/images/productos/176685400248410861572763.jpg | https://euchelperu.com/images/productos/176780975949968285228441.jpg
555,TOP RUBY SATIN,Tops,1728,Rosa,1997,S,50.0,50.0,,,https://euchelperu.com/images/productos/176342511473609896497244.jpg | https://euchelperu.com/images/productos/176530751214348480581654.jpg | https://euchelperu.com/images/productos/176530753497407969419033.jpg | https://euchelperu.com/images/productos/176530756207977426694929.jpg | https://euchelperu.com/images/productos/176530757549738518339815.jpg | https://euchelperu.com/images/productos/17653078296890922198349.jpg
555,TOP RUBY SATIN,Tops,1790,Negro,2063,M,50.0,50.0,,,https://euchelperu.com/images/productos/176530751214348480581654.jpg | https://euchelperu.com/images/productos/176342511473609896497244.jpg | https://euchelperu.com/images/productos/176530753497407969419033.jpg | https://euchelperu.com/images/productos/176530756207977426694929.jpg | https://euchelperu.com/images/productos/176530757549738518339815.jpg | https://euchelperu.com/images/productos/17653078296890922198349.jpg
555,TOP RUBY SATIN,Tops,1791,Marrón,2064,S,50.0,50.0,,,https://euchelperu.com/images/productos/176530753497407969419033.jpg | https://euchelperu.com/images/productos/176342511473609896497244.jpg | https://euchelperu.com/images/productos/176530751214348480581654.jpg | https://euchelperu.com/images/productos/176530756207977426694929.jpg | https://euchelperu.com/images/productos/176530757549738518339815.jpg | https://euchelperu.com/images/productos/17653078296890922198349.jpg
555,TOP RUBY SATIN,Tops,1792,Blanco,2065,S,50.0,50.0,,,https://euchelperu.com/images/productos/176530756207977426694929.jpg | https://euchelperu.com/images/productos/176342511473609896497244.jpg | https://euchelperu.com/images/productos/176530751214348480581654.jpg | https://euchelperu.com/images/productos/176530753497407969419033.jpg | https://euchelperu.com/images/productos/176530757549738518339815.jpg | https://euchelperu.com/images/productos/17653078296890922198349.jpg
555,TOP RUBY SATIN,Tops,1792,Blanco,2066,M,50.0,50.0,,,https://euchelperu.com/images/productos/176530756207977426694929.jpg | https://euchelperu.com/images/productos/176342511473609896497244.jpg | https://euchelperu.com/images/productos/176530751214348480581654.jpg | https://euchelperu.com/images/productos/176530753497407969419033.jpg | https://euchelperu.com/images/productos/176530757549738518339815.jpg | https://euchelperu.com/images/productos/17653078296890922198349.jpg
555,TOP RUBY SATIN,Tops,1793,Rojo,2067,S,50.0,50.0,,,https://euchelperu.com/images/productos/176530757549738518339815.jpg | https://euchelperu.com/images/productos/176342511473609896497244.jpg | https://euchelperu.com/images/productos/176530751214348480581654.jpg | https://euchelperu.com/images/productos/176530753497407969419033.jpg | https://euchelperu.com/images/productos/176530756207977426694929.jpg | https://euchelperu.com/images/productos/17653078296890922198349.jpg
555,TOP RUBY SATIN,Tops,1794,Beige,2068,S,50.0,50.0,,,https://euchelperu.com/images/productos/17653078296890922198349.jpg | https://euchelperu.com/images/productos/176342511473609896497244.jpg | https://euchelperu.com/images/productos/176530751214348480581654.jpg | https://euchelperu.com/images/productos/176530753497407969419033.jpg | https://euchelperu.com/images/productos/176530756207977426694929.jpg | https://euchelperu.com/images/productos/176530757549738518339815.jpg
555,TOP RUBY SATIN,Tops,1794,Beige,2069,M,50.0,50.0,,,https://euchelperu.com/images/productos/17653078296890922198349.jpg | https://euchelperu.com/images/productos/176342511473609896497244.jpg | https://euchelperu.com/images/productos/176530751214348480581654.jpg | https://euchelperu.com/images/productos/176530753497407969419033.jpg | https://euchelperu.com/images/productos/176530756207977426694929.jpg | https://euchelperu.com/images/productos/176530757549738518339815.jpg
556,BLUSA MANGA CORTA CORSET,Blusas,1729,Celeste,1998,Standar,55.0,55.0,,,https://euchelperu.com/images/productos/17634254719204028028507.jpg
556,BLUSA MANGA CORTA CORSET,Blusas,1730,Negro,1999,Standar,55.0,55.0,,,https://euchelperu.com/images/productos/17634254719204028028507.jpg
556,BLUSA MANGA CORTA CORSET,Blusas,1731,Blanco,2000,Standar,55.0,55.0,,,https://euchelperu.com/images/productos/17634254719204028028507.jpg
556,BLUSA MANGA CORTA CORSET,Blusas,2008,Beige,2341,Standard,55.0,55.0,,,https://euchelperu.com/images/productos/17634254719204028028507.jpg
556,BLUSA MANGA CORTA CORSET,Blusas,2009,rojo,2342,Standard,55.0,55.0,,,https://euchelperu.com/images/productos/17634254719204028028507.jpg
559,TOP MELANY BUFANDA,Tops,1739,Acero,2008,Standar,39.0,39.0,,,https://euchelperu.com/images/productos/176342675074728113215544.jpg | https://euchelperu.com/images/productos/176530705386677558972514.jpg | https://euchelperu.com/images/productos/176530719787033768020574.jpg | https://euchelperu.com/images/productos/176530724256303869416092.jpg
559,TOP MELANY BUFANDA,Tops,1740,Negro,2009,Standar,39.0,39.0,,,https://euchelperu.com/images/productos/176530705386677558972514.jpg | https://euchelperu.com/images/productos/176342675074728113215544.jpg | https://euchelperu.com/images/productos/176530719787033768020574.jpg | https://euchelperu.com/images/productos/176530724256303869416092.jpg
559,TOP MELANY BUFANDA,Tops,1741,Blanco,2010,Standar,39.0,39.0,,,https://euchelperu.com/images/productos/176530719787033768020574.jpg | https://euchelperu.com/images/productos/176342675074728113215544.jpg | https://euchelperu.com/images/productos/176530705386677558972514.jpg | https://euchelperu.com/images/productos/176530724256303869416092.jpg
559,TOP MELANY BUFANDA,Tops,1742,Amarillo,2011,Standar,39.0,39.0,,,https://euchelperu.com/images/productos/176530724256303869416092.jpg | https://euchelperu.com/images/productos/176342675074728113215544.jpg | https://euchelperu.com/images/productos/176530705386677558972514.jpg | https://euchelperu.com/images/productos/176530719787033768020574.jpg
559,TOP MELANY BUFANDA,Tops,1743,Verde Olivo,2012,Standar,39.0,39.0,,,https://euchelperu.com/images/productos/176342675074728113215544.jpg | https://euchelperu.com/images/productos/176530705386677558972514.jpg | https://euchelperu.com/images/productos/176530719787033768020574.jpg | https://euchelperu.com/images/productos/176530724256303869416092.jpg
560,VESTIDO LILY SHINE ARO,Vestidos,1744,Dorado,2013,Standar,75.0,75.0,,,https://euchelperu.com/images/productos/176342718311067701375080.jpg | https://euchelperu.com/images/productos/17652979992876790073450.jpg | https://euchelperu.com/images/productos/176529805018220338970858.jpg | https://euchelperu.com/images/productos/176653970475315309576895.jpg
560,VESTIDO LILY SHINE ARO,Vestidos,1745,Negro,2014,Standar,75.0,75.0,,,https://euchelperu.com/images/productos/176529805018220338970858.jpg | https://euchelperu.com/images/productos/176342718311067701375080.jpg | https://euchelperu.com/images/productos/17652979992876790073450.jpg | https://euchelperu.com/images/productos/176653970475315309576895.jpg
560,VESTIDO LILY SHINE ARO,Vestidos,1746,Plateado,2015,Standar,75.0,75.0,,,https://euchelperu.com/images/productos/17652979992876790073450.jpg | https://euchelperu.com/images/productos/176342718311067701375080.jpg | https://euchelperu.com/images/productos/176529805018220338970858.jpg | https://euchelperu.com/images/productos/176653970475315309576895.jpg
560,VESTIDO LILY SHINE ARO,Vestidos,1747,Rojo,2016,Standar,75.0,75.0,,,https://euchelperu.com/images/productos/176342718311067701375080.jpg | https://euchelperu.com/images/productos/17652979992876790073450.jpg | https://euchelperu.com/images/productos/176529805018220338970858.jpg | https://euchelperu.com/images/productos/176653970475315309576895.jpg
560,VESTIDO LILY SHINE ARO,Vestidos,2232,Celeste,2621,Standar,79.0,75.0,,,https://euchelperu.com/images/productos/176653970475315309576895.jpg | https://euchelperu.com/images/productos/176342718311067701375080.jpg | https://euchelperu.com/images/productos/17652979992876790073450.jpg | https://euchelperu.com/images/productos/176529805018220338970858.jpg
561,MINI VESTIDO LUA,Vestidos,1748,Azul,2017,Standar,59.0,59.0,,,https://euchelperu.com/images/productos/17634275889835928161152.jpg | https://euchelperu.com/images/productos/176529749736577191231182.jpg | https://euchelperu.com/images/productos/176529754489581729891198.jpg | https://euchelperu.com/images/productos/176529758428927679461104.jpg | https://euchelperu.com/images/productos/176529762276368832017304.jpg
561,MINI VESTIDO LUA,Vestidos,1749,Vino,2018,Standar,59.0,59.0,,,https://euchelperu.com/images/productos/176529749736577191231182.jpg | https://euchelperu.com/images/productos/17634275889835928161152.jpg | https://euchelperu.com/images/productos/176529754489581729891198.jpg | https://euchelperu.com/images/productos/176529758428927679461104.jpg | https://euchelperu.com/images/productos/176529762276368832017304.jpg
561,MINI VESTIDO LUA,Vestidos,1750,Verde,2019,Standar,59.0,59.0,,,https://euchelperu.com/images/productos/176529762276368832017304.jpg | https://euchelperu.com/images/productos/17634275889835928161152.jpg | https://euchelperu.com/images/productos/176529749736577191231182.jpg | https://euchelperu.com/images/productos/176529754489581729891198.jpg | https://euchelperu.com/images/productos/176529758428927679461104.jpg
561,MINI VESTIDO LUA,Vestidos,1751,Blanco,2020,Standar,59.0,59.0,,,https://euchelperu.com/images/productos/176529754489581729891198.jpg | https://euchelperu.com/images/productos/17634275889835928161152.jpg | https://euchelperu.com/images/productos/176529749736577191231182.jpg | https://euchelperu.com/images/productos/176529758428927679461104.jpg | https://euchelperu.com/images/productos/176529762276368832017304.jpg
561,MINI VESTIDO LUA,Vestidos,1752,Negro,2021,Standar,59.0,59.0,,,https://euchelperu.com/images/productos/176529758428927679461104.jpg | https://euchelperu.com/images/productos/17634275889835928161152.jpg | https://euchelperu.com/images/productos/176529749736577191231182.jpg | https://euchelperu.com/images/productos/176529754489581729891198.jpg | https://euchelperu.com/images/productos/176529762276368832017304.jpg
566,TOP LALY ENCAJE,Tops,1769,Rosado,2038,Standar,45.0,45.0,,,https://euchelperu.com/images/productos/176348394325810339913158.jpg | https://euchelperu.com/images/productos/176374707496803670559899.jpg | https://euchelperu.com/images/productos/176374753768135625875184.jpg | https://euchelperu.com/images/productos/176374779672610639254745.jpg | https://euchelperu.com/images/productos/17654791398861495304472.jpg | https://euchelperu.com/images/productos/17654793576497334603438.jpg
566,TOP LALY ENCAJE,Tops,1800,Negro,2075,Standar,45.0,45.0,,,https://euchelperu.com/images/productos/176374707496803670559899.jpg | https://euchelperu.com/images/productos/176348394325810339913158.jpg | https://euchelperu.com/images/productos/176374753768135625875184.jpg | https://euchelperu.com/images/productos/176374779672610639254745.jpg | https://euchelperu.com/images/productos/17654791398861495304472.jpg | https://euchelperu.com/images/productos/17654793576497334603438.jpg
566,TOP LALY ENCAJE,Tops,1801,Marrón,2076,Standar,45.0,45.0,,,https://euchelperu.com/images/productos/17654791398861495304472.jpg | https://euchelperu.com/images/productos/176348394325810339913158.jpg | https://euchelperu.com/images/productos/176374707496803670559899.jpg | https://euchelperu.com/images/productos/176374753768135625875184.jpg | https://euchelperu.com/images/productos/176374779672610639254745.jpg | https://euchelperu.com/images/productos/17654793576497334603438.jpg
566,TOP LALY ENCAJE,Tops,1802,Rojo,2077,Standar,45.0,45.0,,,https://euchelperu.com/images/productos/176374779672610639254745.jpg | https://euchelperu.com/images/productos/176348394325810339913158.jpg | https://euchelperu.com/images/productos/176374707496803670559899.jpg | https://euchelperu.com/images/productos/176374753768135625875184.jpg | https://euchelperu.com/images/productos/17654791398861495304472.jpg | https://euchelperu.com/images/productos/17654793576497334603438.jpg
566,TOP LALY ENCAJE,Tops,1803,Amarillo,2078,Standar,45.0,45.0,,,https://euchelperu.com/images/productos/17654793576497334603438.jpg | https://euchelperu.com/images/productos/176348394325810339913158.jpg | https://euchelperu.com/images/productos/176374707496803670559899.jpg | https://euchelperu.com/images/productos/176374753768135625875184.jpg | https://euchelperu.com/images/productos/176374779672610639254745.jpg | https://euchelperu.com/images/productos/17654791398861495304472.jpg
566,TOP LALY ENCAJE,Tops,1804,Blanco,2079,Standar,45.0,45.0,,,https://euchelperu.com/images/productos/176374753768135625875184.jpg | https://euchelperu.com/images/productos/176348394325810339913158.jpg | https://euchelperu.com/images/productos/176374707496803670559899.jpg | https://euchelperu.com/images/productos/176374779672610639254745.jpg | https://euchelperu.com/images/productos/17654791398861495304472.jpg | https://euchelperu.com/images/productos/17654793576497334603438.jpg
569,STRAPLESS SOF ENCAJE,Tops,1772,Rosado,2091,Standar,29.0,29.0,,,https://euchelperu.com/images/productos/176348434418820625617831.jpg | https://euchelperu.com/images/productos/176374452314775153924207.jpg | https://euchelperu.com/images/productos/17637446082127017874300.jpg | https://euchelperu.com/images/productos/17637448771458010752811.jpg | https://euchelperu.com/images/productos/176374489101374772161217.jpg | https://euchelperu.com/images/productos/176374494524587804471478.jpg
569,STRAPLESS SOF ENCAJE,Tops,1815,Negro,2092,Standar,29.0,29.0,,,https://euchelperu.com/images/productos/176374452314775153924207.jpg | https://euchelperu.com/images/productos/176348434418820625617831.jpg | https://euchelperu.com/images/productos/17637446082127017874300.jpg | https://euchelperu.com/images/productos/17637448771458010752811.jpg | https://euchelperu.com/images/productos/176374489101374772161217.jpg | https://euchelperu.com/images/productos/176374494524587804471478.jpg
569,STRAPLESS SOF ENCAJE,Tops,1816,Vino,2093,Standar,29.0,29.0,,,https://euchelperu.com/images/productos/17637446082127017874300.jpg | https://euchelperu.com/images/productos/176348434418820625617831.jpg | https://euchelperu.com/images/productos/176374452314775153924207.jpg | https://euchelperu.com/images/productos/17637448771458010752811.jpg | https://euchelperu.com/images/productos/176374489101374772161217.jpg | https://euchelperu.com/images/productos/176374494524587804471478.jpg
569,STRAPLESS SOF ENCAJE,Tops,1817,Blanco,2094,Standar,29.0,29.0,,,https://euchelperu.com/images/productos/176374489101374772161217.jpg | https://euchelperu.com/images/productos/176348434418820625617831.jpg | https://euchelperu.com/images/productos/176374452314775153924207.jpg | https://euchelperu.com/images/productos/17637446082127017874300.jpg | https://euchelperu.com/images/productos/17637448771458010752811.jpg | https://euchelperu.com/images/productos/176374494524587804471478.jpg
569,STRAPLESS SOF ENCAJE,Tops,1818,Crema,2095,Standar,29.0,29.0,,,https://euchelperu.com/images/productos/17637448771458010752811.jpg | https://euchelperu.com/images/productos/176348434418820625617831.jpg | https://euchelperu.com/images/productos/176374452314775153924207.jpg | https://euchelperu.com/images/productos/17637446082127017874300.jpg | https://euchelperu.com/images/productos/176374489101374772161217.jpg | https://euchelperu.com/images/productos/176374494524587804471478.jpg
569,STRAPLESS SOF ENCAJE,Tops,1819,Celeste,2096,Standar,29.0,29.0,,,https://euchelperu.com/images/productos/176374494524587804471478.jpg | https://euchelperu.com/images/productos/176348434418820625617831.jpg | https://euchelperu.com/images/productos/176374452314775153924207.jpg | https://euchelperu.com/images/productos/17637446082127017874300.jpg | https://euchelperu.com/images/productos/17637448771458010752811.jpg | https://euchelperu.com/images/productos/176374489101374772161217.jpg
570,TOP PAULA SHINE,Tops,1773,Animal Print,2097,Standar,45.0,45.0,,,https://euchelperu.com/images/productos/176348548326461714378955.jpg | https://euchelperu.com/images/productos/176374505782875219310701.jpg | https://euchelperu.com/images/productos/176374511282547971356048.jpg | https://euchelperu.com/images/productos/176530657526628857791939.jpg
570,TOP PAULA SHINE,Tops,1820,Negro,2098,Standar,45.0,45.0,,,https://euchelperu.com/images/productos/176374505782875219310701.jpg | https://euchelperu.com/images/productos/176348548326461714378955.jpg | https://euchelperu.com/images/productos/176374511282547971356048.jpg | https://euchelperu.com/images/productos/176530657526628857791939.jpg
570,TOP PAULA SHINE,Tops,1821,Blanco,2099,Standar,45.0,45.0,,,https://euchelperu.com/images/productos/176374511282547971356048.jpg | https://euchelperu.com/images/productos/176348548326461714378955.jpg | https://euchelperu.com/images/productos/176374505782875219310701.jpg | https://euchelperu.com/images/productos/176530657526628857791939.jpg
570,TOP PAULA SHINE,Tops,1822,Amarillo,2100,Standar,45.0,45.0,,,https://euchelperu.com/images/productos/176530657526628857791939.jpg | https://euchelperu.com/images/productos/176348548326461714378955.jpg | https://euchelperu.com/images/productos/176374505782875219310701.jpg | https://euchelperu.com/images/productos/176374511282547971356048.jpg
570,TOP PAULA SHINE,Tops,1823,Rojo,2101,Standar,45.0,45.0,,,https://euchelperu.com/images/productos/176348548326461714378955.jpg | https://euchelperu.com/images/productos/176374505782875219310701.jpg | https://euchelperu.com/images/productos/176374511282547971356048.jpg | https://euchelperu.com/images/productos/176530657526628857791939.jpg
570,TOP PAULA SHINE,Tops,1824,Blanco c/ puntos,2102,Standar,45.0,45.0,,,https://euchelperu.com/images/productos/176348548326461714378955.jpg | https://euchelperu.com/images/productos/176374505782875219310701.jpg | https://euchelperu.com/images/productos/176374511282547971356048.jpg | https://euchelperu.com/images/productos/176530657526628857791939.jpg
570,TOP PAULA SHINE,Tops,1825,Negro c/ puntos,2103,Standar,45.0,45.0,,,https://euchelperu.com/images/productos/176348548326461714378955.jpg | https://euchelperu.com/images/productos/176374505782875219310701.jpg | https://euchelperu.com/images/productos/176374511282547971356048.jpg | https://euchelperu.com/images/productos/176530657526628857791939.jpg
574,VESTIDO ALONDRA VARILLA,Vestidos,1777,Azul marino,2122,Standard,120.0,120.0,,,https://euchelperu.com/images/productos/176348671975882808943011.jpg | https://euchelperu.com/images/productos/17652947514863625456231.jpg | https://euchelperu.com/images/productos/176529484542436262095298.jpg | https://euchelperu.com/images/productos/176529490688886289046737.jpg
574,VESTIDO ALONDRA VARILLA,Vestidos,1841,Negro,2123,Standard,120.0,120.0,,,https://euchelperu.com/images/productos/17652947514863625456231.jpg | https://euchelperu.com/images/productos/176348671975882808943011.jpg | https://euchelperu.com/images/productos/176529484542436262095298.jpg | https://euchelperu.com/images/productos/176529490688886289046737.jpg
574,VESTIDO ALONDRA VARILLA,Vestidos,1842,Verde,2124,Standard,120.0,120.0,,,https://euchelperu.com/images/productos/176529490688886289046737.jpg | https://euchelperu.com/images/productos/176348671975882808943011.jpg | https://euchelperu.com/images/productos/17652947514863625456231.jpg | https://euchelperu.com/images/productos/176529484542436262095298.jpg
574,VESTIDO ALONDRA VARILLA,Vestidos,1843,Vino,2125,Standard,120.0,120.0,,,https://euchelperu.com/images/productos/176529484542436262095298.jpg | https://euchelperu.com/images/productos/176348671975882808943011.jpg | https://euchelperu.com/images/productos/17652947514863625456231.jpg | https://euchelperu.com/images/productos/176529490688886289046737.jpg
574,VESTIDO ALONDRA VARILLA,Vestidos,2010,Rosado,2343,Standard,120.0,120.0,,,https://euchelperu.com/images/productos/176348671975882808943011.jpg | https://euchelperu.com/images/productos/17652947514863625456231.jpg | https://euchelperu.com/images/productos/176529484542436262095298.jpg | https://euchelperu.com/images/productos/176529490688886289046737.jpg
575,VESTIDO NADIA CORSET,Vestidos,1778,Blanco,2047,Standar,99.0,99.0,,,https://euchelperu.com/images/productos/176348705566885866568966.jpg | https://euchelperu.com/images/productos/17652968461219587114945.jpg
575,VESTIDO NADIA CORSET,Vestidos,1852,Negro,2136,Standar,99.0,99.0,,,
577,VESTIDO OLENKA BUFANDA,Vestidos,1780,Blanco,2051,Standar,59.0,59.0,,,https://euchelperu.com/images/productos/176348798496228401411350.jpg
577,VESTIDO OLENKA BUFANDA,Vestidos,1782,Negro,2052,Standar,59.0,59.0,,,https://euchelperu.com/images/productos/176348798496228401411350.jpg
577,VESTIDO OLENKA BUFANDA,Vestidos,1783,Marrón,2053,Standar,59.0,59.0,,,https://euchelperu.com/images/productos/176348798496228401411350.jpg
577,VESTIDO OLENKA BUFANDA,Vestidos,1784,Vino,2054,Standar,59.0,59.0,,,https://euchelperu.com/images/productos/176348798496228401411350.jpg
579,FALDA SHORT LILY ENCAJE,Faldas,1854,Negro,2138,S,69.0,69.0,,,https://euchelperu.com/images/productos/176402312161733765911480.png | https://euchelperu.com/images/productos/176402337788929707619970.png | https://euchelperu.com/images/productos/17641181082511459617686.jpg
579,FALDA SHORT LILY ENCAJE,Faldas,1854,Negro,2139,M,69.0,69.0,,,https://euchelperu.com/images/productos/176402312161733765911480.png | https://euchelperu.com/images/productos/176402337788929707619970.png | https://euchelperu.com/images/productos/17641181082511459617686.jpg
579,FALDA SHORT LILY ENCAJE,Faldas,1855,Blanco,2140,S,69.0,69.0,,,https://euchelperu.com/images/productos/17641181082511459617686.jpg | https://euchelperu.com/images/productos/176402312161733765911480.png | https://euchelperu.com/images/productos/176402337788929707619970.png
579,FALDA SHORT LILY ENCAJE,Faldas,1855,Blanco,2141,M,69.0,69.0,,,https://euchelperu.com/images/productos/17641181082511459617686.jpg | https://euchelperu.com/images/productos/176402312161733765911480.png | https://euchelperu.com/images/productos/176402337788929707619970.png
579,FALDA SHORT LILY ENCAJE,Faldas,1856,Amarillo,2142,S,69.0,69.0,,,https://euchelperu.com/images/productos/176402337788929707619970.png | https://euchelperu.com/images/productos/176402312161733765911480.png | https://euchelperu.com/images/productos/17641181082511459617686.jpg
580,PAÑOLETAS,Tops,1857,Diseño 1,2143,único,29.0,29.0,,,https://euchelperu.com/images/productos/17640288768272427313698.jpg | https://euchelperu.com/images/productos/176402892155321959457540.jpg | https://euchelperu.com/images/productos/176402903084266937148956.jpg | https://euchelperu.com/images/productos/176851331994082775381505.jpg | https://euchelperu.com/images/productos/17685133326204856423794.jpg | https://euchelperu.com/images/productos/176851338447725978220452.jpg | https://euchelperu.com/images/productos/1768513415099160451265.jpg | https://euchelperu.com/images/productos/176851342747937486112145.jpg
580,PAÑOLETAS,Tops,1858,Diseño 2,2144,único,29.0,29.0,,,https://euchelperu.com/images/productos/176402892155321959457540.jpg | https://euchelperu.com/images/productos/17640288768272427313698.jpg | https://euchelperu.com/images/productos/176402903084266937148956.jpg | https://euchelperu.com/images/productos/176851331994082775381505.jpg | https://euchelperu.com/images/productos/17685133326204856423794.jpg | https://euchelperu.com/images/productos/176851338447725978220452.jpg | https://euchelperu.com/images/productos/1768513415099160451265.jpg | https://euchelperu.com/images/productos/176851342747937486112145.jpg
580,PAÑOLETAS,Tops,1860,Diseño 3,2145,único,29.0,29.0,,,https://euchelperu.com/images/productos/176402903084266937148956.jpg | https://euchelperu.com/images/productos/17640288768272427313698.jpg | https://euchelperu.com/images/productos/176402892155321959457540.jpg | https://euchelperu.com/images/productos/176851331994082775381505.jpg | https://euchelperu.com/images/productos/17685133326204856423794.jpg | https://euchelperu.com/images/productos/176851338447725978220452.jpg | https://euchelperu.com/images/productos/1768513415099160451265.jpg | https://euchelperu.com/images/productos/176851342747937486112145.jpg
580,PAÑOLETAS,Tops,1861,Diseño 4,2146,único,29.0,29.0,,,https://euchelperu.com/images/productos/176851331994082775381505.jpg | https://euchelperu.com/images/productos/17640288768272427313698.jpg | https://euchelperu.com/images/productos/176402892155321959457540.jpg | https://euchelperu.com/images/productos/176402903084266937148956.jpg | https://euchelperu.com/images/productos/17685133326204856423794.jpg | https://euchelperu.com/images/productos/176851338447725978220452.jpg | https://euchelperu.com/images/productos/1768513415099160451265.jpg | https://euchelperu.com/images/productos/176851342747937486112145.jpg
580,PAÑOLETAS,Tops,1862,Diseño 5,2147,único,29.0,29.0,,,https://euchelperu.com/images/productos/17685133326204856423794.jpg | https://euchelperu.com/images/productos/17640288768272427313698.jpg | https://euchelperu.com/images/productos/176402892155321959457540.jpg | https://euchelperu.com/images/productos/176402903084266937148956.jpg | https://euchelperu.com/images/productos/176851331994082775381505.jpg | https://euchelperu.com/images/productos/176851338447725978220452.jpg | https://euchelperu.com/images/productos/1768513415099160451265.jpg | https://euchelperu.com/images/productos/176851342747937486112145.jpg
580,PAÑOLETAS,Tops,1863,Diseño 6,2148,único,29.0,29.0,,,https://euchelperu.com/images/productos/176851338447725978220452.jpg | https://euchelperu.com/images/productos/17640288768272427313698.jpg | https://euchelperu.com/images/productos/176402892155321959457540.jpg | https://euchelperu.com/images/productos/176402903084266937148956.jpg | https://euchelperu.com/images/productos/176851331994082775381505.jpg | https://euchelperu.com/images/productos/17685133326204856423794.jpg | https://euchelperu.com/images/productos/1768513415099160451265.jpg | https://euchelperu.com/images/productos/176851342747937486112145.jpg
580,PAÑOLETAS,Tops,1864,Diseño 7,2149,único,29.0,29.0,,,https://euchelperu.com/images/productos/1768513415099160451265.jpg | https://euchelperu.com/images/productos/17640288768272427313698.jpg | https://euchelperu.com/images/productos/176402892155321959457540.jpg | https://euchelperu.com/images/productos/176402903084266937148956.jpg | https://euchelperu.com/images/productos/176851331994082775381505.jpg | https://euchelperu.com/images/productos/17685133326204856423794.jpg | https://euchelperu.com/images/productos/176851338447725978220452.jpg | https://euchelperu.com/images/productos/176851342747937486112145.jpg
580,PAÑOLETAS,Tops,1865,Diseño 8,2150,único,29.0,29.0,,,https://euchelperu.com/images/productos/176851342747937486112145.jpg | https://euchelperu.com/images/productos/17640288768272427313698.jpg | https://euchelperu.com/images/productos/176402892155321959457540.jpg | https://euchelperu.com/images/productos/176402903084266937148956.jpg | https://euchelperu.com/images/productos/176851331994082775381505.jpg | https://euchelperu.com/images/productos/17685133326204856423794.jpg | https://euchelperu.com/images/productos/176851338447725978220452.jpg | https://euchelperu.com/images/productos/1768513415099160451265.jpg
580,PAÑOLETAS,Tops,1866,Diseño 9,2151,único,29.0,29.0,,,https://euchelperu.com/images/productos/17640288768272427313698.jpg | https://euchelperu.com/images/productos/176402892155321959457540.jpg | https://euchelperu.com/images/productos/176402903084266937148956.jpg | https://euchelperu.com/images/productos/176851331994082775381505.jpg | https://euchelperu.com/images/productos/17685133326204856423794.jpg | https://euchelperu.com/images/productos/176851338447725978220452.jpg | https://euchelperu.com/images/productos/1768513415099160451265.jpg | https://euchelperu.com/images/productos/176851342747937486112145.jpg
580,PAÑOLETAS,Tops,1867,Diseño 10,2152,único,29.0,29.0,,,https://euchelperu.com/images/productos/17640288768272427313698.jpg | https://euchelperu.com/images/productos/176402892155321959457540.jpg | https://euchelperu.com/images/productos/176402903084266937148956.jpg | https://euchelperu.com/images/productos/176851331994082775381505.jpg | https://euchelperu.com/images/productos/17685133326204856423794.jpg | https://euchelperu.com/images/productos/176851338447725978220452.jpg | https://euchelperu.com/images/productos/1768513415099160451265.jpg | https://euchelperu.com/images/productos/176851342747937486112145.jpg
581,SET DE PULSERAS SUMMER,Accesorios,1868,Diseño 1,2153,único,15.0,15.0,,,https://euchelperu.com/images/productos/176403266945986371039596.jpg
581,SET DE PULSERAS SUMMER,Accesorios,1869,Diseño 2,2154,único,15.0,15.0,,,https://euchelperu.com/images/productos/176403266945986371039596.jpg
583,VESTIDO FLOR BROCHE,Vestidos,1872,Blanco,2157,XS,89.0,89.0,,,https://euchelperu.com/images/productos/176403372272424904354838.jpg | https://euchelperu.com/images/productos/176412149909921634146791.png | https://euchelperu.com/images/productos/176418441168154996565521.jpg | https://euchelperu.com/images/productos/17641846061390292956118.jpg
583,VESTIDO FLOR BROCHE,Vestidos,1872,Blanco,2158,S,89.0,89.0,,,https://euchelperu.com/images/productos/176403372272424904354838.jpg | https://euchelperu.com/images/productos/176412149909921634146791.png | https://euchelperu.com/images/productos/176418441168154996565521.jpg | https://euchelperu.com/images/productos/17641846061390292956118.jpg
583,VESTIDO FLOR BROCHE,Vestidos,1873,Amarillo,2159,XS,89.0,89.0,,,https://euchelperu.com/images/productos/176418441168154996565521.jpg | https://euchelperu.com/images/productos/176403372272424904354838.jpg | https://euchelperu.com/images/productos/176412149909921634146791.png | https://euchelperu.com/images/productos/17641846061390292956118.jpg
583,VESTIDO FLOR BROCHE,Vestidos,1874,Beige,2160,XS,89.0,89.0,,,https://euchelperu.com/images/productos/176412149909921634146791.png | https://euchelperu.com/images/productos/176403372272424904354838.jpg | https://euchelperu.com/images/productos/176418441168154996565521.jpg | https://euchelperu.com/images/productos/17641846061390292956118.jpg
583,VESTIDO FLOR BROCHE,Vestidos,1875,Negro,2161,XS,89.0,89.0,,,https://euchelperu.com/images/productos/17641846061390292956118.jpg | https://euchelperu.com/images/productos/176403372272424904354838.jpg | https://euchelperu.com/images/productos/176412149909921634146791.png | https://euchelperu.com/images/productos/176418441168154996565521.jpg
584,VESTDO FLAVIA SHINE,Vestidos,1876,Beige,2162,XS,79.0,79.0,,,https://euchelperu.com/images/productos/176403429216314713079090.jpg
584,VESTDO FLAVIA SHINE,Vestidos,1876,Beige,2163,S,79.0,79.0,,,https://euchelperu.com/images/productos/176403429216314713079090.jpg
586,TOP FLOR TUL,Tops,1880,Amarillo,2167,S,45.0,45.0,,,https://euchelperu.com/images/productos/176403498367008392623759.jpg
587,VESTIDO ANNIA BOBOS,Vestidos,1881,Blanco,2168,XS,89.0,89.0,,,https://euchelperu.com/images/productos/17640902158875940089464.jpg | https://euchelperu.com/images/productos/176419819961904751749340.png
587,VESTIDO ANNIA BOBOS,Vestidos,1897,Rojo,2188,XS,89.0,89.0,,,https://euchelperu.com/images/productos/176419819961904751749340.png | https://euchelperu.com/images/productos/17640902158875940089464.jpg
588,SET MAYRA SHINE,Set,1882,Beige,2169,XS,99.0,99.0,,,https://euchelperu.com/images/productos/17640909103638223547671.jpg
589,VESTIDO MIRANDA ENCAJE,Vestidos,1883,Nude,2170,S,99.0,99.0,,,https://euchelperu.com/images/productos/176409169015779892065979.jpg | https://euchelperu.com/images/productos/17691219222280555282138.png | https://euchelperu.com/images/productos/176912213071414973436167.png | https://euchelperu.com/images/productos/176912271445818883685355.png | https://euchelperu.com/images/productos/176912281001555638162182.jpg
589,VESTIDO MIRANDA ENCAJE,Vestidos,1883,Nude,2186,M,99.0,99.0,,,https://euchelperu.com/images/productos/176409169015779892065979.jpg | https://euchelperu.com/images/productos/17691219222280555282138.png | https://euchelperu.com/images/productos/176912213071414973436167.png | https://euchelperu.com/images/productos/176912271445818883685355.png | https://euchelperu.com/images/productos/176912281001555638162182.jpg
589,VESTIDO MIRANDA ENCAJE,Vestidos,2607,Amarillo,3031,S,99.0,99.0,,,https://euchelperu.com/images/productos/17691219222280555282138.png | https://euchelperu.com/images/productos/176409169015779892065979.jpg | https://euchelperu.com/images/productos/176912213071414973436167.png | https://euchelperu.com/images/productos/176912271445818883685355.png | https://euchelperu.com/images/productos/176912281001555638162182.jpg
589,VESTIDO MIRANDA ENCAJE,Vestidos,2607,Amarillo,3032,M,99.0,99.0,,,https://euchelperu.com/images/productos/17691219222280555282138.png | https://euchelperu.com/images/productos/176409169015779892065979.jpg | https://euchelperu.com/images/productos/176912213071414973436167.png | https://euchelperu.com/images/productos/176912271445818883685355.png | https://euchelperu.com/images/productos/176912281001555638162182.jpg
589,VESTIDO MIRANDA ENCAJE,Vestidos,2608,Negro,3033,S,99.0,99.0,,,https://euchelperu.com/images/productos/176912213071414973436167.png | https://euchelperu.com/images/productos/176409169015779892065979.jpg | https://euchelperu.com/images/productos/17691219222280555282138.png | https://euchelperu.com/images/productos/176912271445818883685355.png | https://euchelperu.com/images/productos/176912281001555638162182.jpg
589,VESTIDO MIRANDA ENCAJE,Vestidos,2608,Negro,3034,M,99.0,99.0,,,https://euchelperu.com/images/productos/176912213071414973436167.png | https://euchelperu.com/images/productos/176409169015779892065979.jpg | https://euchelperu.com/images/productos/17691219222280555282138.png | https://euchelperu.com/images/productos/176912271445818883685355.png | https://euchelperu.com/images/productos/176912281001555638162182.jpg
589,VESTIDO MIRANDA ENCAJE,Vestidos,2609,Vino,3035,S,99.0,99.0,,,https://euchelperu.com/images/productos/176912271445818883685355.png | https://euchelperu.com/images/productos/176409169015779892065979.jpg | https://euchelperu.com/images/productos/17691219222280555282138.png | https://euchelperu.com/images/productos/176912213071414973436167.png | https://euchelperu.com/images/productos/176912281001555638162182.jpg
589,VESTIDO MIRANDA ENCAJE,Vestidos,2609,Vino,3036,M,99.0,99.0,,,https://euchelperu.com/images/productos/176912271445818883685355.png | https://euchelperu.com/images/productos/176409169015779892065979.jpg | https://euchelperu.com/images/productos/17691219222280555282138.png | https://euchelperu.com/images/productos/176912213071414973436167.png | https://euchelperu.com/images/productos/176912281001555638162182.jpg
589,VESTIDO MIRANDA ENCAJE,Vestidos,2610,Marron,3037,S,99.0,99.0,,,https://euchelperu.com/images/productos/176912281001555638162182.jpg | https://euchelperu.com/images/productos/176409169015779892065979.jpg | https://euchelperu.com/images/productos/17691219222280555282138.png | https://euchelperu.com/images/productos/176912213071414973436167.png | https://euchelperu.com/images/productos/176912271445818883685355.png
589,VESTIDO MIRANDA ENCAJE,Vestidos,2610,Marron,3038,M,99.0,99.0,,,https://euchelperu.com/images/productos/176912281001555638162182.jpg | https://euchelperu.com/images/productos/176409169015779892065979.jpg | https://euchelperu.com/images/productos/17691219222280555282138.png | https://euchelperu.com/images/productos/176912213071414973436167.png | https://euchelperu.com/images/productos/176912271445818883685355.png
591,MINI VESTIDO SHAKY LENTEJUELAS,Vestidos,1885,Dorado,2172,S,89.0,89.0,,,https://euchelperu.com/images/productos/17640924274670733671408.jpg
591,MINI VESTIDO SHAKY LENTEJUELAS,Vestidos,1885,Dorado,2183,M,89.0,89.0,,,https://euchelperu.com/images/productos/17640924274670733671408.jpg
595,TOP BUTTERFLY,Tops,1889,Amarillo,2176,S,45.0,45.0,,,https://euchelperu.com/images/productos/176409488677525621318650.jpg | https://euchelperu.com/images/productos/177411988769199151215252.jpg
595,TOP BUTTERFLY,Tops,3083,Rojo,,,,45.0,,,https://euchelperu.com/images/productos/177411988769199151215252.jpg | https://euchelperu.com/images/productos/176409488677525621318650.jpg
596,TOP SHAKY LENTEJUELAS,Tops,1890,Dorado,2177,S,59.0,59.0,,,https://euchelperu.com/images/productos/17640958070200051088998.jpg | https://euchelperu.com/images/productos/17692135083788440550123.jpg
596,TOP SHAKY LENTEJUELAS,Tops,2637,Rosado,3068,Standard,59.0,59.0,,,https://euchelperu.com/images/productos/17692135083788440550123.jpg | https://euchelperu.com/images/productos/17640958070200051088998.jpg
597,VESTIDO ANIMAL PRINT,Vestidos,1891,Animal Print,2178,XS,85.0,85.0,,,https://euchelperu.com/images/productos/176409657388638743357101.jpg
597,VESTIDO ANIMAL PRINT,Vestidos,1891,Animal Print,2184,S,85.0,85.0,,,https://euchelperu.com/images/productos/176409657388638743357101.jpg
597,VESTIDO ANIMAL PRINT,Vestidos,1891,Animal Print,2185,M,85.0,85.0,,,https://euchelperu.com/images/productos/176409657388638743357101.jpg
598,VESTIDO TATI ESPALDA,Vestidos,1892,Vino,2179,S,69.0,69.0,,,https://euchelperu.com/images/productos/176409862462558997843399.jpg | https://euchelperu.com/images/productos/17654711205194440064446.jpg
598,VESTIDO TATI ESPALDA,Vestidos,1893,Rojo,2180,S,69.0,69.0,,,https://euchelperu.com/images/productos/17654711205194440064446.jpg | https://euchelperu.com/images/productos/176409862462558997843399.jpg
599,VESTIDO BRISSA SATIN,Vestidos,1903,Rosa,2195,Standar,120.0,120.0,,,https://euchelperu.com/images/productos/17642838038160430246039.jpg | https://euchelperu.com/images/productos/176530298764429490078501.jpg | https://euchelperu.com/images/productos/17653031797194530986944.jpg | https://euchelperu.com/images/productos/176530320805235616338062.jpg
599,VESTIDO BRISSA SATIN,Vestidos,1904,Azul,2196,Standar,120.0,120.0,,,https://euchelperu.com/images/productos/176530320805235616338062.jpg | https://euchelperu.com/images/productos/17642838038160430246039.jpg | https://euchelperu.com/images/productos/176530298764429490078501.jpg | https://euchelperu.com/images/productos/17653031797194530986944.jpg
599,VESTIDO BRISSA SATIN,Vestidos,1905,Acero,2197,Standar,120.0,120.0,,,https://euchelperu.com/images/productos/17653031797194530986944.jpg | https://euchelperu.com/images/productos/17642838038160430246039.jpg | https://euchelperu.com/images/productos/176530298764429490078501.jpg | https://euchelperu.com/images/productos/176530320805235616338062.jpg
599,VESTIDO BRISSA SATIN,Vestidos,1906,Vino,2198,Standar,120.0,120.0,,,https://euchelperu.com/images/productos/176530298764429490078501.jpg | https://euchelperu.com/images/productos/17642838038160430246039.jpg | https://euchelperu.com/images/productos/17653031797194530986944.jpg | https://euchelperu.com/images/productos/176530320805235616338062.jpg
600,VESTIDO DANI BRILLOS,Vestidos,1907,Rosa,2199,Standar,120.0,120.0,,,https://euchelperu.com/images/productos/17642840830846794384053.jpg | https://euchelperu.com/images/productos/17652963359781215393484.jpg | https://euchelperu.com/images/productos/176530223505301105975330.jpg | https://euchelperu.com/images/productos/176530281298992112411827.jpg
600,VESTIDO DANI BRILLOS,Vestidos,1908,Azul,2200,Standar,120.0,120.0,,,https://euchelperu.com/images/productos/17642840830846794384053.jpg | https://euchelperu.com/images/productos/17652963359781215393484.jpg | https://euchelperu.com/images/productos/176530223505301105975330.jpg | https://euchelperu.com/images/productos/176530281298992112411827.jpg
600,VESTIDO DANI BRILLOS,Vestidos,1909,Acero,2201,Standar,120.0,120.0,,,https://euchelperu.com/images/productos/176530281298992112411827.jpg | https://euchelperu.com/images/productos/17642840830846794384053.jpg | https://euchelperu.com/images/productos/17652963359781215393484.jpg | https://euchelperu.com/images/productos/176530223505301105975330.jpg
600,VESTIDO DANI BRILLOS,Vestidos,1910,Beige,2202,Standar,120.0,120.0,,,https://euchelperu.com/images/productos/176530223505301105975330.jpg | https://euchelperu.com/images/productos/17642840830846794384053.jpg | https://euchelperu.com/images/productos/17652963359781215393484.jpg | https://euchelperu.com/images/productos/176530281298992112411827.jpg
600,VESTIDO DANI BRILLOS,Vestidos,1911,Verde,2203,Standar,120.0,120.0,,,https://euchelperu.com/images/productos/17652963359781215393484.jpg | https://euchelperu.com/images/productos/17642840830846794384053.jpg | https://euchelperu.com/images/productos/176530223505301105975330.jpg | https://euchelperu.com/images/productos/176530281298992112411827.jpg
602,FALDA HANNA ENCAJE,Faldas,1918,Blanco,2210,Standar,69.0,69.0,,,https://euchelperu.com/images/productos/176428508616121270316481.jpg | https://euchelperu.com/images/productos/176436610251918830310951.png
602,FALDA HANNA ENCAJE,Faldas,1919,Negro,2211,Standar,69.0,69.0,,,https://euchelperu.com/images/productos/176436610251918830310951.png | https://euchelperu.com/images/productos/176428508616121270316481.jpg
604,TOP MELY SATIN,Tops,1924,Acero,2216,Standar,50.0,50.0,,,https://euchelperu.com/images/productos/176428613134039324540077.jpg | https://euchelperu.com/images/productos/176437524904361853952924.png | https://euchelperu.com/images/productos/176437526516792844245602.png | https://euchelperu.com/images/productos/176437528292049733791380.png | https://euchelperu.com/images/productos/17741212451579546443423.jpg
604,TOP MELY SATIN,Tops,1925,Vino,2217,Standar,50.0,50.0,,,https://euchelperu.com/images/productos/176437528292049733791380.png | https://euchelperu.com/images/productos/176428613134039324540077.jpg | https://euchelperu.com/images/productos/176437524904361853952924.png | https://euchelperu.com/images/productos/176437526516792844245602.png | https://euchelperu.com/images/productos/17741212451579546443423.jpg
604,TOP MELY SATIN,Tops,1926,Beige,2218,Standar,50.0,50.0,,,https://euchelperu.com/images/productos/176437526516792844245602.png | https://euchelperu.com/images/productos/176428613134039324540077.jpg | https://euchelperu.com/images/productos/176437524904361853952924.png | https://euchelperu.com/images/productos/176437528292049733791380.png | https://euchelperu.com/images/productos/17741212451579546443423.jpg
604,TOP MELY SATIN,Tops,1927,Negro,2219,Standar,50.0,50.0,,,https://euchelperu.com/images/productos/176437524904361853952924.png | https://euchelperu.com/images/productos/176428613134039324540077.jpg | https://euchelperu.com/images/productos/176437526516792844245602.png | https://euchelperu.com/images/productos/176437528292049733791380.png | https://euchelperu.com/images/productos/17741212451579546443423.jpg
604,TOP MELY SATIN,Tops,3092,Blanco,,,,50.0,,,https://euchelperu.com/images/productos/17741212451579546443423.jpg | https://euchelperu.com/images/productos/176428613134039324540077.jpg | https://euchelperu.com/images/productos/176437524904361853952924.png | https://euchelperu.com/images/productos/176437526516792844245602.png | https://euchelperu.com/images/productos/176437528292049733791380.png
605,MINI VESTIDO ORIANA,Vestidos,1928,Amarillo,2220,Standar,59.0,59.0,,,https://euchelperu.com/images/productos/17642865907156223765947.jpg | https://euchelperu.com/images/productos/176436530687576734070447.png | https://euchelperu.com/images/productos/176436546211971954078852.png
605,MINI VESTIDO ORIANA,Vestidos,1929,Blanco,2221,Standar,59.0,59.0,,,https://euchelperu.com/images/productos/176436530687576734070447.png | https://euchelperu.com/images/productos/17642865907156223765947.jpg | https://euchelperu.com/images/productos/176436546211971954078852.png
605,MINI VESTIDO ORIANA,Vestidos,1931,Marrón,2223,Standar,59.0,59.0,,,https://euchelperu.com/images/productos/176436546211971954078852.png | https://euchelperu.com/images/productos/17642865907156223765947.jpg | https://euchelperu.com/images/productos/176436530687576734070447.png
608,VESTIDO IVANA BRILLOS,Vestidos,1942,Dorado,2234,Standar,79.0,79.0,,,https://euchelperu.com/images/productos/176428830457787178684503.jpg | https://euchelperu.com/images/productos/176437339022107120984514.png | https://euchelperu.com/images/productos/176530112645754626817146.jpg | https://euchelperu.com/images/productos/176530153009548763883358.jpg
608,VESTIDO IVANA BRILLOS,Vestidos,1943,Plateado,2235,Standar,79.0,79.0,,,https://euchelperu.com/images/productos/176530153009548763883358.jpg | https://euchelperu.com/images/productos/176428830457787178684503.jpg | https://euchelperu.com/images/productos/176437339022107120984514.png | https://euchelperu.com/images/productos/176530112645754626817146.jpg
608,VESTIDO IVANA BRILLOS,Vestidos,1944,Vino,2236,Standar,79.0,79.0,,,https://euchelperu.com/images/productos/176530112645754626817146.jpg | https://euchelperu.com/images/productos/176428830457787178684503.jpg | https://euchelperu.com/images/productos/176437339022107120984514.png | https://euchelperu.com/images/productos/176530153009548763883358.jpg
608,VESTIDO IVANA BRILLOS,Vestidos,1945,Negro,2237,Standar,79.0,79.0,,,https://euchelperu.com/images/productos/176437339022107120984514.png | https://euchelperu.com/images/productos/176428830457787178684503.jpg | https://euchelperu.com/images/productos/176530112645754626817146.jpg | https://euchelperu.com/images/productos/176530153009548763883358.jpg
609,MINI VESTIDO MARIANA COPA,Vestidos,1948,Negro,2240,Standar,59.0,59.0,,,https://euchelperu.com/images/productos/176529587034632782763831.jpg
611,TOP NUBE,Tops,1953,Celeste,2245,Standar,49.0,49.0,,,https://euchelperu.com/images/productos/176429031579753983448257.jpg | https://euchelperu.com/images/productos/176437478573239715993296.png
611,TOP NUBE,Tops,1956,Blanco,2248,Standar,49.0,49.0,,,https://euchelperu.com/images/productos/176437478573239715993296.png | https://euchelperu.com/images/productos/176429031579753983448257.jpg
612,CORSET DUA LENTEJUELAS,Tops,1957,Rojo,2249,Standar,55.0,55.0,,,https://euchelperu.com/images/productos/176429052287307868435660.jpg | https://euchelperu.com/images/productos/176437453414441756661807.png | https://euchelperu.com/images/productos/176437456946919827436642.png | https://euchelperu.com/images/productos/176530617195349945393728.jpg
612,CORSET DUA LENTEJUELAS,Tops,1958,Verde,2250,Standar,55.0,55.0,,,https://euchelperu.com/images/productos/176530617195349945393728.jpg | https://euchelperu.com/images/productos/176429052287307868435660.jpg | https://euchelperu.com/images/productos/176437453414441756661807.png | https://euchelperu.com/images/productos/176437456946919827436642.png
612,CORSET DUA LENTEJUELAS,Tops,1959,Negro,2251,Standar,55.0,55.0,,,https://euchelperu.com/images/productos/176437453414441756661807.png | https://euchelperu.com/images/productos/176429052287307868435660.jpg | https://euchelperu.com/images/productos/176437456946919827436642.png | https://euchelperu.com/images/productos/176530617195349945393728.jpg
612,CORSET DUA LENTEJUELAS,Tops,1960,Blanco,2252,Standar,55.0,55.0,,,https://euchelperu.com/images/productos/176437456946919827436642.png | https://euchelperu.com/images/productos/176429052287307868435660.jpg | https://euchelperu.com/images/productos/176437453414441756661807.png | https://euchelperu.com/images/productos/176530617195349945393728.jpg
613,MINI VESTIDO ZENDAYA,Vestidos,1961,Negro,2253,S,75.0,75.0,,,https://euchelperu.com/images/productos/176429082671577141330671.jpg | https://euchelperu.com/images/productos/17643740646587932166640.png | https://euchelperu.com/images/productos/176437409998034433981221.png
613,MINI VESTIDO ZENDAYA,Vestidos,1961,Negro,2254,M,75.0,75.0,,,https://euchelperu.com/images/productos/176429082671577141330671.jpg | https://euchelperu.com/images/productos/17643740646587932166640.png | https://euchelperu.com/images/productos/176437409998034433981221.png
613,MINI VESTIDO ZENDAYA,Vestidos,1962,Beige,2255,S,75.0,75.0,,,https://euchelperu.com/images/productos/176437409998034433981221.png | https://euchelperu.com/images/productos/176429082671577141330671.jpg | https://euchelperu.com/images/productos/17643740646587932166640.png
613,MINI VESTIDO ZENDAYA,Vestidos,1962,Beige,2256,M,75.0,75.0,,,https://euchelperu.com/images/productos/176437409998034433981221.png | https://euchelperu.com/images/productos/176429082671577141330671.jpg | https://euchelperu.com/images/productos/17643740646587932166640.png
613,MINI VESTIDO ZENDAYA,Vestidos,1963,Dorado,2257,S,75.0,75.0,,,https://euchelperu.com/images/productos/17643740646587932166640.png | https://euchelperu.com/images/productos/176429082671577141330671.jpg | https://euchelperu.com/images/productos/176437409998034433981221.png
613,MINI VESTIDO ZENDAYA,Vestidos,1963,Dorado,2258,M,75.0,75.0,,,https://euchelperu.com/images/productos/17643740646587932166640.png | https://euchelperu.com/images/productos/176429082671577141330671.jpg | https://euchelperu.com/images/productos/176437409998034433981221.png
615,VESTIDO CAROL BLONDA,Vestidos,1968,Negro,2266,S,75.0,75.0,,,https://euchelperu.com/images/productos/17642925775784095413400.jpg | https://euchelperu.com/images/productos/176436502834667358913999.png
615,VESTIDO CAROL BLONDA,Vestidos,1968,Negro,2267,M,75.0,75.0,,,https://euchelperu.com/images/productos/17642925775784095413400.jpg | https://euchelperu.com/images/productos/176436502834667358913999.png
615,VESTIDO CAROL BLONDA,Vestidos,1969,Blanco,2268,S,75.0,75.0,,,https://euchelperu.com/images/productos/176436502834667358913999.png | https://euchelperu.com/images/productos/17642925775784095413400.jpg
615,VESTIDO CAROL BLONDA,Vestidos,1969,Blanco,2269,M,75.0,75.0,,,https://euchelperu.com/images/productos/176436502834667358913999.png | https://euchelperu.com/images/productos/17642925775784095413400.jpg
617,SHORT MAFER ELASTICO,Shorts,1976,Marrón,2279,S,59.0,59.0,,,https://euchelperu.com/images/productos/176429359183079265835796.jpg | https://euchelperu.com/images/productos/176437057329946833327952.png | https://euchelperu.com/images/productos/176437082043538757861143.png | https://euchelperu.com/images/productos/176437084123973837937945.png
617,SHORT MAFER ELASTICO,Shorts,1976,Marrón,2280,M,59.0,59.0,,,https://euchelperu.com/images/productos/176429359183079265835796.jpg | https://euchelperu.com/images/productos/176437057329946833327952.png | https://euchelperu.com/images/productos/176437082043538757861143.png | https://euchelperu.com/images/productos/176437084123973837937945.png
617,SHORT MAFER ELASTICO,Shorts,1977,Negro,2281,S,59.0,59.0,,,https://euchelperu.com/images/productos/176437057329946833327952.png | https://euchelperu.com/images/productos/176429359183079265835796.jpg | https://euchelperu.com/images/productos/176437082043538757861143.png | https://euchelperu.com/images/productos/176437084123973837937945.png
617,SHORT MAFER ELASTICO,Shorts,1977,Negro,2282,M,59.0,59.0,,,https://euchelperu.com/images/productos/176437057329946833327952.png | https://euchelperu.com/images/productos/176429359183079265835796.jpg | https://euchelperu.com/images/productos/176437082043538757861143.png | https://euchelperu.com/images/productos/176437084123973837937945.png
617,SHORT MAFER ELASTICO,Shorts,1978,Blanco,2283,S,59.0,59.0,,,https://euchelperu.com/images/productos/176437084123973837937945.png | https://euchelperu.com/images/productos/176429359183079265835796.jpg | https://euchelperu.com/images/productos/176437057329946833327952.png | https://euchelperu.com/images/productos/176437082043538757861143.png
617,SHORT MAFER ELASTICO,Shorts,1978,Blanco,2284,M,59.0,59.0,,,https://euchelperu.com/images/productos/176437084123973837937945.png | https://euchelperu.com/images/productos/176429359183079265835796.jpg | https://euchelperu.com/images/productos/176437057329946833327952.png | https://euchelperu.com/images/productos/176437082043538757861143.png
617,SHORT MAFER ELASTICO,Shorts,1979,Beige,2285,S,59.0,59.0,,,https://euchelperu.com/images/productos/176437082043538757861143.png | https://euchelperu.com/images/productos/176429359183079265835796.jpg | https://euchelperu.com/images/productos/176437057329946833327952.png | https://euchelperu.com/images/productos/176437084123973837937945.png
617,SHORT MAFER ELASTICO,Shorts,1979,Beige,2286,M,59.0,59.0,,,https://euchelperu.com/images/productos/176437082043538757861143.png | https://euchelperu.com/images/productos/176429359183079265835796.jpg | https://euchelperu.com/images/productos/176437057329946833327952.png | https://euchelperu.com/images/productos/176437084123973837937945.png
618,SHORT CHLOE LINO,Shorts,1980,Celeste,2287,S,59.0,59.0,,,https://euchelperu.com/images/productos/1764293838612682756348.jpg | https://euchelperu.com/images/productos/176436761608270583458701.png | https://euchelperu.com/images/productos/176436897047196876656910.png | https://euchelperu.com/images/productos/176436927166973553679887.png
618,SHORT CHLOE LINO,Shorts,1980,Celeste,2288,M,59.0,59.0,,,https://euchelperu.com/images/productos/1764293838612682756348.jpg | https://euchelperu.com/images/productos/176436761608270583458701.png | https://euchelperu.com/images/productos/176436897047196876656910.png | https://euchelperu.com/images/productos/176436927166973553679887.png
618,SHORT CHLOE LINO,Shorts,1981,Perla,2289,S,59.0,59.0,,,https://euchelperu.com/images/productos/176436897047196876656910.png | https://euchelperu.com/images/productos/1764293838612682756348.jpg | https://euchelperu.com/images/productos/176436761608270583458701.png | https://euchelperu.com/images/productos/176436927166973553679887.png
618,SHORT CHLOE LINO,Shorts,1981,Perla,2290,M,59.0,59.0,,,https://euchelperu.com/images/productos/176436897047196876656910.png | https://euchelperu.com/images/productos/1764293838612682756348.jpg | https://euchelperu.com/images/productos/176436761608270583458701.png | https://euchelperu.com/images/productos/176436927166973553679887.png
618,SHORT CHLOE LINO,Shorts,1981,Perla,2291,L,59.0,59.0,,,https://euchelperu.com/images/productos/176436897047196876656910.png | https://euchelperu.com/images/productos/1764293838612682756348.jpg | https://euchelperu.com/images/productos/176436761608270583458701.png | https://euchelperu.com/images/productos/176436927166973553679887.png
618,SHORT CHLOE LINO,Shorts,1982,Chocolate,2292,S,59.0,59.0,,,https://euchelperu.com/images/productos/176436927166973553679887.png | https://euchelperu.com/images/productos/1764293838612682756348.jpg | https://euchelperu.com/images/productos/176436761608270583458701.png | https://euchelperu.com/images/productos/176436897047196876656910.png
618,SHORT CHLOE LINO,Shorts,1982,Chocolate,2293,M,59.0,59.0,,,https://euchelperu.com/images/productos/176436927166973553679887.png | https://euchelperu.com/images/productos/1764293838612682756348.jpg | https://euchelperu.com/images/productos/176436761608270583458701.png | https://euchelperu.com/images/productos/176436897047196876656910.png
618,SHORT CHLOE LINO,Shorts,1983,Negro,2294,S,59.0,59.0,,,https://euchelperu.com/images/productos/176436761608270583458701.png | https://euchelperu.com/images/productos/1764293838612682756348.jpg | https://euchelperu.com/images/productos/176436897047196876656910.png | https://euchelperu.com/images/productos/176436927166973553679887.png
618,SHORT CHLOE LINO,Shorts,1983,Negro,2295,M,59.0,59.0,,,https://euchelperu.com/images/productos/176436761608270583458701.png | https://euchelperu.com/images/productos/1764293838612682756348.jpg | https://euchelperu.com/images/productos/176436897047196876656910.png | https://euchelperu.com/images/productos/176436927166973553679887.png
618,SHORT CHLOE LINO,Shorts,1983,Negro,2296,L,59.0,59.0,,,https://euchelperu.com/images/productos/176436761608270583458701.png | https://euchelperu.com/images/productos/1764293838612682756348.jpg | https://euchelperu.com/images/productos/176436897047196876656910.png | https://euchelperu.com/images/productos/176436927166973553679887.png
621,CHALECO MELISSA SASTRE,Chaquetas,1997,Blanco,2325,S,65.0,65.0,,,
621,CHALECO MELISSA SASTRE,Chaquetas,1997,Blanco,2326,M,65.0,65.0,,,
621,CHALECO MELISSA SASTRE,Chaquetas,1998,Beige,2327,S,65.0,65.0,,,
621,CHALECO MELISSA SASTRE,Chaquetas,1998,Beige,2328,M,65.0,65.0,,,
621,CHALECO MELISSA SASTRE,Chaquetas,1999,Marrón,2329,S,65.0,65.0,,,
621,CHALECO MELISSA SASTRE,Chaquetas,1999,Marrón,2330,M,65.0,65.0,,,
621,CHALECO MELISSA SASTRE,Chaquetas,2000,Negro,2331,S,65.0,65.0,,,
621,CHALECO MELISSA SASTRE,Chaquetas,2000,Negro,2332,M,65.0,65.0,,,
623,BIKINI AURA,BIKINIS,2012,Azul,2345,S,99.0,99.0,,,https://euchelperu.com/images/productos/1764460642836711012943.jpg | https://euchelperu.com/images/productos/176446182578579566470702.jpg
623,BIKINI AURA,BIKINIS,2013,Fucsia,2346,S,99.0,99.0,,,https://euchelperu.com/images/productos/176446182578579566470702.jpg | https://euchelperu.com/images/productos/1764460642836711012943.jpg
624,BIKINI SUNNY,BIKINIS,2014,Beige,2347,S,99.0,99.0,,,https://euchelperu.com/images/productos/176446178216625344859172.jpg | https://euchelperu.com/images/productos/177437588172946698752748.jpg
624,BIKINI SUNNY,BIKINIS,3138,Negro,3422,S-M,99.0,99.0,,,https://euchelperu.com/images/productos/177437588172946698752748.jpg | https://euchelperu.com/images/productos/176446178216625344859172.jpg
625,BIKINI HAWAI,BIKINIS,2015,Blanco c/ fucsia,2348,S,99.0,99.0,,,https://euchelperu.com/images/productos/176446221403616672426652.jpg
626,BIKINI LISSA,BIKINIS,2016,Rosado,2349,S,99.0,99.0,,,https://euchelperu.com/images/productos/176446322666710795940406.jpg
627,BIKINI FLOWER,BIKINIS,2017,Amarillo,2350,S,99.0,99.0,,,https://euchelperu.com/images/productos/176446448763360803142411.jpg
628,BIKINI STAR,BIKINIS,2018,Beige,2351,S,99.0,99.0,,,https://euchelperu.com/images/productos/17644642026927236880251.jpg
629,BIKINI BRISA,BIKINIS,2019,Negro c/ blanco,2352,S,99.0,99.0,,,https://euchelperu.com/images/productos/176446524511208495186944.jpg
630,BIKINI LARA,BIKINIS,2020,Marrón rayado,2353,S,99.0,99.0,,,https://euchelperu.com/images/productos/176446566653926343079967.jpg
631,SANDALIA LOVE,Calzado,2021,Blanco,2355,35,85.0,85.0,,,https://euchelperu.com/images/productos/176486812359037776985745.jpg | https://euchelperu.com/images/productos/17648693988519420099091.jpg
631,SANDALIA LOVE,Calzado,2021,Blanco,2371,37,85.0,85.0,,,https://euchelperu.com/images/productos/176486812359037776985745.jpg | https://euchelperu.com/images/productos/17648693988519420099091.jpg
631,SANDALIA LOVE,Calzado,2022,Negro,2356,35,85.0,85.0,,,https://euchelperu.com/images/productos/17648693988519420099091.jpg | https://euchelperu.com/images/productos/176486812359037776985745.jpg
631,SANDALIA LOVE,Calzado,2022,Negro,2372,38,85.0,85.0,,,https://euchelperu.com/images/productos/17648693988519420099091.jpg | https://euchelperu.com/images/productos/176486812359037776985745.jpg
632,SANDALIA LADY,Calzado,2023,Dorado,2357,36,95.0,95.0,,,https://euchelperu.com/images/productos/176486990887431886494173.jpg | https://euchelperu.com/images/productos/17648706228976593279616.jpg | https://euchelperu.com/images/productos/17648708759648300741150.jpg | https://euchelperu.com/images/productos/176487161784667821080351.jpg
632,SANDALIA LADY,Calzado,2023,Dorado,2373,37,95.0,95.0,,,https://euchelperu.com/images/productos/176486990887431886494173.jpg | https://euchelperu.com/images/productos/17648706228976593279616.jpg | https://euchelperu.com/images/productos/17648708759648300741150.jpg | https://euchelperu.com/images/productos/176487161784667821080351.jpg
632,SANDALIA LADY,Calzado,2023,Dorado,2374,38,95.0,95.0,,,https://euchelperu.com/images/productos/176486990887431886494173.jpg | https://euchelperu.com/images/productos/17648706228976593279616.jpg | https://euchelperu.com/images/productos/17648708759648300741150.jpg | https://euchelperu.com/images/productos/176487161784667821080351.jpg
632,SANDALIA LADY,Calzado,2023,Dorado,2375,39,95.0,95.0,,,https://euchelperu.com/images/productos/176486990887431886494173.jpg | https://euchelperu.com/images/productos/17648706228976593279616.jpg | https://euchelperu.com/images/productos/17648708759648300741150.jpg | https://euchelperu.com/images/productos/176487161784667821080351.jpg
632,SANDALIA LADY,Calzado,2024,Blanco,2358,36,95.0,95.0,,,https://euchelperu.com/images/productos/17648706228976593279616.jpg | https://euchelperu.com/images/productos/176486990887431886494173.jpg | https://euchelperu.com/images/productos/17648708759648300741150.jpg | https://euchelperu.com/images/productos/176487161784667821080351.jpg
632,SANDALIA LADY,Calzado,2024,Blanco,2376,37,95.0,95.0,,,https://euchelperu.com/images/productos/17648706228976593279616.jpg | https://euchelperu.com/images/productos/176486990887431886494173.jpg | https://euchelperu.com/images/productos/17648708759648300741150.jpg | https://euchelperu.com/images/productos/176487161784667821080351.jpg
632,SANDALIA LADY,Calzado,2024,Blanco,2377,38,95.0,95.0,,,https://euchelperu.com/images/productos/17648706228976593279616.jpg | https://euchelperu.com/images/productos/176486990887431886494173.jpg | https://euchelperu.com/images/productos/17648708759648300741150.jpg | https://euchelperu.com/images/productos/176487161784667821080351.jpg
632,SANDALIA LADY,Calzado,2025,Negro,2359,36,95.0,95.0,,,https://euchelperu.com/images/productos/17648708759648300741150.jpg | https://euchelperu.com/images/productos/176486990887431886494173.jpg | https://euchelperu.com/images/productos/17648706228976593279616.jpg | https://euchelperu.com/images/productos/176487161784667821080351.jpg
632,SANDALIA LADY,Calzado,2025,Negro,2378,37,95.0,95.0,,,https://euchelperu.com/images/productos/17648708759648300741150.jpg | https://euchelperu.com/images/productos/176486990887431886494173.jpg | https://euchelperu.com/images/productos/17648706228976593279616.jpg | https://euchelperu.com/images/productos/176487161784667821080351.jpg
632,SANDALIA LADY,Calzado,2025,Negro,2379,38,95.0,95.0,,,https://euchelperu.com/images/productos/17648708759648300741150.jpg | https://euchelperu.com/images/productos/176486990887431886494173.jpg | https://euchelperu.com/images/productos/17648706228976593279616.jpg | https://euchelperu.com/images/productos/176487161784667821080351.jpg
632,SANDALIA LADY,Calzado,2025,Negro,2380,39,95.0,95.0,,,https://euchelperu.com/images/productos/17648708759648300741150.jpg | https://euchelperu.com/images/productos/176486990887431886494173.jpg | https://euchelperu.com/images/productos/17648706228976593279616.jpg | https://euchelperu.com/images/productos/176487161784667821080351.jpg
632,SANDALIA LADY,Calzado,2026,Plateado,2360,37,95.0,95.0,,,https://euchelperu.com/images/productos/176487161784667821080351.jpg | https://euchelperu.com/images/productos/176486990887431886494173.jpg | https://euchelperu.com/images/productos/17648706228976593279616.jpg | https://euchelperu.com/images/productos/17648708759648300741150.jpg
632,SANDALIA LADY,Calzado,2026,Plateado,2381,38,95.0,95.0,,,https://euchelperu.com/images/productos/176487161784667821080351.jpg | https://euchelperu.com/images/productos/176486990887431886494173.jpg | https://euchelperu.com/images/productos/17648706228976593279616.jpg | https://euchelperu.com/images/productos/17648708759648300741150.jpg
632,SANDALIA LADY,Calzado,2026,Plateado,2382,39,95.0,95.0,,,https://euchelperu.com/images/productos/176487161784667821080351.jpg | https://euchelperu.com/images/productos/176486990887431886494173.jpg | https://euchelperu.com/images/productos/17648706228976593279616.jpg | https://euchelperu.com/images/productos/17648708759648300741150.jpg
633,SANDALIA SHINE,Calzado,2027,Dorado,2361,35,85.0,85.0,,,https://euchelperu.com/images/productos/176487206371605124497050.jpg | https://euchelperu.com/images/productos/17648721645139665480920.jpg
633,SANDALIA SHINE,Calzado,2027,Dorado,2363,36,85.0,85.0,,,https://euchelperu.com/images/productos/176487206371605124497050.jpg | https://euchelperu.com/images/productos/17648721645139665480920.jpg
633,SANDALIA SHINE,Calzado,2027,Dorado,2364,37,85.0,85.0,,,https://euchelperu.com/images/productos/176487206371605124497050.jpg | https://euchelperu.com/images/productos/17648721645139665480920.jpg
633,SANDALIA SHINE,Calzado,2027,Dorado,2365,38,85.0,85.0,,,https://euchelperu.com/images/productos/176487206371605124497050.jpg | https://euchelperu.com/images/productos/17648721645139665480920.jpg
633,SANDALIA SHINE,Calzado,2027,Dorado,2366,39,85.0,85.0,,,https://euchelperu.com/images/productos/176487206371605124497050.jpg | https://euchelperu.com/images/productos/17648721645139665480920.jpg
633,SANDALIA SHINE,Calzado,2028,Plateado,2362,35,85.0,85.0,,,https://euchelperu.com/images/productos/17648721645139665480920.jpg | https://euchelperu.com/images/productos/176487206371605124497050.jpg
633,SANDALIA SHINE,Calzado,2028,Plateado,2367,36,85.0,85.0,,,https://euchelperu.com/images/productos/17648721645139665480920.jpg | https://euchelperu.com/images/productos/176487206371605124497050.jpg
633,SANDALIA SHINE,Calzado,2028,Plateado,2368,37,85.0,85.0,,,https://euchelperu.com/images/productos/17648721645139665480920.jpg | https://euchelperu.com/images/productos/176487206371605124497050.jpg
633,SANDALIA SHINE,Calzado,2028,Plateado,2369,38,85.0,85.0,,,https://euchelperu.com/images/productos/17648721645139665480920.jpg | https://euchelperu.com/images/productos/176487206371605124497050.jpg
633,SANDALIA SHINE,Calzado,2028,Plateado,2370,39,85.0,85.0,,,https://euchelperu.com/images/productos/17648721645139665480920.jpg | https://euchelperu.com/images/productos/176487206371605124497050.jpg
634,SANDALIA CLEXIA,Calzado,2029,Hueso,2383,35,85.0,85.0,,,https://euchelperu.com/images/productos/176489666022542668145426.jpg | https://euchelperu.com/images/productos/17648967357331204025284.png
634,SANDALIA CLEXIA,Calzado,2029,Hueso,2384,36,85.0,85.0,,,https://euchelperu.com/images/productos/176489666022542668145426.jpg | https://euchelperu.com/images/productos/17648967357331204025284.png
634,SANDALIA CLEXIA,Calzado,2029,Hueso,2385,37,85.0,85.0,,,https://euchelperu.com/images/productos/176489666022542668145426.jpg | https://euchelperu.com/images/productos/17648967357331204025284.png
634,SANDALIA CLEXIA,Calzado,2030,Negro,2386,35,85.0,85.0,,,https://euchelperu.com/images/productos/17648967357331204025284.png | https://euchelperu.com/images/productos/176489666022542668145426.jpg
634,SANDALIA CLEXIA,Calzado,2030,Negro,2387,39,85.0,85.0,,,https://euchelperu.com/images/productos/17648967357331204025284.png | https://euchelperu.com/images/productos/176489666022542668145426.jpg
635,SANDALIA SUECO,Calzado,2031,Hueso,2388,36,85.0,85.0,,,https://euchelperu.com/images/productos/176524309999885152599511.jpg
635,SANDALIA SUECO,Calzado,2031,Hueso,2389,37,85.0,85.0,,,https://euchelperu.com/images/productos/176524309999885152599511.jpg
635,SANDALIA SUECO,Calzado,2032,Negro,2390,37,85.0,85.0,,,https://euchelperu.com/images/productos/176524309999885152599511.jpg
635,SANDALIA SUECO,Calzado,2032,Negro,2391,38,85.0,85.0,,,https://euchelperu.com/images/productos/176524309999885152599511.jpg
636,SANDALIA CHAROL,Calzado,2033,Vino,2392,36,95.0,95.0,,,
636,SANDALIA CHAROL,Calzado,2033,Vino,2393,37,95.0,95.0,,,
636,SANDALIA CHAROL,Calzado,2033,Vino,2394,38,95.0,95.0,,,
636,SANDALIA CHAROL,Calzado,2033,Vino,2395,39,95.0,95.0,,,
636,SANDALIA CHAROL,Calzado,2034,Negro,2396,35,95.0,95.0,,,
636,SANDALIA CHAROL,Calzado,2034,Negro,2397,36,95.0,95.0,,,
636,SANDALIA CHAROL,Calzado,2034,Negro,2398,39,95.0,95.0,,,
636,SANDALIA CHAROL,Calzado,2035,Blanco,2399,35,95.0,95.0,,,
636,SANDALIA CHAROL,Calzado,2035,Blanco,2400,36,95.0,95.0,,,
636,SANDALIA CHAROL,Calzado,2035,Blanco,2401,37,95.0,95.0,,,
637,SANDALIA EQUIS,Calzado,2036,Vino,2402,36,95.0,95.0,,,https://euchelperu.com/images/productos/176524063484771746089134.jpg | https://euchelperu.com/images/productos/176524229373229343276305.jpg | https://euchelperu.com/images/productos/176524246993097384678759.jpg
637,SANDALIA EQUIS,Calzado,2036,Vino,2403,37,95.0,95.0,,,https://euchelperu.com/images/productos/176524063484771746089134.jpg | https://euchelperu.com/images/productos/176524229373229343276305.jpg | https://euchelperu.com/images/productos/176524246993097384678759.jpg
637,SANDALIA EQUIS,Calzado,2036,Vino,2404,39,95.0,95.0,,,https://euchelperu.com/images/productos/176524063484771746089134.jpg | https://euchelperu.com/images/productos/176524229373229343276305.jpg | https://euchelperu.com/images/productos/176524246993097384678759.jpg
637,SANDALIA EQUIS,Calzado,2037,Negro,2405,35,95.0,95.0,,,https://euchelperu.com/images/productos/176524229373229343276305.jpg | https://euchelperu.com/images/productos/176524063484771746089134.jpg | https://euchelperu.com/images/productos/176524246993097384678759.jpg
637,SANDALIA EQUIS,Calzado,2037,Negro,2406,36,95.0,95.0,,,https://euchelperu.com/images/productos/176524229373229343276305.jpg | https://euchelperu.com/images/productos/176524063484771746089134.jpg | https://euchelperu.com/images/productos/176524246993097384678759.jpg
637,SANDALIA EQUIS,Calzado,2037,Negro,2407,37,95.0,95.0,,,https://euchelperu.com/images/productos/176524229373229343276305.jpg | https://euchelperu.com/images/productos/176524063484771746089134.jpg | https://euchelperu.com/images/productos/176524246993097384678759.jpg
637,SANDALIA EQUIS,Calzado,2037,Negro,2408,38,95.0,95.0,,,https://euchelperu.com/images/productos/176524229373229343276305.jpg | https://euchelperu.com/images/productos/176524063484771746089134.jpg | https://euchelperu.com/images/productos/176524246993097384678759.jpg
637,SANDALIA EQUIS,Calzado,2037,Negro,2409,39,95.0,95.0,,,https://euchelperu.com/images/productos/176524229373229343276305.jpg | https://euchelperu.com/images/productos/176524063484771746089134.jpg | https://euchelperu.com/images/productos/176524246993097384678759.jpg
637,SANDALIA EQUIS,Calzado,2038,Blanco,2410,35,95.0,95.0,,,https://euchelperu.com/images/productos/176524246993097384678759.jpg | https://euchelperu.com/images/productos/176524063484771746089134.jpg | https://euchelperu.com/images/productos/176524229373229343276305.jpg
637,SANDALIA EQUIS,Calzado,2038,Blanco,2411,37,95.0,95.0,,,https://euchelperu.com/images/productos/176524246993097384678759.jpg | https://euchelperu.com/images/productos/176524063484771746089134.jpg | https://euchelperu.com/images/productos/176524229373229343276305.jpg
637,SANDALIA EQUIS,Calzado,2038,Blanco,2412,39,95.0,95.0,,,https://euchelperu.com/images/productos/176524246993097384678759.jpg | https://euchelperu.com/images/productos/176524063484771746089134.jpg | https://euchelperu.com/images/productos/176524229373229343276305.jpg
638,TOTE NUDO CLASICO,Carteras,2040,Negro,2413,Standar,85.0,85.0,,,https://euchelperu.com/images/productos/17649519951256917536953.jpg | https://euchelperu.com/images/productos/17649521928903791312116.jpg | https://euchelperu.com/images/productos/17649523755665771683894.jpg | https://euchelperu.com/images/productos/176495404044500273736573.jpg
638,TOTE NUDO CLASICO,Carteras,2041,Vino,2415,Standar,85.0,85.0,,,https://euchelperu.com/images/productos/17649521928903791312116.jpg | https://euchelperu.com/images/productos/17649519951256917536953.jpg | https://euchelperu.com/images/productos/17649523755665771683894.jpg | https://euchelperu.com/images/productos/176495404044500273736573.jpg
638,TOTE NUDO CLASICO,Carteras,2042,Marrón,2416,Standar,85.0,85.0,,,https://euchelperu.com/images/productos/17649523755665771683894.jpg | https://euchelperu.com/images/productos/17649519951256917536953.jpg | https://euchelperu.com/images/productos/17649521928903791312116.jpg | https://euchelperu.com/images/productos/176495404044500273736573.jpg
638,TOTE NUDO CLASICO,Carteras,2043,Beige,2414,Standar,85.0,85.0,,,https://euchelperu.com/images/productos/176495404044500273736573.jpg | https://euchelperu.com/images/productos/17649519951256917536953.jpg | https://euchelperu.com/images/productos/17649521928903791312116.jpg | https://euchelperu.com/images/productos/17649523755665771683894.jpg
641,BOLSO NOVA,Carteras,2050,Negro,2423,Standar,69.0,69.0,,,https://euchelperu.com/images/productos/176495512563852442155194.jpg | https://euchelperu.com/images/productos/176495515307599715539794.jpg
641,BOLSO NOVA,Carteras,2051,Vino,2424,Standar,69.0,69.0,,,https://euchelperu.com/images/productos/176495515307599715539794.jpg | https://euchelperu.com/images/productos/176495512563852442155194.jpg
642,Diva Animal Print,Carteras,2052,animal print,2426,Standar,65.0,65.0,,,https://euchelperu.com/images/productos/17649556902827070954466.jpg
644,BOLSO CHERRY CLASSIC,Carteras,2055,Vino,2429,Standar,75.0,75.0,,,https://euchelperu.com/images/productos/17649576066681136089396.jpg | https://euchelperu.com/images/productos/17649576332468248506196.jpg
644,BOLSO CHERRY CLASSIC,Carteras,2056,Marrón,2430,Standar,75.0,75.0,,,https://euchelperu.com/images/productos/17649576332468248506196.jpg | https://euchelperu.com/images/productos/17649576066681136089396.jpg
645,BOLSO GOLDEN LINK,Carteras,2057,Marrón,2431,Standar,75.0,75.0,,,https://euchelperu.com/images/productos/17649584933762943542479.jpg | https://euchelperu.com/images/productos/176495856553031672374899.jpg | https://euchelperu.com/images/productos/176495858216829462785153.jpg
645,BOLSO GOLDEN LINK,Carteras,2058,Hueso,2432,Standar,75.0,75.0,,,https://euchelperu.com/images/productos/176495856553031672374899.jpg | https://euchelperu.com/images/productos/17649584933762943542479.jpg | https://euchelperu.com/images/productos/176495858216829462785153.jpg
645,BOLSO GOLDEN LINK,Carteras,2059,Negro,2433,Standar,75.0,75.0,,,https://euchelperu.com/images/productos/176495858216829462785153.jpg | https://euchelperu.com/images/productos/17649584933762943542479.jpg | https://euchelperu.com/images/productos/176495856553031672374899.jpg
646,ATHENA BAG,Carteras,2060,Negro,2434,Standar,75.0,75.0,,,https://euchelperu.com/images/productos/17649589139712680602914.jpg | https://euchelperu.com/images/productos/17654783546281890824756.jpg
646,ATHENA BAG,Carteras,2089,Marrón,,,,75.0,,,https://euchelperu.com/images/productos/17654783546281890824756.jpg | https://euchelperu.com/images/productos/17649589139712680602914.jpg
647,PERLA BOW BAG,Carteras,2061,Hueso,2435,Standar,75.0,75.0,,,https://euchelperu.com/images/productos/176495931237240844393557.jpg
649,BOHO SEQUIN BAG,Carteras,2064,Blanco,2438,Standar,75.0,75.0,,,https://euchelperu.com/images/productos/176496004352115768562526.jpg
650,MINI CESTA BOHO,Carteras,2065,crema,2439,Standar,75.0,75.0,,,https://euchelperu.com/images/productos/176496093574293159329558.jpg
651,ÁMBAR SHINE,Carteras,2066,dorado,2440,Standar,49.0,49.0,,,https://euchelperu.com/images/productos/176496122381320754356889.jpg
652,Siena glam,Carteras,2067,plateado,2441,Standar,55.0,55.0,,,https://euchelperu.com/images/productos/176496147655444952715008.jpg
653,BOLSO LIA,Carteras,2068,Negro,2442,Standar,55.0,55.0,,,https://euchelperu.com/images/productos/176496587211670292959496.jpg | https://euchelperu.com/images/productos/176497296842279196956734.jpg
653,BOLSO LIA,Carteras,2069,Plateado,2443,Standar,55.0,55.0,,,https://euchelperu.com/images/productos/176497296842279196956734.jpg | https://euchelperu.com/images/productos/176496587211670292959496.jpg
654,TRINITY TOTE,Carteras,2070,Negro,2444,Standar,85.0,85.0,,,https://euchelperu.com/images/productos/176498543203368763632886.jpg
656,CARTERA SUMMER,Carteras,2073,Beige,2446,Standar,59.0,59.0,,,https://euchelperu.com/images/productos/176498580986544952145303.jpg
659,TOP ITALLY,Tops,2093,Blanco,2451,Standar,49.0,49.0,,,https://euchelperu.com/images/productos/176584749013311393971422.jpg | https://euchelperu.com/images/productos/176591935616283270642246.jpg | https://euchelperu.com/images/productos/176591939653760469097840.jpg | https://euchelperu.com/images/productos/176824968425484873442986.png | https://euchelperu.com/images/productos/176824992741440866412567.png | https://euchelperu.com/images/productos/176825013372467308836206.png
659,TOP ITALLY,Tops,2129,Marrón,2468,Standar,49.0,49.0,,,https://euchelperu.com/images/productos/176591935616283270642246.jpg | https://euchelperu.com/images/productos/176584749013311393971422.jpg | https://euchelperu.com/images/productos/176591939653760469097840.jpg | https://euchelperu.com/images/productos/176824968425484873442986.png | https://euchelperu.com/images/productos/176824992741440866412567.png | https://euchelperu.com/images/productos/176825013372467308836206.png
659,TOP ITALLY,Tops,2130,Negro,2469,Standar,49.0,49.0,,,https://euchelperu.com/images/productos/176591939653760469097840.jpg | https://euchelperu.com/images/productos/176584749013311393971422.jpg | https://euchelperu.com/images/productos/176591935616283270642246.jpg | https://euchelperu.com/images/productos/176824968425484873442986.png | https://euchelperu.com/images/productos/176824992741440866412567.png | https://euchelperu.com/images/productos/176825013372467308836206.png
659,TOP ITALLY,Tops,2513,Verde,2934,Standard,49.0,49.0,,,https://euchelperu.com/images/productos/176824968425484873442986.png | https://euchelperu.com/images/productos/176584749013311393971422.jpg | https://euchelperu.com/images/productos/176591935616283270642246.jpg | https://euchelperu.com/images/productos/176591939653760469097840.jpg | https://euchelperu.com/images/productos/176824992741440866412567.png | https://euchelperu.com/images/productos/176825013372467308836206.png
659,TOP ITALLY,Tops,2514,Rojo,2935,Standard,49.0,49.0,,,https://euchelperu.com/images/productos/176824992741440866412567.png | https://euchelperu.com/images/productos/176584749013311393971422.jpg | https://euchelperu.com/images/productos/176591935616283270642246.jpg | https://euchelperu.com/images/productos/176591939653760469097840.jpg | https://euchelperu.com/images/productos/176824968425484873442986.png | https://euchelperu.com/images/productos/176825013372467308836206.png
659,TOP ITALLY,Tops,2515,Rosado,2936,Standard,49.0,49.0,,,https://euchelperu.com/images/productos/176825013372467308836206.png | https://euchelperu.com/images/productos/176584749013311393971422.jpg | https://euchelperu.com/images/productos/176591935616283270642246.jpg | https://euchelperu.com/images/productos/176591939653760469097840.jpg | https://euchelperu.com/images/productos/176824968425484873442986.png | https://euchelperu.com/images/productos/176824992741440866412567.png
660,MINI VESTIDO FRANCESCA,Vestidos,2094,Verde,2452,Standar,70.0,70.0,,,https://euchelperu.com/images/productos/176584766367834158383742.jpg
661,TOP GIGI BROCHE,Tops,2095,Azul,2453,Standar,45.0,45.0,,,https://euchelperu.com/images/productos/17658478419529890420090.jpg | https://euchelperu.com/images/productos/176591251761024218459309.jpg | https://euchelperu.com/images/productos/1765912558748315236468.jpg | https://euchelperu.com/images/productos/176591262387596693630461.jpg | https://euchelperu.com/images/productos/176591299105392635695446.jpg
661,TOP GIGI BROCHE,Tops,2111,Marrón,,,,45.0,,,https://euchelperu.com/images/productos/176591262387596693630461.jpg | https://euchelperu.com/images/productos/17658478419529890420090.jpg | https://euchelperu.com/images/productos/176591251761024218459309.jpg | https://euchelperu.com/images/productos/1765912558748315236468.jpg | https://euchelperu.com/images/productos/176591299105392635695446.jpg
661,TOP GIGI BROCHE,Tops,2112,Negro,,,,45.0,,,https://euchelperu.com/images/productos/1765912558748315236468.jpg | https://euchelperu.com/images/productos/17658478419529890420090.jpg | https://euchelperu.com/images/productos/176591251761024218459309.jpg | https://euchelperu.com/images/productos/176591262387596693630461.jpg | https://euchelperu.com/images/productos/176591299105392635695446.jpg
661,TOP GIGI BROCHE,Tops,2113,Blanco,,,,45.0,,,https://euchelperu.com/images/productos/176591251761024218459309.jpg | https://euchelperu.com/images/productos/17658478419529890420090.jpg | https://euchelperu.com/images/productos/1765912558748315236468.jpg | https://euchelperu.com/images/productos/176591262387596693630461.jpg | https://euchelperu.com/images/productos/176591299105392635695446.jpg
661,TOP GIGI BROCHE,Tops,2114,Amarillo,,,,45.0,,,https://euchelperu.com/images/productos/176591299105392635695446.jpg | https://euchelperu.com/images/productos/17658478419529890420090.jpg | https://euchelperu.com/images/productos/176591251761024218459309.jpg | https://euchelperu.com/images/productos/1765912558748315236468.jpg | https://euchelperu.com/images/productos/176591262387596693630461.jpg
662,TOP MIRI BOBOS,Tops,2096,Rosa,2454,Standar,49.0,49.0,,,https://euchelperu.com/images/productos/176584797486261882113850.jpg | https://euchelperu.com/images/productos/176591109141726185421156.jpg | https://euchelperu.com/images/productos/17659111765934284068746.jpg | https://euchelperu.com/images/productos/176591130906279754993894.jpg | https://euchelperu.com/images/productos/176771847164747701232665.jpg | https://euchelperu.com/images/productos/176771853213990220021490.jpg | https://euchelperu.com/images/productos/176771858043497709537051.jpg | https://euchelperu.com/images/productos/177412337653153863385375.jpg
662,TOP MIRI BOBOS,Tops,2104,Blanco,2838,Standar,49.0,49.0,,,https://euchelperu.com/images/productos/176591109141726185421156.jpg | https://euchelperu.com/images/productos/176584797486261882113850.jpg | https://euchelperu.com/images/productos/17659111765934284068746.jpg | https://euchelperu.com/images/productos/176591130906279754993894.jpg | https://euchelperu.com/images/productos/176771847164747701232665.jpg | https://euchelperu.com/images/productos/176771853213990220021490.jpg | https://euchelperu.com/images/productos/176771858043497709537051.jpg | https://euchelperu.com/images/productos/177412337653153863385375.jpg
662,TOP MIRI BOBOS,Tops,2105,Rojo,2839,Standar,49.0,49.0,,,https://euchelperu.com/images/productos/17659111765934284068746.jpg | https://euchelperu.com/images/productos/176584797486261882113850.jpg | https://euchelperu.com/images/productos/176591109141726185421156.jpg | https://euchelperu.com/images/productos/176591130906279754993894.jpg | https://euchelperu.com/images/productos/176771847164747701232665.jpg | https://euchelperu.com/images/productos/176771853213990220021490.jpg | https://euchelperu.com/images/productos/176771858043497709537051.jpg | https://euchelperu.com/images/productos/177412337653153863385375.jpg
662,TOP MIRI BOBOS,Tops,2106,Verde,2840,Standar,49.0,49.0,,,https://euchelperu.com/images/productos/176591130906279754993894.jpg | https://euchelperu.com/images/productos/176584797486261882113850.jpg | https://euchelperu.com/images/productos/176591109141726185421156.jpg | https://euchelperu.com/images/productos/17659111765934284068746.jpg | https://euchelperu.com/images/productos/176771847164747701232665.jpg | https://euchelperu.com/images/productos/176771853213990220021490.jpg | https://euchelperu.com/images/productos/176771858043497709537051.jpg | https://euchelperu.com/images/productos/177412337653153863385375.jpg
662,TOP MIRI BOBOS,Tops,2107,Celeste,2841,Standar,49.0,49.0,,,https://euchelperu.com/images/productos/176584797486261882113850.jpg | https://euchelperu.com/images/productos/176591109141726185421156.jpg | https://euchelperu.com/images/productos/17659111765934284068746.jpg | https://euchelperu.com/images/productos/176591130906279754993894.jpg | https://euchelperu.com/images/productos/176771847164747701232665.jpg | https://euchelperu.com/images/productos/176771853213990220021490.jpg | https://euchelperu.com/images/productos/176771858043497709537051.jpg | https://euchelperu.com/images/productos/177412337653153863385375.jpg
662,TOP MIRI BOBOS,Tops,2379,Verde olivo,2842,Standar,49.0,49.0,,,https://euchelperu.com/images/productos/176771858043497709537051.jpg | https://euchelperu.com/images/productos/176584797486261882113850.jpg | https://euchelperu.com/images/productos/176591109141726185421156.jpg | https://euchelperu.com/images/productos/17659111765934284068746.jpg | https://euchelperu.com/images/productos/176591130906279754993894.jpg | https://euchelperu.com/images/productos/176771847164747701232665.jpg | https://euchelperu.com/images/productos/176771853213990220021490.jpg | https://euchelperu.com/images/productos/177412337653153863385375.jpg
662,TOP MIRI BOBOS,Tops,2380,Amarillo,2843,Standar,49.0,49.0,,,https://euchelperu.com/images/productos/176771853213990220021490.jpg | https://euchelperu.com/images/productos/176584797486261882113850.jpg | https://euchelperu.com/images/productos/176591109141726185421156.jpg | https://euchelperu.com/images/productos/17659111765934284068746.jpg | https://euchelperu.com/images/productos/176591130906279754993894.jpg | https://euchelperu.com/images/productos/176771847164747701232665.jpg | https://euchelperu.com/images/productos/176771858043497709537051.jpg | https://euchelperu.com/images/productos/177412337653153863385375.jpg
662,TOP MIRI BOBOS,Tops,2381,Negro,2844,Standar,49.0,49.0,,,https://euchelperu.com/images/productos/176771847164747701232665.jpg | https://euchelperu.com/images/productos/176584797486261882113850.jpg | https://euchelperu.com/images/productos/176591109141726185421156.jpg | https://euchelperu.com/images/productos/17659111765934284068746.jpg | https://euchelperu.com/images/productos/176591130906279754993894.jpg | https://euchelperu.com/images/productos/176771853213990220021490.jpg | https://euchelperu.com/images/productos/176771858043497709537051.jpg | https://euchelperu.com/images/productos/177412337653153863385375.jpg
662,TOP MIRI BOBOS,Tops,3102,Marrón,,,,49.0,,,https://euchelperu.com/images/productos/177412337653153863385375.jpg | https://euchelperu.com/images/productos/176584797486261882113850.jpg | https://euchelperu.com/images/productos/176591109141726185421156.jpg | https://euchelperu.com/images/productos/17659111765934284068746.jpg | https://euchelperu.com/images/productos/176591130906279754993894.jpg | https://euchelperu.com/images/productos/176771847164747701232665.jpg | https://euchelperu.com/images/productos/176771853213990220021490.jpg | https://euchelperu.com/images/productos/176771858043497709537051.jpg
665,Top Jane,Tops,2116,Marrón,2457,Standar,49.0,49.0,,,https://euchelperu.com/images/productos/17659136356714656097316.jpg | https://euchelperu.com/images/productos/17659137608795298760469.jpg | https://euchelperu.com/images/productos/176591378993846127920054.jpg | https://euchelperu.com/images/productos/17659138078293498350158.jpg
665,Top Jane,Tops,2117,Blanco,2459,Standar,49.0,49.0,,,https://euchelperu.com/images/productos/17659137608795298760469.jpg | https://euchelperu.com/images/productos/17659136356714656097316.jpg | https://euchelperu.com/images/productos/176591378993846127920054.jpg | https://euchelperu.com/images/productos/17659138078293498350158.jpg
665,Top Jane,Tops,2118,Negro,2458,Standar,49.0,49.0,,,https://euchelperu.com/images/productos/176591378993846127920054.jpg | https://euchelperu.com/images/productos/17659136356714656097316.jpg | https://euchelperu.com/images/productos/17659137608795298760469.jpg | https://euchelperu.com/images/productos/17659138078293498350158.jpg
665,Top Jane,Tops,2119,Rojo,2460,Standar,49.0,49.0,,,https://euchelperu.com/images/productos/17659138078293498350158.jpg | https://euchelperu.com/images/productos/17659136356714656097316.jpg | https://euchelperu.com/images/productos/17659137608795298760469.jpg | https://euchelperu.com/images/productos/176591378993846127920054.jpg
666,Mini vestido plus corrugado,Vestidos,2122,Rojo,2461,Standar,59.0,59.0,,,https://euchelperu.com/images/productos/176591435207497641968067.jpg | https://euchelperu.com/images/productos/176591899478460358229203.jpg
666,Mini vestido plus corrugado,Vestidos,2128,Blanco,2467,Standar,59.0,59.0,,,https://euchelperu.com/images/productos/176591899478460358229203.jpg | https://euchelperu.com/images/productos/176591435207497641968067.jpg
667,Conjunto Emma,Vestidos,2123,Verde olivo,2462,Standar,85.0,85.0,,,https://euchelperu.com/images/productos/176591468608846883959917.jpg | https://euchelperu.com/images/productos/176592113733061913347786.jpg | https://euchelperu.com/images/productos/176592115271395977297313.jpg | https://euchelperu.com/images/productos/176592116766644435360495.jpg
667,Conjunto Emma,Vestidos,2131,Blanco,2470,Standar,85.0,85.0,,,https://euchelperu.com/images/productos/176592113733061913347786.jpg | https://euchelperu.com/images/productos/176591468608846883959917.jpg | https://euchelperu.com/images/productos/176592115271395977297313.jpg | https://euchelperu.com/images/productos/176592116766644435360495.jpg
667,Conjunto Emma,Vestidos,2132,Negro,2471,Standar,85.0,85.0,,,https://euchelperu.com/images/productos/176592115271395977297313.jpg | https://euchelperu.com/images/productos/176591468608846883959917.jpg | https://euchelperu.com/images/productos/176592113733061913347786.jpg | https://euchelperu.com/images/productos/176592116766644435360495.jpg
667,Conjunto Emma,Vestidos,2133,Beige,2472,Standar,85.0,85.0,,,https://euchelperu.com/images/productos/176592116766644435360495.jpg | https://euchelperu.com/images/productos/176591468608846883959917.jpg | https://euchelperu.com/images/productos/176592113733061913347786.jpg | https://euchelperu.com/images/productos/176592115271395977297313.jpg
669,Vestido Alejandra Encaje,Vestidos,2125,Rojo,2464,Standar,79.0,79.0,,,https://euchelperu.com/images/productos/17659158212170375741453.jpg | https://euchelperu.com/images/productos/17659182888840473287236.jpg
669,Vestido Alejandra Encaje,Vestidos,2126,Blanco,2465,Standar,79.0,79.0,,,https://euchelperu.com/images/productos/17659182888840473287236.jpg | https://euchelperu.com/images/productos/17659158212170375741453.jpg
670,SET LISA BRILLOS ARO,Set,2134,Vino,2473,Standar,79.0,79.0,,,https://euchelperu.com/images/productos/176600773595647666648266.jpg | https://euchelperu.com/images/productos/176601717459643341273832.png | https://euchelperu.com/images/productos/176601722598382254846744.png
670,SET LISA BRILLOS ARO,Set,2152,Blanco,2491,Standar,79.0,79.0,,,https://euchelperu.com/images/productos/176601717459643341273832.png | https://euchelperu.com/images/productos/176600773595647666648266.jpg | https://euchelperu.com/images/productos/176601722598382254846744.png
670,SET LISA BRILLOS ARO,Set,2153,Negro,2492,Standar,79.0,79.0,,,https://euchelperu.com/images/productos/176601722598382254846744.png | https://euchelperu.com/images/productos/176600773595647666648266.jpg | https://euchelperu.com/images/productos/176601717459643341273832.png
671,MINI VESTIDO TAMMY COPA,Vestidos,2135,Beige,2474,Standar,65.0,65.0,,,https://euchelperu.com/images/productos/17660080561264232047711.jpg
672,MINI VESTIDO LUA,Vestidos,2136,Azul,2475,Standar,59.0,59.0,,,https://euchelperu.com/images/productos/176600822066595128292924.jpg
677,MINI VESTIDO VENUS BROCHE,Vestidos,2141,Blanco,2480,Standar,59.0,59.0,,,https://euchelperu.com/images/productos/176601219012974350866048.jpg | https://euchelperu.com/images/productos/176601618991105384367780.png | https://euchelperu.com/images/productos/176601650829431820973244.png | https://euchelperu.com/images/productos/176601690112285377511759.png | https://euchelperu.com/images/productos/176601699632402861349343.png | https://euchelperu.com/images/productos/17668552652462631014362.png
677,MINI VESTIDO VENUS BROCHE,Vestidos,2148,Negro,2487,Standar,59.0,59.0,,,https://euchelperu.com/images/productos/176601618991105384367780.png | https://euchelperu.com/images/productos/176601219012974350866048.jpg | https://euchelperu.com/images/productos/176601650829431820973244.png | https://euchelperu.com/images/productos/176601690112285377511759.png | https://euchelperu.com/images/productos/176601699632402861349343.png | https://euchelperu.com/images/productos/17668552652462631014362.png
677,MINI VESTIDO VENUS BROCHE,Vestidos,2149,Rojo,2488,Standar,59.0,59.0,,,https://euchelperu.com/images/productos/176601650829431820973244.png | https://euchelperu.com/images/productos/176601219012974350866048.jpg | https://euchelperu.com/images/productos/176601618991105384367780.png | https://euchelperu.com/images/productos/176601690112285377511759.png | https://euchelperu.com/images/productos/176601699632402861349343.png | https://euchelperu.com/images/productos/17668552652462631014362.png
677,MINI VESTIDO VENUS BROCHE,Vestidos,2150,Vino,2489,Standar,59.0,59.0,,,https://euchelperu.com/images/productos/176601690112285377511759.png | https://euchelperu.com/images/productos/176601219012974350866048.jpg | https://euchelperu.com/images/productos/176601618991105384367780.png | https://euchelperu.com/images/productos/176601650829431820973244.png | https://euchelperu.com/images/productos/176601699632402861349343.png | https://euchelperu.com/images/productos/17668552652462631014362.png
677,MINI VESTIDO VENUS BROCHE,Vestidos,2151,Marrón,2490,Standar,59.0,59.0,,,https://euchelperu.com/images/productos/176601699632402861349343.png | https://euchelperu.com/images/productos/176601219012974350866048.jpg | https://euchelperu.com/images/productos/176601618991105384367780.png | https://euchelperu.com/images/productos/176601650829431820973244.png | https://euchelperu.com/images/productos/176601690112285377511759.png | https://euchelperu.com/images/productos/17668552652462631014362.png
677,MINI VESTIDO VENUS BROCHE,Vestidos,2290,Chocolate,2689,Standar,59.0,59.0,,,https://euchelperu.com/images/productos/17668552652462631014362.png | https://euchelperu.com/images/productos/176601219012974350866048.jpg | https://euchelperu.com/images/productos/176601618991105384367780.png | https://euchelperu.com/images/productos/176601650829431820973244.png | https://euchelperu.com/images/productos/176601690112285377511759.png | https://euchelperu.com/images/productos/176601699632402861349343.png
678,Bikini Emily,BIKINIS,2160,Blanco,2499,XS,110.0,110.0,,,https://euchelperu.com/images/productos/176624636831216173585580.jpg | https://euchelperu.com/images/productos/17662464070773480073445.jpg | https://euchelperu.com/images/productos/176624641482591954378746.jpg
678,Bikini Emily,BIKINIS,2160,Blanco,2500,S,110.0,110.0,,,https://euchelperu.com/images/productos/176624636831216173585580.jpg | https://euchelperu.com/images/productos/17662464070773480073445.jpg | https://euchelperu.com/images/productos/176624641482591954378746.jpg
678,Bikini Emily,BIKINIS,2160,Blanco,2501,M,110.0,110.0,,,https://euchelperu.com/images/productos/176624636831216173585580.jpg | https://euchelperu.com/images/productos/17662464070773480073445.jpg | https://euchelperu.com/images/productos/176624641482591954378746.jpg
678,Bikini Emily,BIKINIS,2160,Blanco,2502,L,110.0,110.0,,,https://euchelperu.com/images/productos/176624636831216173585580.jpg | https://euchelperu.com/images/productos/17662464070773480073445.jpg | https://euchelperu.com/images/productos/176624641482591954378746.jpg
679,Bikini Janet,BIKINIS,2161,Amarillo,2503,XS,110.0,110.0,,,https://euchelperu.com/images/productos/17662472540610988647391.jpg | https://euchelperu.com/images/productos/176624726331537359685714.jpg
679,Bikini Janet,BIKINIS,2161,Amarillo,2504,S,110.0,110.0,,,https://euchelperu.com/images/productos/17662472540610988647391.jpg | https://euchelperu.com/images/productos/176624726331537359685714.jpg
679,Bikini Janet,BIKINIS,2161,Amarillo,2505,M,110.0,110.0,,,https://euchelperu.com/images/productos/17662472540610988647391.jpg | https://euchelperu.com/images/productos/176624726331537359685714.jpg
679,Bikini Janet,BIKINIS,2161,Amarillo,2506,L,110.0,110.0,,,https://euchelperu.com/images/productos/17662472540610988647391.jpg | https://euchelperu.com/images/productos/176624726331537359685714.jpg
680,Bikini 99,BIKINIS,2162,Azul,2507,XS,99.0,99.0,,,https://euchelperu.com/images/productos/176624754098155961717760.jpg | https://euchelperu.com/images/productos/176624756181888331552304.jpg
680,Bikini 99,BIKINIS,2162,Azul,2508,S,99.0,99.0,,,https://euchelperu.com/images/productos/176624754098155961717760.jpg | https://euchelperu.com/images/productos/176624756181888331552304.jpg
680,Bikini 99,BIKINIS,2162,Azul,2509,M,99.0,99.0,,,https://euchelperu.com/images/productos/176624754098155961717760.jpg | https://euchelperu.com/images/productos/176624756181888331552304.jpg
680,Bikini 99,BIKINIS,2162,Azul,2510,L,99.0,99.0,,,https://euchelperu.com/images/productos/176624754098155961717760.jpg | https://euchelperu.com/images/productos/176624756181888331552304.jpg
681,Bikini Chyna,BIKINIS,2163,Celeste,2511,XS,110.0,110.0,,,https://euchelperu.com/images/productos/176624811516361760555441.jpg
681,Bikini Chyna,BIKINIS,2163,Celeste,2512,S,110.0,110.0,,,https://euchelperu.com/images/productos/176624811516361760555441.jpg
681,Bikini Chyna,BIKINIS,2163,Celeste,2513,M,110.0,110.0,,,https://euchelperu.com/images/productos/176624811516361760555441.jpg
681,Bikini Chyna,BIKINIS,2163,Celeste,2514,L,110.0,110.0,,,https://euchelperu.com/images/productos/176624811516361760555441.jpg
682,Bikini Lexie,BIKINIS,2164,Negro,2515,XS,99.0,99.0,,,https://euchelperu.com/images/productos/176624824515349824616531.jpg
682,Bikini Lexie,BIKINIS,2164,Negro,2516,S,99.0,99.0,,,https://euchelperu.com/images/productos/176624824515349824616531.jpg
682,Bikini Lexie,BIKINIS,2164,Negro,2517,M,99.0,99.0,,,https://euchelperu.com/images/productos/176624824515349824616531.jpg
682,Bikini Lexie,BIKINIS,2164,Negro,2518,L,99.0,99.0,,,https://euchelperu.com/images/productos/176624824515349824616531.jpg
683,Bikini Amelia,BIKINIS,2165,Negro,2519,XS,99.0,99.0,,,https://euchelperu.com/images/productos/176624869423906551046699.jpg
683,Bikini Amelia,BIKINIS,2165,Negro,2520,S,99.0,99.0,,,https://euchelperu.com/images/productos/176624869423906551046699.jpg
683,Bikini Amelia,BIKINIS,2165,Negro,2521,M,99.0,99.0,,,https://euchelperu.com/images/productos/176624869423906551046699.jpg
683,Bikini Amelia,BIKINIS,2165,Negro,2522,L,99.0,99.0,,,https://euchelperu.com/images/productos/176624869423906551046699.jpg
684,Bikini Maxxine,BIKINIS,2166,Negro,2523,XS,110.0,110.0,,,https://euchelperu.com/images/productos/176624938187087263421198.jpg
684,Bikini Maxxine,BIKINIS,2166,Negro,2524,S,110.0,110.0,,,https://euchelperu.com/images/productos/176624938187087263421198.jpg
684,Bikini Maxxine,BIKINIS,2166,Negro,2525,M,110.0,110.0,,,https://euchelperu.com/images/productos/176624938187087263421198.jpg
684,Bikini Maxxine,BIKINIS,2166,Negro,2526,L,110.0,110.0,,,https://euchelperu.com/images/productos/176624938187087263421198.jpg
685,Bikini Blake,BIKINIS,2167,Rojo,2527,XS,110.0,110.0,,,https://euchelperu.com/images/productos/176624992693943118788301.jpg | https://euchelperu.com/images/productos/176624995259519889211325.jpg
685,Bikini Blake,BIKINIS,2167,Rojo,2528,S,110.0,110.0,,,https://euchelperu.com/images/productos/176624992693943118788301.jpg | https://euchelperu.com/images/productos/176624995259519889211325.jpg
685,Bikini Blake,BIKINIS,2167,Rojo,2529,M,110.0,110.0,,,https://euchelperu.com/images/productos/176624992693943118788301.jpg | https://euchelperu.com/images/productos/176624995259519889211325.jpg
685,Bikini Blake,BIKINIS,2167,Rojo,2530,L,110.0,110.0,,,https://euchelperu.com/images/productos/176624992693943118788301.jpg | https://euchelperu.com/images/productos/176624995259519889211325.jpg
686,Bikini Lilly,BIKINIS,2168,Blanco,2531,XS,110.0,110.0,,,https://euchelperu.com/images/productos/17662503369576149812167.jpg | https://euchelperu.com/images/productos/176625035566265804915293.jpg | https://euchelperu.com/images/productos/17662503730445144880947.jpg
686,Bikini Lilly,BIKINIS,2168,Blanco,2532,S,110.0,110.0,,,https://euchelperu.com/images/productos/17662503369576149812167.jpg | https://euchelperu.com/images/productos/176625035566265804915293.jpg | https://euchelperu.com/images/productos/17662503730445144880947.jpg
686,Bikini Lilly,BIKINIS,2168,Blanco,2533,M,110.0,110.0,,,https://euchelperu.com/images/productos/17662503369576149812167.jpg | https://euchelperu.com/images/productos/176625035566265804915293.jpg | https://euchelperu.com/images/productos/17662503730445144880947.jpg
686,Bikini Lilly,BIKINIS,2168,Blanco,2534,L,110.0,110.0,,,https://euchelperu.com/images/productos/17662503369576149812167.jpg | https://euchelperu.com/images/productos/176625035566265804915293.jpg | https://euchelperu.com/images/productos/17662503730445144880947.jpg
687,Bikini April,BIKINIS,2169,Rosado,2535,XS,99.0,99.0,,,https://euchelperu.com/images/productos/176625168301178662235641.jpg
687,Bikini April,BIKINIS,2169,Rosado,2536,S,99.0,99.0,,,https://euchelperu.com/images/productos/176625168301178662235641.jpg
687,Bikini April,BIKINIS,2169,Rosado,2537,M,99.0,99.0,,,https://euchelperu.com/images/productos/176625168301178662235641.jpg
687,Bikini April,BIKINIS,2169,Rosado,2538,L,99.0,99.0,,,https://euchelperu.com/images/productos/176625168301178662235641.jpg
688,Bikini Kendra,BIKINIS,2170,Azul,2539,XS,110.0,110.0,,,https://euchelperu.com/images/productos/17662518405577081285889.jpg
688,Bikini Kendra,BIKINIS,2170,Azul,2540,S,110.0,110.0,,,https://euchelperu.com/images/productos/17662518405577081285889.jpg
688,Bikini Kendra,BIKINIS,2170,Azul,2541,M,110.0,110.0,,,https://euchelperu.com/images/productos/17662518405577081285889.jpg
688,Bikini Kendra,BIKINIS,2170,Azul,2542,L,110.0,110.0,,,https://euchelperu.com/images/productos/17662518405577081285889.jpg
689,Bikini Tracy,BIKINIS,2171,Verde Olivo,2543,XS,110.0,110.0,,,https://euchelperu.com/images/productos/1766252298599714485919.jpg | https://euchelperu.com/images/productos/176625230583566331468547.jpg | https://euchelperu.com/images/productos/176625232926280113692538.jpg
689,Bikini Tracy,BIKINIS,2171,Verde Olivo,2544,S,110.0,110.0,,,https://euchelperu.com/images/productos/1766252298599714485919.jpg | https://euchelperu.com/images/productos/176625230583566331468547.jpg | https://euchelperu.com/images/productos/176625232926280113692538.jpg
689,Bikini Tracy,BIKINIS,2171,Verde Olivo,2545,M,110.0,110.0,,,https://euchelperu.com/images/productos/1766252298599714485919.jpg | https://euchelperu.com/images/productos/176625230583566331468547.jpg | https://euchelperu.com/images/productos/176625232926280113692538.jpg
689,Bikini Tracy,BIKINIS,2171,Verde Olivo,2546,L,110.0,110.0,,,https://euchelperu.com/images/productos/1766252298599714485919.jpg | https://euchelperu.com/images/productos/176625230583566331468547.jpg | https://euchelperu.com/images/productos/176625232926280113692538.jpg
690,Bikini Addison,BIKINIS,2172,Negro c/ puntos,2547,XS,110.0,110.0,,,https://euchelperu.com/images/productos/176625286859266660847053.jpg
690,Bikini Addison,BIKINIS,2172,Negro c/ puntos,2548,S,110.0,110.0,,,https://euchelperu.com/images/productos/176625286859266660847053.jpg
690,Bikini Addison,BIKINIS,2172,Negro c/ puntos,2549,M,110.0,110.0,,,https://euchelperu.com/images/productos/176625286859266660847053.jpg
690,Bikini Addison,BIKINIS,2172,Negro c/ puntos,2550,L,110.0,110.0,,,https://euchelperu.com/images/productos/176625286859266660847053.jpg
691,Bikini Izzie,BIKINIS,2173,Morado,2551,XS,99.0,99.0,,,https://euchelperu.com/images/productos/176625311487236894311712.jpg
691,Bikini Izzie,BIKINIS,2173,Morado,2552,S,99.0,99.0,,,https://euchelperu.com/images/productos/176625311487236894311712.jpg
691,Bikini Izzie,BIKINIS,2173,Morado,2553,M,99.0,99.0,,,https://euchelperu.com/images/productos/176625311487236894311712.jpg
691,Bikini Izzie,BIKINIS,2173,Morado,2554,L,99.0,99.0,,,https://euchelperu.com/images/productos/176625311487236894311712.jpg
692,Bikini Cristina,BIKINIS,2174,Rojo,2555,XS,99.0,99.0,,,https://euchelperu.com/images/productos/176625556004194370615835.jpg | https://euchelperu.com/images/productos/176625556854533767328687.jpg | https://euchelperu.com/images/productos/176625559277738251446542.jpg | https://euchelperu.com/images/productos/176625559268902555293305.jpg
692,Bikini Cristina,BIKINIS,2174,Rojo,2556,S,99.0,99.0,,,https://euchelperu.com/images/productos/176625556004194370615835.jpg | https://euchelperu.com/images/productos/176625556854533767328687.jpg | https://euchelperu.com/images/productos/176625559277738251446542.jpg | https://euchelperu.com/images/productos/176625559268902555293305.jpg
692,Bikini Cristina,BIKINIS,2174,Rojo,2557,M,99.0,99.0,,,https://euchelperu.com/images/productos/176625556004194370615835.jpg | https://euchelperu.com/images/productos/176625556854533767328687.jpg | https://euchelperu.com/images/productos/176625559277738251446542.jpg | https://euchelperu.com/images/productos/176625559268902555293305.jpg
692,Bikini Cristina,BIKINIS,2174,Rojo,2558,L,99.0,99.0,,,https://euchelperu.com/images/productos/176625556004194370615835.jpg | https://euchelperu.com/images/productos/176625556854533767328687.jpg | https://euchelperu.com/images/productos/176625559277738251446542.jpg | https://euchelperu.com/images/productos/176625559268902555293305.jpg
693,Bikini Meredith,BIKINIS,2175,Verde Pistacho,2559,XS,99.0,99.0,,,https://euchelperu.com/images/productos/17662558964853985379206.jpg | https://euchelperu.com/images/productos/176625590606171420436519.jpg
693,Bikini Meredith,BIKINIS,2175,Verde Pistacho,2560,S,99.0,99.0,,,https://euchelperu.com/images/productos/17662558964853985379206.jpg | https://euchelperu.com/images/productos/176625590606171420436519.jpg
693,Bikini Meredith,BIKINIS,2175,Verde Pistacho,2561,M,99.0,99.0,,,https://euchelperu.com/images/productos/17662558964853985379206.jpg | https://euchelperu.com/images/productos/176625590606171420436519.jpg
693,Bikini Meredith,BIKINIS,2175,Verde Pistacho,2562,L,99.0,99.0,,,https://euchelperu.com/images/productos/17662558964853985379206.jpg | https://euchelperu.com/images/productos/176625590606171420436519.jpg
694,VESTIDO CARIBE FLOR,Vestidos,2176,NEGRO,2563,Standar,69.0,69.0,,,https://euchelperu.com/images/productos/17663541292504470752879.jpg
696,MINI VESTIDO KATH COPA,Vestidos,2180,Amarillo,2569,Standar,70.0,70.0,,,https://euchelperu.com/images/productos/176635762049380826359829.jpg
696,MINI VESTIDO KATH COPA,Vestidos,2181,Negro,2571,Standar,70.0,70.0,,,https://euchelperu.com/images/productos/176635762049380826359829.jpg
696,MINI VESTIDO KATH COPA,Vestidos,2182,Blanco,2572,Standar,70.0,70.0,,,https://euchelperu.com/images/productos/176635762049380826359829.jpg
697,VESTIDO CANDICE TORTUGA,Vestidos,2183,blanco,2573,Standar,85.0,85.0,,,https://euchelperu.com/images/productos/177335186225025799579768.jpg | https://euchelperu.com/images/productos/177335193265453473983868.jpg | https://euchelperu.com/images/productos/177335221693580502930495.jpg
697,VESTIDO CANDICE TORTUGA,Vestidos,2184,Amarillo,2574,Standar,85.0,85.0,,,https://euchelperu.com/images/productos/177335221693580502930495.jpg | https://euchelperu.com/images/productos/177335186225025799579768.jpg | https://euchelperu.com/images/productos/177335193265453473983868.jpg
697,VESTIDO CANDICE TORTUGA,Vestidos,3053,verde agua,3380,Standard,85.0,85.0,,,https://euchelperu.com/images/productos/177335193265453473983868.jpg | https://euchelperu.com/images/productos/177335186225025799579768.jpg | https://euchelperu.com/images/productos/177335221693580502930495.jpg
698,VESTIDO ISA BOBOS,Vestidos,2185,Negro,2575,Standar,79.0,79.0,,,https://euchelperu.com/images/productos/176636117074659111585140.jpg
698,VESTIDO ISA BOBOS,Vestidos,2186,Blanco,2576,Standar,79.0,79.0,,,https://euchelperu.com/images/productos/176636117074659111585140.jpg
700,SET GABRIELA CAPA,Set,2190,Negro,2580,Standar,89.0,89.0,,,https://euchelperu.com/images/productos/17682439602344741144680.png | https://euchelperu.com/images/productos/17682441944489899959652.png | https://euchelperu.com/images/productos/176824439876492930194059.png
700,SET GABRIELA CAPA,Set,2191,Vino,2581,Standar,89.0,89.0,,,https://euchelperu.com/images/productos/17682441944489899959652.png | https://euchelperu.com/images/productos/17682439602344741144680.png | https://euchelperu.com/images/productos/176824439876492930194059.png
700,SET GABRIELA CAPA,Set,2498,Amarillo,2912,Standard,89.0,89.0,,,https://euchelperu.com/images/productos/176824439876492930194059.png | https://euchelperu.com/images/productos/17682439602344741144680.png | https://euchelperu.com/images/productos/17682441944489899959652.png
701,SET IRINA SATIN,Set,2193,Vino,2583,Standar,110.0,110.0,,,https://euchelperu.com/images/productos/176636489368436607114093.jpg | https://euchelperu.com/images/productos/17733490228213438559645.jpg | https://euchelperu.com/images/productos/177334917824333919050004.jpg
701,SET IRINA SATIN,Set,2194,Negro,2584,Standar,110.0,110.0,,,https://euchelperu.com/images/productos/177334917824333919050004.jpg | https://euchelperu.com/images/productos/176636489368436607114093.jpg | https://euchelperu.com/images/productos/17733490228213438559645.jpg
701,SET IRINA SATIN,Set,2195,Blanco,2585,Standar,110.0,110.0,,,https://euchelperu.com/images/productos/17733490228213438559645.jpg | https://euchelperu.com/images/productos/176636489368436607114093.jpg | https://euchelperu.com/images/productos/177334917824333919050004.jpg
703,MINI VESTIDO GIOVANNA,Vestidos,2197,Blanco,2587,Standar,59.0,59.0,,,https://euchelperu.com/images/productos/176636682076177480593780.jpg
704,SET HILLARY ARO TUL,Set,2198,Blanco,2588,Standar,79.0,79.0,,,https://euchelperu.com/images/productos/1766367611222303318857.jpg
705,MAXI VESTIDO LISBETH ENCAJE,Vestidos,2199,Negro,2589,Standar,110.0,110.0,,,https://euchelperu.com/images/productos/176644161698920792422217.jpg
705,MAXI VESTIDO LISBETH ENCAJE,Vestidos,2200,Rojo,2590,Standar,110.0,110.0,,,https://euchelperu.com/images/productos/176644161698920792422217.jpg
705,MAXI VESTIDO LISBETH ENCAJE,Vestidos,2201,Blanco,2591,Standar,110.0,110.0,,,https://euchelperu.com/images/productos/176644161698920792422217.jpg
706,VESTIDO ANGELA LOMA,Vestidos,2202,Vino,2592,Standar,79.0,79.0,,,https://euchelperu.com/images/productos/176644295433502616098469.jpg | https://euchelperu.com/images/productos/176825570135563403674572.png
706,VESTIDO ANGELA LOMA,Vestidos,2203,Rojo,2593,Standar,79.0,79.0,,,https://euchelperu.com/images/productos/176644295433502616098469.jpg | https://euchelperu.com/images/productos/176825570135563403674572.png
706,VESTIDO ANGELA LOMA,Vestidos,2204,Camel,2594,Standar,79.0,79.0,,,https://euchelperu.com/images/productos/176825570135563403674572.png | https://euchelperu.com/images/productos/176644295433502616098469.jpg
706,VESTIDO ANGELA LOMA,Vestidos,2205,Negro,2595,Standar,79.0,79.0,,,https://euchelperu.com/images/productos/176644295433502616098469.jpg | https://euchelperu.com/images/productos/176825570135563403674572.png
708,MINI VESTIDO SABRINA,Vestidos,2211,Blanco,2601,Standar,55.0,55.0,,,https://euchelperu.com/images/productos/176644740742967280746973.jpg
709,SET FLAVIA LENTEJUELAS,Set,2212,Plateado,2602,Standar,79.0,79.0,,,https://euchelperu.com/images/productos/17664494703472261167958.jpg | https://euchelperu.com/images/productos/176824284538825563670815.png | https://euchelperu.com/images/productos/176824288527451318032591.png
709,SET FLAVIA LENTEJUELAS,Set,2493,Negro,2909,Standard,79.0,79.0,,,https://euchelperu.com/images/productos/176824284538825563670815.png | https://euchelperu.com/images/productos/17664494703472261167958.jpg | https://euchelperu.com/images/productos/176824288527451318032591.png
709,SET FLAVIA LENTEJUELAS,Set,2494,Beige,2910,Standard,79.0,79.0,,,https://euchelperu.com/images/productos/176824288527451318032591.png | https://euchelperu.com/images/productos/17664494703472261167958.jpg | https://euchelperu.com/images/productos/176824284538825563670815.png
710,TOP BROCHE CUELLO AMARRABLE,Tops,2213,Acero,2603,Standar,39.0,39.0,,,https://euchelperu.com/images/productos/176645177992047718029405.jpg
710,TOP BROCHE CUELLO AMARRABLE,Tops,2214,Blanco,2604,Standar,39.0,39.0,,,https://euchelperu.com/images/productos/176645177992047718029405.jpg
711,Corset Vanessa,Tops,2215,Marrón,2605,Standar,59.0,59.0,,,https://euchelperu.com/images/productos/176653628973214116020381.jpg | https://euchelperu.com/images/productos/176823618782711315358897.png | https://euchelperu.com/images/productos/176823641806972383450456.png | https://euchelperu.com/images/productos/176823644339205834185812.png
711,Corset Vanessa,Tops,2216,Blanco,2606,Standar,59.0,59.0,,,https://euchelperu.com/images/productos/176823641806972383450456.png | https://euchelperu.com/images/productos/176653628973214116020381.jpg | https://euchelperu.com/images/productos/176823618782711315358897.png | https://euchelperu.com/images/productos/176823644339205834185812.png
711,Corset Vanessa,Tops,2217,Vino,2607,Standar,59.0,59.0,,,https://euchelperu.com/images/productos/176653628973214116020381.jpg | https://euchelperu.com/images/productos/176823618782711315358897.png | https://euchelperu.com/images/productos/176823641806972383450456.png | https://euchelperu.com/images/productos/176823644339205834185812.png
711,Corset Vanessa,Tops,2218,Negro,2608,Standar,59.0,59.0,,,https://euchelperu.com/images/productos/176823644339205834185812.png | https://euchelperu.com/images/productos/176653628973214116020381.jpg | https://euchelperu.com/images/productos/176823618782711315358897.png | https://euchelperu.com/images/productos/176823641806972383450456.png
711,Corset Vanessa,Tops,2482,Amarillo,,,,59.0,,,https://euchelperu.com/images/productos/176823618782711315358897.png | https://euchelperu.com/images/productos/176653628973214116020381.jpg | https://euchelperu.com/images/productos/176823641806972383450456.png | https://euchelperu.com/images/productos/176823644339205834185812.png
712,Pantalon Extasis bolsillo,Pantalones,2219,Azul,2609,Standar,95.0,95.0,,,https://euchelperu.com/images/productos/176653661175714327585431.jpg
713,Pantalon Thiarys,Pantalones,2220,Azul,2610,Standar,95.0,95.0,,,https://euchelperu.com/images/productos/176653742616640188993564.jpg
714,Top Arely Encaje,Tops,2221,Marrón,2611,Standar,45.0,45.0,,,https://euchelperu.com/images/productos/176653799205992682480806.jpg | https://euchelperu.com/images/productos/176685459304482826427697.png | https://euchelperu.com/images/productos/176685495069747802139227.png
714,Top Arely Encaje,Tops,2288,Rojo,,,,45.0,,,https://euchelperu.com/images/productos/176685459304482826427697.png | https://euchelperu.com/images/productos/176653799205992682480806.jpg | https://euchelperu.com/images/productos/176685495069747802139227.png
714,Top Arely Encaje,Tops,2289,Acero,,,,45.0,,,https://euchelperu.com/images/productos/176685495069747802139227.png | https://euchelperu.com/images/productos/176653799205992682480806.jpg | https://euchelperu.com/images/productos/176685459304482826427697.png
717,Mini vestido shine jala pita,Vestidos,2497,Plateado,3381,Standard,59.0,59.0,,,https://euchelperu.com/images/productos/176824364778982292918957.png
718,Vestido Fiorella brillo,Vestidos,2226,Azul,2615,Standar,69.0,69.0,,,https://euchelperu.com/images/productos/176653902821924324525843.jpg
720,Top plus lazo,Tops,2228,Amarillo,2617,Standar,39.0,39.0,,,https://euchelperu.com/images/productos/17665392464618387108841.jpg | https://euchelperu.com/images/productos/177412215565517704519852.jpg | https://euchelperu.com/images/productos/177412249287433628299122.jpg | https://euchelperu.com/images/productos/177412264915351975747185.jpg | https://euchelperu.com/images/productos/17741227097597920530936.jpg | https://euchelperu.com/images/productos/177412285023023190410087.jpg
720,Top plus lazo,Tops,3095,negro,,,,39.0,,,https://euchelperu.com/images/productos/177412215565517704519852.jpg | https://euchelperu.com/images/productos/17665392464618387108841.jpg | https://euchelperu.com/images/productos/177412249287433628299122.jpg | https://euchelperu.com/images/productos/177412264915351975747185.jpg | https://euchelperu.com/images/productos/17741227097597920530936.jpg | https://euchelperu.com/images/productos/177412285023023190410087.jpg
720,Top plus lazo,Tops,3096,Celeste,,,,39.0,,,https://euchelperu.com/images/productos/177412249287433628299122.jpg | https://euchelperu.com/images/productos/17665392464618387108841.jpg | https://euchelperu.com/images/productos/177412215565517704519852.jpg | https://euchelperu.com/images/productos/177412264915351975747185.jpg | https://euchelperu.com/images/productos/17741227097597920530936.jpg | https://euchelperu.com/images/productos/177412285023023190410087.jpg
720,Top plus lazo,Tops,3097,Rosado pastel,,,,39.0,,,https://euchelperu.com/images/productos/177412264915351975747185.jpg | https://euchelperu.com/images/productos/17665392464618387108841.jpg | https://euchelperu.com/images/productos/177412215565517704519852.jpg | https://euchelperu.com/images/productos/177412249287433628299122.jpg | https://euchelperu.com/images/productos/17741227097597920530936.jpg | https://euchelperu.com/images/productos/177412285023023190410087.jpg
720,Top plus lazo,Tops,3098,Blanco,,,,39.0,,,https://euchelperu.com/images/productos/17741227097597920530936.jpg | https://euchelperu.com/images/productos/17665392464618387108841.jpg | https://euchelperu.com/images/productos/177412215565517704519852.jpg | https://euchelperu.com/images/productos/177412249287433628299122.jpg | https://euchelperu.com/images/productos/177412264915351975747185.jpg | https://euchelperu.com/images/productos/177412285023023190410087.jpg
720,Top plus lazo,Tops,3099,Verde esmeralda,,,,39.0,,,https://euchelperu.com/images/productos/177412285023023190410087.jpg | https://euchelperu.com/images/productos/17665392464618387108841.jpg | https://euchelperu.com/images/productos/177412215565517704519852.jpg | https://euchelperu.com/images/productos/177412249287433628299122.jpg | https://euchelperu.com/images/productos/177412264915351975747185.jpg | https://euchelperu.com/images/productos/17741227097597920530936.jpg
720,Top plus lazo,Tops,3100,Turquesa,,,,39.0,,,https://euchelperu.com/images/productos/17665392464618387108841.jpg | https://euchelperu.com/images/productos/177412215565517704519852.jpg | https://euchelperu.com/images/productos/177412249287433628299122.jpg | https://euchelperu.com/images/productos/177412264915351975747185.jpg | https://euchelperu.com/images/productos/17741227097597920530936.jpg | https://euchelperu.com/images/productos/177412285023023190410087.jpg
721,Top Brenda espalda,Tops,2229,Vino,2618,Standar,45.0,45.0,,,https://euchelperu.com/images/productos/176653938156132858056706.jpg | https://euchelperu.com/images/productos/17665400636797780233080.jpg | https://euchelperu.com/images/productos/17665409504136786149100.jpg | https://euchelperu.com/images/productos/176654099925536617253044.jpg | https://euchelperu.com/images/productos/176654105586049832076950.jpg | https://euchelperu.com/images/productos/176654113803999846672508.jpg | https://euchelperu.com/images/productos/176654118615772132199685.jpg
721,Top Brenda espalda,Tops,2241,Blanco,2630,Standar,45.0,45.0,,,https://euchelperu.com/images/productos/176654105586049832076950.jpg | https://euchelperu.com/images/productos/176653938156132858056706.jpg | https://euchelperu.com/images/productos/17665400636797780233080.jpg | https://euchelperu.com/images/productos/17665409504136786149100.jpg | https://euchelperu.com/images/productos/176654099925536617253044.jpg | https://euchelperu.com/images/productos/176654113803999846672508.jpg | https://euchelperu.com/images/productos/176654118615772132199685.jpg
721,Top Brenda espalda,Tops,2242,Marrón,2629,Standar,45.0,45.0,,,https://euchelperu.com/images/productos/176654099925536617253044.jpg | https://euchelperu.com/images/productos/176653938156132858056706.jpg | https://euchelperu.com/images/productos/17665400636797780233080.jpg | https://euchelperu.com/images/productos/17665409504136786149100.jpg | https://euchelperu.com/images/productos/176654105586049832076950.jpg | https://euchelperu.com/images/productos/176654113803999846672508.jpg | https://euchelperu.com/images/productos/176654118615772132199685.jpg
721,Top Brenda espalda,Tops,2243,Amarillo,2632,Standar,45.0,45.0,,,https://euchelperu.com/images/productos/176654118615772132199685.jpg | https://euchelperu.com/images/productos/176653938156132858056706.jpg | https://euchelperu.com/images/productos/17665400636797780233080.jpg | https://euchelperu.com/images/productos/17665409504136786149100.jpg | https://euchelperu.com/images/productos/176654099925536617253044.jpg | https://euchelperu.com/images/productos/176654105586049832076950.jpg | https://euchelperu.com/images/productos/176654113803999846672508.jpg
721,Top Brenda espalda,Tops,2244,Negro,2628,Standar,45.0,45.0,,,https://euchelperu.com/images/productos/17665409504136786149100.jpg | https://euchelperu.com/images/productos/176653938156132858056706.jpg | https://euchelperu.com/images/productos/17665400636797780233080.jpg | https://euchelperu.com/images/productos/176654099925536617253044.jpg | https://euchelperu.com/images/productos/176654105586049832076950.jpg | https://euchelperu.com/images/productos/176654113803999846672508.jpg | https://euchelperu.com/images/productos/176654118615772132199685.jpg
721,Top Brenda espalda,Tops,2245,Rojo,2631,Standar,45.0,45.0,,,https://euchelperu.com/images/productos/176654113803999846672508.jpg | https://euchelperu.com/images/productos/176653938156132858056706.jpg | https://euchelperu.com/images/productos/17665400636797780233080.jpg | https://euchelperu.com/images/productos/17665409504136786149100.jpg | https://euchelperu.com/images/productos/176654099925536617253044.jpg | https://euchelperu.com/images/productos/176654105586049832076950.jpg | https://euchelperu.com/images/productos/176654118615772132199685.jpg
723,Maxi vestido Liss brillo,Vestidos,2233,Plateado,2622,Standar,69.0,69.0,,,https://euchelperu.com/images/productos/176653987325902195585035.jpg
724,Top Larissa Shine,Tops,2234,Rosado,2623,Standar,49.0,49.0,,,https://euchelperu.com/images/productos/176653995689435559236435.jpg
724,Top Larissa Shine,Tops,2235,Negro,2836,Standar,49.0,49.0,,,https://euchelperu.com/images/productos/176653995689435559236435.jpg
724,Top Larissa Shine,Tops,2236,Celeste,2837,Standar,49.0,49.0,,,https://euchelperu.com/images/productos/176653995689435559236435.jpg
725,Corset Ursula Satin,Tops,2237,Negro,2624,Standar,79.0,79.0,,,https://euchelperu.com/images/productos/176654028311178987353960.jpg | https://euchelperu.com/images/productos/17665404530708550668628.jpg | https://euchelperu.com/images/productos/1766540526041209853463.jpg
725,Corset Ursula Satin,Tops,2238,Blanco,2625,Standar,79.0,79.0,,,https://euchelperu.com/images/productos/17665404530708550668628.jpg | https://euchelperu.com/images/productos/176654028311178987353960.jpg | https://euchelperu.com/images/productos/1766540526041209853463.jpg
725,Corset Ursula Satin,Tops,2239,Beige,2626,Standar,79.0,79.0,,,https://euchelperu.com/images/productos/1766540526041209853463.jpg | https://euchelperu.com/images/productos/176654028311178987353960.jpg | https://euchelperu.com/images/productos/17665404530708550668628.jpg
725,Corset Ursula Satin,Tops,3077,Dorado,,,,79.0,,,https://euchelperu.com/images/productos/176654028311178987353960.jpg | https://euchelperu.com/images/productos/17665404530708550668628.jpg | https://euchelperu.com/images/productos/1766540526041209853463.jpg
726,Top Estrella bobo,Tops,2240,Marron,2627,Standar,45.0,45.0,,,https://euchelperu.com/images/productos/176654060288669207159788.jpg | https://euchelperu.com/images/productos/177412320497778592493238.jpg
726,Top Estrella bobo,Tops,3101,Amarillo pastel,,,,45.0,,,https://euchelperu.com/images/productos/177412320497778592493238.jpg | https://euchelperu.com/images/productos/176654060288669207159788.jpg
728,TOP MELISSA,Tops,2252,Acero,2640,Standar,50.0,50.0,,,https://euchelperu.com/images/productos/17667736626185699739491.jpg | https://euchelperu.com/images/productos/17668526055827927784905.png | https://euchelperu.com/images/productos/176685270464140252022159.png | https://euchelperu.com/images/productos/17668528324814230714939.png | https://euchelperu.com/images/productos/176685292556196912837428.png | https://euchelperu.com/images/productos/176685319221045305419850.png
728,TOP MELISSA,Tops,2253,Negro,2641,Standar,50.0,50.0,,,https://euchelperu.com/images/productos/17668526055827927784905.png | https://euchelperu.com/images/productos/17667736626185699739491.jpg | https://euchelperu.com/images/productos/176685270464140252022159.png | https://euchelperu.com/images/productos/17668528324814230714939.png | https://euchelperu.com/images/productos/176685292556196912837428.png | https://euchelperu.com/images/productos/176685319221045305419850.png
728,TOP MELISSA,Tops,2254,Rosa palo,2642,Standar,50.0,50.0,,,https://euchelperu.com/images/productos/176685270464140252022159.png | https://euchelperu.com/images/productos/17667736626185699739491.jpg | https://euchelperu.com/images/productos/17668526055827927784905.png | https://euchelperu.com/images/productos/17668528324814230714939.png | https://euchelperu.com/images/productos/176685292556196912837428.png | https://euchelperu.com/images/productos/176685319221045305419850.png
728,TOP MELISSA,Tops,2255,Blanco,2643,Standar,50.0,50.0,,,https://euchelperu.com/images/productos/17668528324814230714939.png | https://euchelperu.com/images/productos/17667736626185699739491.jpg | https://euchelperu.com/images/productos/17668526055827927784905.png | https://euchelperu.com/images/productos/176685270464140252022159.png | https://euchelperu.com/images/productos/176685292556196912837428.png | https://euchelperu.com/images/productos/176685319221045305419850.png
728,TOP MELISSA,Tops,2256,Plateado,2644,Standar,50.0,50.0,,,https://euchelperu.com/images/productos/176685292556196912837428.png | https://euchelperu.com/images/productos/17667736626185699739491.jpg | https://euchelperu.com/images/productos/17668526055827927784905.png | https://euchelperu.com/images/productos/176685270464140252022159.png | https://euchelperu.com/images/productos/17668528324814230714939.png | https://euchelperu.com/images/productos/176685319221045305419850.png
728,TOP MELISSA,Tops,2257,Dorado,2645,Standar,50.0,50.0,,,https://euchelperu.com/images/productos/176685319221045305419850.png | https://euchelperu.com/images/productos/17667736626185699739491.jpg | https://euchelperu.com/images/productos/17668526055827927784905.png | https://euchelperu.com/images/productos/176685270464140252022159.png | https://euchelperu.com/images/productos/17668528324814230714939.png | https://euchelperu.com/images/productos/176685292556196912837428.png
730,VESTIDO MIA SASTRE,Vestidos,2258,Negro,2646,Standar,65.0,65.0,,,https://euchelperu.com/images/productos/176990150927898270980506.jpg | https://euchelperu.com/images/productos/176833770398277875554880.jpg | https://euchelperu.com/images/productos/17699014045175322441096.jpg | https://euchelperu.com/images/productos/176990144312124855085358.jpg
730,VESTIDO MIA SASTRE,Vestidos,2528,Celeste,2949,Standard,65.0,65.0,,,https://euchelperu.com/images/productos/176833770398277875554880.jpg | https://euchelperu.com/images/productos/17699014045175322441096.jpg | https://euchelperu.com/images/productos/176990144312124855085358.jpg | https://euchelperu.com/images/productos/176990150927898270980506.jpg
730,VESTIDO MIA SASTRE,Vestidos,2766,Marrón,,,,65.0,,,https://euchelperu.com/images/productos/176990144312124855085358.jpg | https://euchelperu.com/images/productos/176833770398277875554880.jpg | https://euchelperu.com/images/productos/17699014045175322441096.jpg | https://euchelperu.com/images/productos/176990150927898270980506.jpg
730,VESTIDO MIA SASTRE,Vestidos,2767,Blanco,,,,65.0,,,https://euchelperu.com/images/productos/17699014045175322441096.jpg | https://euchelperu.com/images/productos/176833770398277875554880.jpg | https://euchelperu.com/images/productos/176990144312124855085358.jpg | https://euchelperu.com/images/productos/176990150927898270980506.jpg
735,MINI VESTIDO TESSA COPA,Vestidos,2271,Plateado,2658,Standar,59.0,59.0,,,
736,PANTALON THAIRY PALAZZO,Pantalones,2274,UNICO,2661,28,95.0,95.0,,,https://euchelperu.com/images/productos/176679317186530831271569.jpg
736,PANTALON THAIRY PALAZZO,Pantalones,2274,UNICO,2662,30,95.0,95.0,,,https://euchelperu.com/images/productos/176679317186530831271569.jpg
736,PANTALON THAIRY PALAZZO,Pantalones,2274,UNICO,2663,32,95.0,95.0,,,https://euchelperu.com/images/productos/176679317186530831271569.jpg
736,PANTALON THAIRY PALAZZO,Pantalones,2274,UNICO,2664,34,95.0,95.0,,,https://euchelperu.com/images/productos/176679317186530831271569.jpg
737,PANTALON GIANELLA SASTRE,Pantalones,2275,Beige,2665,S,95.0,95.0,,,https://euchelperu.com/images/productos/17667942862492695410540.jpg | https://euchelperu.com/images/productos/176685139072057185790444.png | https://euchelperu.com/images/productos/17668514630771195702691.png
737,PANTALON GIANELLA SASTRE,Pantalones,2275,Beige,2666,M,95.0,95.0,,,https://euchelperu.com/images/productos/17667942862492695410540.jpg | https://euchelperu.com/images/productos/176685139072057185790444.png | https://euchelperu.com/images/productos/17668514630771195702691.png
737,PANTALON GIANELLA SASTRE,Pantalones,2276,Negro,2667,s,95.0,95.0,,,https://euchelperu.com/images/productos/176685139072057185790444.png | https://euchelperu.com/images/productos/17667942862492695410540.jpg | https://euchelperu.com/images/productos/17668514630771195702691.png
737,PANTALON GIANELLA SASTRE,Pantalones,2276,Negro,2668,M,95.0,95.0,,,https://euchelperu.com/images/productos/176685139072057185790444.png | https://euchelperu.com/images/productos/17667942862492695410540.jpg | https://euchelperu.com/images/productos/17668514630771195702691.png
737,PANTALON GIANELLA SASTRE,Pantalones,2277,Gris,2669,S,95.0,95.0,,,https://euchelperu.com/images/productos/17668514630771195702691.png | https://euchelperu.com/images/productos/17667942862492695410540.jpg | https://euchelperu.com/images/productos/176685139072057185790444.png
737,PANTALON GIANELLA SASTRE,Pantalones,2277,Gris,2670,M,95.0,95.0,,,https://euchelperu.com/images/productos/17668514630771195702691.png | https://euchelperu.com/images/productos/17667942862492695410540.jpg | https://euchelperu.com/images/productos/176685139072057185790444.png
738,TOP SANDRA,Tops,2278,Amarillo,2671,S,55.0,55.0,,,https://euchelperu.com/images/productos/176685104245779122245804.png | https://euchelperu.com/images/productos/176679758832170762947779.jpg | https://euchelperu.com/images/productos/17668511788640216141562.png
738,TOP SANDRA,Tops,2279,Vino,2672,S,55.0,55.0,,,https://euchelperu.com/images/productos/176679758832170762947779.jpg | https://euchelperu.com/images/productos/176685104245779122245804.png | https://euchelperu.com/images/productos/17668511788640216141562.png
738,TOP SANDRA,Tops,2279,Vino,2673,M,55.0,55.0,,,https://euchelperu.com/images/productos/176679758832170762947779.jpg | https://euchelperu.com/images/productos/176685104245779122245804.png | https://euchelperu.com/images/productos/17668511788640216141562.png
738,TOP SANDRA,Tops,2280,Azul Noche,2674,S,55.0,55.0,,,https://euchelperu.com/images/productos/17668511788640216141562.png | https://euchelperu.com/images/productos/176679758832170762947779.jpg | https://euchelperu.com/images/productos/176685104245779122245804.png
738,TOP SANDRA,Tops,2280,Azul Noche,2675,M,55.0,55.0,,,https://euchelperu.com/images/productos/17668511788640216141562.png | https://euchelperu.com/images/productos/176679758832170762947779.jpg | https://euchelperu.com/images/productos/176685104245779122245804.png
739,FALDA LENTEJUELA,Faldas,2281,Leopardo,2676,S,69.0,69.0,,,https://euchelperu.com/images/productos/176679796604691342544934.jpg
739,FALDA LENTEJUELA,Faldas,2281,Leopardo,2677,M,69.0,69.0,,,https://euchelperu.com/images/productos/176679796604691342544934.jpg
740,SHORT LENTEJUELA,Shorts,2282,Rojo,2678,S,60.0,60.0,,,https://euchelperu.com/images/productos/176679859356178230564645.jpg | https://euchelperu.com/images/productos/176679883552048588522726.jpg | https://euchelperu.com/images/productos/176685058713802643476805.png
740,SHORT LENTEJUELA,Shorts,2282,Rojo,2679,M,60.0,60.0,,,https://euchelperu.com/images/productos/176679859356178230564645.jpg | https://euchelperu.com/images/productos/176679883552048588522726.jpg | https://euchelperu.com/images/productos/176685058713802643476805.png
740,SHORT LENTEJUELA,Shorts,2283,Negro,2680,S,60.0,60.0,,,https://euchelperu.com/images/productos/176685058713802643476805.png | https://euchelperu.com/images/productos/176679859356178230564645.jpg | https://euchelperu.com/images/productos/176679883552048588522726.jpg
740,SHORT LENTEJUELA,Shorts,2283,Negro,2681,M,60.0,60.0,,,https://euchelperu.com/images/productos/176685058713802643476805.png | https://euchelperu.com/images/productos/176679859356178230564645.jpg | https://euchelperu.com/images/productos/176679883552048588522726.jpg
740,SHORT LENTEJUELA,Shorts,2284,Plateado,2682,S,60.0,60.0,,,https://euchelperu.com/images/productos/176679883552048588522726.jpg | https://euchelperu.com/images/productos/176679859356178230564645.jpg | https://euchelperu.com/images/productos/176685058713802643476805.png
740,SHORT LENTEJUELA,Shorts,2284,Plateado,2683,M,60.0,60.0,,,https://euchelperu.com/images/productos/176679883552048588522726.jpg | https://euchelperu.com/images/productos/176679859356178230564645.jpg | https://euchelperu.com/images/productos/176685058713802643476805.png
741,TOP TAMMY SATIN,Tops,2291,Rosado,2690,Standar,55.0,55.0,,,https://euchelperu.com/images/productos/176685678026691692190406.jpg | https://euchelperu.com/images/productos/176685701282577901144510.png | https://euchelperu.com/images/productos/176685712102681433366485.png | https://euchelperu.com/images/productos/176685720543034635950598.png | https://euchelperu.com/images/productos/176685726633396675924960.png | https://euchelperu.com/images/productos/176685785541598726975408.png | https://euchelperu.com/images/productos/176685794469665978782021.png
741,TOP TAMMY SATIN,Tops,2292,Celeste,2691,Standar,55.0,55.0,,,https://euchelperu.com/images/productos/176685701282577901144510.png | https://euchelperu.com/images/productos/176685678026691692190406.jpg | https://euchelperu.com/images/productos/176685712102681433366485.png | https://euchelperu.com/images/productos/176685720543034635950598.png | https://euchelperu.com/images/productos/176685726633396675924960.png | https://euchelperu.com/images/productos/176685785541598726975408.png | https://euchelperu.com/images/productos/176685794469665978782021.png
741,TOP TAMMY SATIN,Tops,2293,Blanco,2692,Standar,55.0,55.0,,,https://euchelperu.com/images/productos/176685712102681433366485.png | https://euchelperu.com/images/productos/176685678026691692190406.jpg | https://euchelperu.com/images/productos/176685701282577901144510.png | https://euchelperu.com/images/productos/176685720543034635950598.png | https://euchelperu.com/images/productos/176685726633396675924960.png | https://euchelperu.com/images/productos/176685785541598726975408.png | https://euchelperu.com/images/productos/176685794469665978782021.png
741,TOP TAMMY SATIN,Tops,2294,Beige,2693,Standar,55.0,55.0,,,https://euchelperu.com/images/productos/176685720543034635950598.png | https://euchelperu.com/images/productos/176685678026691692190406.jpg | https://euchelperu.com/images/productos/176685701282577901144510.png | https://euchelperu.com/images/productos/176685712102681433366485.png | https://euchelperu.com/images/productos/176685726633396675924960.png | https://euchelperu.com/images/productos/176685785541598726975408.png | https://euchelperu.com/images/productos/176685794469665978782021.png
741,TOP TAMMY SATIN,Tops,2295,Chocolate,2694,Standar,55.0,55.0,,,https://euchelperu.com/images/productos/176685726633396675924960.png | https://euchelperu.com/images/productos/176685678026691692190406.jpg | https://euchelperu.com/images/productos/176685701282577901144510.png | https://euchelperu.com/images/productos/176685712102681433366485.png | https://euchelperu.com/images/productos/176685720543034635950598.png | https://euchelperu.com/images/productos/176685785541598726975408.png | https://euchelperu.com/images/productos/176685794469665978782021.png
741,TOP TAMMY SATIN,Tops,2296,Vino,2695,Standar,55.0,55.0,,,https://euchelperu.com/images/productos/176685785541598726975408.png | https://euchelperu.com/images/productos/176685678026691692190406.jpg | https://euchelperu.com/images/productos/176685701282577901144510.png | https://euchelperu.com/images/productos/176685712102681433366485.png | https://euchelperu.com/images/productos/176685720543034635950598.png | https://euchelperu.com/images/productos/176685726633396675924960.png | https://euchelperu.com/images/productos/176685794469665978782021.png
741,TOP TAMMY SATIN,Tops,2297,Negro,2696,Standar,55.0,55.0,,,https://euchelperu.com/images/productos/176685794469665978782021.png | https://euchelperu.com/images/productos/176685678026691692190406.jpg | https://euchelperu.com/images/productos/176685701282577901144510.png | https://euchelperu.com/images/productos/176685712102681433366485.png | https://euchelperu.com/images/productos/176685720543034635950598.png | https://euchelperu.com/images/productos/176685726633396675924960.png | https://euchelperu.com/images/productos/176685785541598726975408.png
743,SHORT ULTRA CADERA PERCEPTION,Shorts,2302,Negro,2701,26,75.0,75.0,,,https://euchelperu.com/images/productos/176686190719652730913437.jpg | https://euchelperu.com/images/productos/17668619901319585942767.png
743,SHORT ULTRA CADERA PERCEPTION,Shorts,2302,Negro,2702,28,75.0,75.0,,,https://euchelperu.com/images/productos/176686190719652730913437.jpg | https://euchelperu.com/images/productos/17668619901319585942767.png
743,SHORT ULTRA CADERA PERCEPTION,Shorts,2302,Negro,2703,30,75.0,75.0,,,https://euchelperu.com/images/productos/176686190719652730913437.jpg | https://euchelperu.com/images/productos/17668619901319585942767.png
743,SHORT ULTRA CADERA PERCEPTION,Shorts,2302,Negro,2704,32,75.0,75.0,,,https://euchelperu.com/images/productos/176686190719652730913437.jpg | https://euchelperu.com/images/productos/17668619901319585942767.png
743,SHORT ULTRA CADERA PERCEPTION,Shorts,2302,Negro,2705,34,75.0,75.0,,,https://euchelperu.com/images/productos/176686190719652730913437.jpg | https://euchelperu.com/images/productos/17668619901319585942767.png
743,SHORT ULTRA CADERA PERCEPTION,Shorts,2303,Gris,2706,26,75.0,75.0,,,https://euchelperu.com/images/productos/17668619901319585942767.png | https://euchelperu.com/images/productos/176686190719652730913437.jpg
743,SHORT ULTRA CADERA PERCEPTION,Shorts,2303,Gris,2707,28,75.0,75.0,,,https://euchelperu.com/images/productos/17668619901319585942767.png | https://euchelperu.com/images/productos/176686190719652730913437.jpg
743,SHORT ULTRA CADERA PERCEPTION,Shorts,2303,Gris,2708,30,75.0,75.0,,,https://euchelperu.com/images/productos/17668619901319585942767.png | https://euchelperu.com/images/productos/176686190719652730913437.jpg
743,SHORT ULTRA CADERA PERCEPTION,Shorts,2303,Gris,2709,32,75.0,75.0,,,https://euchelperu.com/images/productos/17668619901319585942767.png | https://euchelperu.com/images/productos/176686190719652730913437.jpg
743,SHORT ULTRA CADERA PERCEPTION,Shorts,2303,Gris,2710,34,75.0,75.0,,,https://euchelperu.com/images/productos/17668619901319585942767.png | https://euchelperu.com/images/productos/176686190719652730913437.jpg
744,VESTIDO VALERI,Vestidos,2305,Rosa palo,2712,Standar,65.0,65.0,,,https://euchelperu.com/images/productos/17670452437602029567875.png | https://euchelperu.com/images/productos/176704528793796491848838.jpg | https://euchelperu.com/images/productos/176704562278887116237526.png
744,VESTIDO VALERI,Vestidos,2306,Anaranjado,2713,Standar,65.0,65.0,,,https://euchelperu.com/images/productos/176704528793796491848838.jpg | https://euchelperu.com/images/productos/17670452437602029567875.png | https://euchelperu.com/images/productos/176704562278887116237526.png
744,VESTIDO VALERI,Vestidos,2307,Verde,2714,Standar,65.0,65.0,,,https://euchelperu.com/images/productos/176704562278887116237526.png | https://euchelperu.com/images/productos/17670452437602029567875.png | https://euchelperu.com/images/productos/176704528793796491848838.jpg
745,PANTALON EXTASIS BOLSILLO,Pantalones,2308,UNICO,2715,28,95.0,95.0,,,https://euchelperu.com/images/productos/176704666713922465483731.jpg
745,PANTALON EXTASIS BOLSILLO,Pantalones,2308,UNICO,2716,30,95.0,95.0,,,https://euchelperu.com/images/productos/176704666713922465483731.jpg
745,PANTALON EXTASIS BOLSILLO,Pantalones,2308,UNICO,2717,32,95.0,95.0,,,https://euchelperu.com/images/productos/176704666713922465483731.jpg
745,PANTALON EXTASIS BOLSILLO,Pantalones,2308,UNICO,2718,34,95.0,95.0,,,https://euchelperu.com/images/productos/176704666713922465483731.jpg
746,SET ALEJANDRA,Set,2309,Negro,2719,Standar,89.0,89.0,,,https://euchelperu.com/images/productos/176704941971268331221994.jpg | https://euchelperu.com/images/productos/176774668132131109110606.png
746,SET ALEJANDRA,Set,2438,Celeste,2832,Standar,89.0,89.0,,,https://euchelperu.com/images/productos/176774668132131109110606.png | https://euchelperu.com/images/productos/176704941971268331221994.jpg
747,SET VANESSA LENTEJUELA,Set,2310,Dorado,2720,Standar,89.0,89.0,,,https://euchelperu.com/images/productos/176705212261961990872761.jpg
748,VESTIDO ZOE STRAPLESS:,Vestidos,2311,Marrón,2721,Standar,65.0,65.0,,,https://euchelperu.com/images/productos/17670524584322249204341.jpg | https://euchelperu.com/images/productos/176792138938688542129597.png
748,VESTIDO ZOE STRAPLESS:,Vestidos,2476,Amarillo,2895,Standar,65.0,65.0,,,https://euchelperu.com/images/productos/176792138938688542129597.png | https://euchelperu.com/images/productos/17670524584322249204341.jpg
748,VESTIDO ZOE STRAPLESS:,Vestidos,2477,Negro,2896,Standar,65.0,65.0,,,https://euchelperu.com/images/productos/17670524584322249204341.jpg | https://euchelperu.com/images/productos/176792138938688542129597.png
749,FALDA RAINBOW,Faldas,2312,AZULADO,2722,Standar,59.0,59.0,,,https://euchelperu.com/images/productos/176705259219450421721461.jpg
751,VESTIDO HILO BICO,Vestidos,2314,Negro,2724,Standar,75.0,75.0,,,https://euchelperu.com/images/productos/176705298368280536675059.jpg | https://euchelperu.com/images/productos/176851231485782552731365.png | https://euchelperu.com/images/productos/176851247654328643821226.png
751,VESTIDO HILO BICO,Vestidos,2580,Blanco,3002,Standard,75.0,75.0,,,https://euchelperu.com/images/productos/176851231485782552731365.png | https://euchelperu.com/images/productos/176705298368280536675059.jpg | https://euchelperu.com/images/productos/176851247654328643821226.png
751,VESTIDO HILO BICO,Vestidos,2581,Beige,3003,Standard,75.0,75.0,,,https://euchelperu.com/images/productos/176851247654328643821226.png | https://euchelperu.com/images/productos/176705298368280536675059.jpg | https://euchelperu.com/images/productos/176851231485782552731365.png
753,VESTIDO LOTTO LOMA,Vestidos,2316,Azul Noche,2726,Standar,75.0,75.0,,,https://euchelperu.com/images/productos/176705498288849675761866.jpg
755,SET KATHERINE,Set,2318,Amarillo,2728,Standar,120.0,120.0,,,https://euchelperu.com/images/productos/176705570566699923693150.jpg | https://euchelperu.com/images/productos/176792159839028184160201.png
755,SET KATHERINE,Set,2478,Negro,2897,Standar,120.0,120.0,,,https://euchelperu.com/images/productos/176792159839028184160201.png | https://euchelperu.com/images/productos/176705570566699923693150.jpg
756,SET LUCIANA,Set,2319,Verde Pistacho,2729,Standar,120.0,120.0,,,https://euchelperu.com/images/productos/176705633005324862683783.jpg | https://euchelperu.com/images/productos/176772920558885929615220.jpg | https://euchelperu.com/images/productos/17677292557638521680062.jpg | https://euchelperu.com/images/productos/176772928604852325052461.jpg | https://euchelperu.com/images/productos/176772933825524886012888.jpg
756,SET LUCIANA,Set,2412,Rojo,2828,Standar,120.0,120.0,,,https://euchelperu.com/images/productos/176772920558885929615220.jpg | https://euchelperu.com/images/productos/176705633005324862683783.jpg | https://euchelperu.com/images/productos/17677292557638521680062.jpg | https://euchelperu.com/images/productos/176772928604852325052461.jpg | https://euchelperu.com/images/productos/176772933825524886012888.jpg
756,SET LUCIANA,Set,2413,Negro,2829,Standar,120.0,120.0,,,https://euchelperu.com/images/productos/17677292557638521680062.jpg | https://euchelperu.com/images/productos/176705633005324862683783.jpg | https://euchelperu.com/images/productos/176772920558885929615220.jpg | https://euchelperu.com/images/productos/176772928604852325052461.jpg | https://euchelperu.com/images/productos/176772933825524886012888.jpg
756,SET LUCIANA,Set,2414,Marrón,2830,Standar,120.0,120.0,,,https://euchelperu.com/images/productos/176772928604852325052461.jpg | https://euchelperu.com/images/productos/176705633005324862683783.jpg | https://euchelperu.com/images/productos/176772920558885929615220.jpg | https://euchelperu.com/images/productos/17677292557638521680062.jpg | https://euchelperu.com/images/productos/176772933825524886012888.jpg
756,SET LUCIANA,Set,2415,Verde,2831,Standar,120.0,120.0,,,https://euchelperu.com/images/productos/176772933825524886012888.jpg | https://euchelperu.com/images/productos/176705633005324862683783.jpg | https://euchelperu.com/images/productos/176772920558885929615220.jpg | https://euchelperu.com/images/productos/17677292557638521680062.jpg | https://euchelperu.com/images/productos/176772928604852325052461.jpg
758,VESTIDO HALTER,Set,2321,Marrón,2731,Standar,65.0,65.0,,,https://euchelperu.com/images/productos/176705662854128175449661.jpg | https://euchelperu.com/images/productos/177170296616329839622327.jpg | https://euchelperu.com/images/productos/177437290784048780765944.png
758,VESTIDO HALTER,Set,2917,Marfil / Azul marino,3234,Standar,65.0,65.0,,,https://euchelperu.com/images/productos/177170296616329839622327.jpg | https://euchelperu.com/images/productos/176705662854128175449661.jpg | https://euchelperu.com/images/productos/177437290784048780765944.png
758,VESTIDO HALTER,Set,3135,Gris,3419,Standar,65.0,65.0,,,https://euchelperu.com/images/productos/177437290784048780765944.png | https://euchelperu.com/images/productos/176705662854128175449661.jpg | https://euchelperu.com/images/productos/177170296616329839622327.jpg
764,TOP ALONDRA HILO,Tops,2327,Amarillo Maíz,2737,Standar,39.0,39.0,,,https://euchelperu.com/images/productos/176705887316232397454630.jpg
767,VESTIDO STRAPLESS PRETINA,Vestidos,2800,vino,3278,standar,79.0,79.0,,,https://euchelperu.com/images/productos/176990032612617832033187.jpg | https://euchelperu.com/images/productos/176990035377841376894934.jpg | https://euchelperu.com/images/productos/177222095788454796658449.jpg | https://euchelperu.com/images/productos/177335160758301817553494.jpg
767,VESTIDO STRAPLESS PRETINA,Vestidos,2802,Negro,3280,standar,79.0,79.0,,,https://euchelperu.com/images/productos/176990035377841376894934.jpg | https://euchelperu.com/images/productos/176990032612617832033187.jpg | https://euchelperu.com/images/productos/177222095788454796658449.jpg | https://euchelperu.com/images/productos/177335160758301817553494.jpg
767,VESTIDO STRAPLESS PRETINA,Vestidos,2962,Blanco,3282,standar,79.0,79.0,,,https://euchelperu.com/images/productos/177222095788454796658449.jpg | https://euchelperu.com/images/productos/176990032612617832033187.jpg | https://euchelperu.com/images/productos/176990035377841376894934.jpg | https://euchelperu.com/images/productos/177335160758301817553494.jpg
767,VESTIDO STRAPLESS PRETINA,Vestidos,3052,verde olivo,3379,Standard,79.0,79.0,,,https://euchelperu.com/images/productos/177335160758301817553494.jpg | https://euchelperu.com/images/productos/176990032612617832033187.jpg | https://euchelperu.com/images/productos/176990035377841376894934.jpg | https://euchelperu.com/images/productos/177222095788454796658449.jpg
768,Vestido Rebecca,Vestidos,2331,Vino,2741,Standar,89.0,89.0,,,https://euchelperu.com/images/productos/176745958413522851823347.jpg | https://euchelperu.com/images/productos/176792086636050147649871.png | https://euchelperu.com/images/productos/176792092379312885547096.png
768,Vestido Rebecca,Vestidos,2474,Negro,2893,Standar,89.0,89.0,,,https://euchelperu.com/images/productos/176792092379312885547096.png | https://euchelperu.com/images/productos/176745958413522851823347.jpg | https://euchelperu.com/images/productos/176792086636050147649871.png
768,Vestido Rebecca,Vestidos,2475,Beige,2894,Standar,89.0,89.0,,,https://euchelperu.com/images/productos/176792086636050147649871.png | https://euchelperu.com/images/productos/176745958413522851823347.jpg | https://euchelperu.com/images/productos/176792092379312885547096.png
1102,SUPLEX FLARE PANTS,Pantalones,3344,Marrón,3708,Standar,55.0,55.0,,,https://euchelperu.com/images/productos/177698613645708641868302.jpg | https://euchelperu.com/images/productos/177716057328282314419462.jpg | https://euchelperu.com/images/productos/177716086695884936583026.jpg
1102,SUPLEX FLARE PANTS,Pantalones,3414,Negro,3748,Standar,55.0,55.0,,,https://euchelperu.com/images/productos/177716057328282314419462.jpg | https://euchelperu.com/images/productos/177698613645708641868302.jpg | https://euchelperu.com/images/productos/177716086695884936583026.jpg
1102,SUPLEX FLARE PANTS,Pantalones,3416,ROJO,3749,Standar,55.0,55.0,,,https://euchelperu.com/images/productos/177716086695884936583026.jpg | https://euchelperu.com/images/productos/177698613645708641868302.jpg | https://euchelperu.com/images/productos/177716057328282314419462.jpg
1367,TOP RAISA,Tops,3938,Gris,4210,Standard,45.0,45.0,,,https://euchelperu.com/images/productos/178960654289458579451213.jpg
